link,title,date,transcript_link,subtitles_link,mp4_links,514_mp4_truncated
https://www.bundestag.de/mediathek?videoid=7181549#url=L21lZGlhdGhla292ZXJsYXk=&mod=mod536668,"13. Dezember 2017 
5. Sitzung vom 13.12.2017 13. Dezember 2017",13.12.2017,https://dipbt.bundestag.de/dip21/btp/19/19005.pdf#P.327,,"['https://cldf-od.r53.cdn.tv1.eu/1000153copo/ondemand/app144277506/145293313/7181549/7181549_h264_1920_1080_5000kb_baseline_de_5000.mp4?fdl=1', 'https://cldf-od.r53.cdn.tv1.eu/1000153copo/ondemand/app144277506/145293313/7181549/7181549_h264_720_400_2000kb_baseline_de_2192.mp4?fdl=1', 'https://cldf-od.r53.cdn.tv1.eu/1000153copo/ondemand/app144277506/145293313/7181549/7181549_h264_512_288_514kb_baseline_de_514.mp4?fdl=1']",https://cldf-od.r53.cdn.tv1.eu/1000153copo/ondemand/app144277506/145293313/7181549/7181549_h264_512_288_514kb_baseline_de_514.mp4
https://www.bundestag.de/mediathek?videoid=7164714#url=L21lZGlhdGhla292ZXJsYXk=&mod=mod536668,"24. Oktober 2017 
1. Sitzung vom 24.10.2017 24. Oktober 2017",24.10.2017,https://dipbt.bundestag.de/dip21/btp/19/19001.pdf#P.1,,"['https://cldf-od.r53.cdn.tv1.eu/1000153copo/ondemand/app144277506/145293313/7164714/7164714_h264_1920_1080_5000kb_baseline_de_5000.mp4?fdl=1', 'https://cldf-od.r53.cdn.tv1.eu/1000153copo/ondemand/app144277506/145293313/7164714/7164714_h264_720_400_2000kb_baseline_de_2192.mp4?fdl=1', 'https://cldf-od.r53.cdn.tv1.eu/1000153copo/ondemand/app144277506/145293313/7164714/7164714_h264_512_288_514kb_baseline_de_514.mp4?fdl=1']",https://cldf-od.r53.cdn.tv1.eu/1000153copo/ondemand/app144277506/145293313/7164714/7164714_h264_512_288_514kb_baseline_de_514.mp4
https://www.bundestag.de/mediathek?videoid=7192582#url=L21lZGlhdGhla292ZXJsYXk=&mod=mod536668,"18. Januar 2018 
7. Sitzung vom 18.01.2018 18. Januar 2018",18.01.2018,https://dipbt.bundestag.de/dip21/btp/19/19007.pdf#P.507,,"['https://cldf-od.r53.cdn.tv1.eu/1000153copo/ondemand/app144277506/145293313/7192582/7192582_h264_1920_1080_5000kb_baseline_de_5000.mp4?fdl=1', 'https://cldf-od.r53.cdn.tv1.eu/1000153copo/ondemand/app144277506/145293313/7192582/7192582_h264_720_400_2000kb_baseline_de_2192.mp4?fdl=1', 'https://cldf-od.r53.cdn.tv1.eu/1000153copo/ondemand/app144277506/145293313/7192582/7192582_h264_512_288_514kb_baseline_de_514.mp4?fdl=1']",https://cldf-od.r53.cdn.tv1.eu/1000153copo/ondemand/app144277506/145293313/7192582/7192582_h264_512_288_514kb_baseline_de_514.mp4
https://www.bundestag.de/mediathek?videoid=7180602#url=L21lZGlhdGhla292ZXJsYXk=&mod=mod536668,"12. Dezember 2017 
4. Sitzung vom 12.12.2017 12. Dezember 2017",12.12.2017,https://dipbt.bundestag.de/dip21/btp/19/19004.pdf#P.205,,"['https://cldf-od.r53.cdn.tv1.eu/1000153copo/ondemand/app144277506/145293313/7180602/7180602_h264_1920_1080_5000kb_baseline_de_5000.mp4?fdl=1', 'https://cldf-od.r53.cdn.tv1.eu/1000153copo/ondemand/app144277506/145293313/7180602/7180602_h264_720_400_2000kb_baseline_de_2192.mp4?fdl=1', 'https://cldf-od.r53.cdn.tv1.eu/1000153copo/ondemand/app144277506/145293313/7180602/7180602_h264_512_288_514kb_baseline_de_514.mp4?fdl=1']",https://cldf-od.r53.cdn.tv1.eu/1000153copo/ondemand/app144277506/145293313/7180602/7180602_h264_512_288_514kb_baseline_de_514.mp4
https://www.bundestag.de/mediathek?videoid=7148452#url=L21lZGlhdGhla292ZXJsYXk=&mod=mod536668,"5. September 2017 
245. Sitzung vom 05.09.2017 5. September 2017",05.09.2017,https://dipbt.bundestag.de/dip21/btp/18/18245.pdf#P.25255,,"['https://cldf-od.r53.cdn.tv1.eu/1000153copo/ondemand/app144277506/145293313/7148452/7148452_h264_1920_1080_5000kb_baseline_de_5000.mp4?fdl=1', 'https://cldf-od.r53.cdn.tv1.eu/1000153copo/ondemand/app144277506/145293313/7148452/7148452_h264_720_400_2000kb_baseline_de_2192.mp4?fdl=1', 'https://cldf-od.r53.cdn.tv1.eu/1000153copo/ondemand/app144277506/145293313/7148452/7148452_h264_512_288_514kb_baseline_de_514.mp4?fdl=1']",https://cldf-od.r53.cdn.tv1.eu/1000153copo/ondemand/app144277506/145293313/7148452/7148452_h264_512_288_514kb_baseline_de_514.mp4
https://www.bundestag.de/mediathek?videoid=7125764#url=L21lZGlhdGhla292ZXJsYXk=&mod=mod536668,"30. Juni 2017 
244. Sitzung vom 30.06.2017 30. Juni 2017",30.06.2017,https://dipbt.bundestag.de/dip21/btp/18/18244.pdf#P.25105,,"['https://cldf-od.r53.cdn.tv1.eu/1000153copo/ondemand/app144277506/145293313/7125764/7125764_h264_1920_1080_5000kb_baseline_de_5000.mp4?fdl=1', 'https://cldf-od.r53.cdn.tv1.eu/1000153copo/ondemand/app144277506/145293313/7125764/7125764_h264_720_400_2000kb_baseline_de_2192.mp4?fdl=1', 'https://cldf-od.r53.cdn.tv1.eu/1000153copo/ondemand/app144277506/145293313/7125764/7125764_h264_512_288_514kb_baseline_de_514.mp4?fdl=1']",https://cldf-od.r53.cdn.tv1.eu/1000153copo/ondemand/app144277506/145293313/7125764/7125764_h264_512_288_514kb_baseline_de_514.mp4
https://www.bundestag.de/mediathek?videoid=7121995#url=L21lZGlhdGhla292ZXJsYXk=&mod=mod536668,"22. Juni 2017 
240. Sitzung vom 22.06.2017 22. Juni 2017",22.06.2017,https://dipbt.bundestag.de/dip21/btp/18/18240.pdf#P.24479,,"['https://cldf-od.r53.cdn.tv1.eu/1000153copo/ondemand/app144277506/145293313/7121995/7121995_h264_1920_1080_5000kb_baseline_de_5000.mp4?fdl=1', 'https://cldf-od.r53.cdn.tv1.eu/1000153copo/ondemand/app144277506/145293313/7121995/7121995_h264_720_400_2000kb_baseline_de_2192.mp4?fdl=1', 'https://cldf-od.r53.cdn.tv1.eu/1000153copo/ondemand/app144277506/145293313/7121995/7121995_h264_512_288_514kb_baseline_de_514.mp4?fdl=1']",https://cldf-od.r53.cdn.tv1.eu/1000153copo/ondemand/app144277506/145293313/7121995/7121995_h264_512_288_514kb_baseline_de_514.mp4
https://www.bundestag.de/mediathek?videoid=7114439#url=L21lZGlhdGhla292ZXJsYXk=&mod=mod536668,"31. Mai 2017 
236. Sitzung vom 31.05.2017 31. Mai 2017",31.05.2017,https://dipbt.bundestag.de/dip21/btp/18/18236.pdf#P.23903,,"['https://cldf-od.r53.cdn.tv1.eu/1000153copo/ondemand/app144277506/145293313/7114439/7114439_h264_1920_1080_5000kb_baseline_de_5000.mp4?fdl=1', 'https://cldf-od.r53.cdn.tv1.eu/1000153copo/ondemand/app144277506/145293313/7114439/7114439_h264_720_400_2000kb_baseline_de_2192.mp4?fdl=1', 'https://cldf-od.r53.cdn.tv1.eu/1000153copo/ondemand/app144277506/145293313/7114439/7114439_h264_512_288_514kb_baseline_de_514.mp4?fdl=1']",https://cldf-od.r53.cdn.tv1.eu/1000153copo/ondemand/app144277506/145293313/7114439/7114439_h264_512_288_514kb_baseline_de_514.mp4
https://www.bundestag.de/mediathek?videoid=7124932#url=L21lZGlhdGhla292ZXJsYXk=&mod=mod536668,"29. Juni 2017 
243. Sitzung vom 29.06.2017 29. Juni 2017",29.06.2017,https://dipbt.bundestag.de/dip21/btp/18/18243.pdf#P.24875,,"['https://cldf-od.r53.cdn.tv1.eu/1000153copo/ondemand/app144277506/145293313/7124932/7124932_h264_1920_1080_5000kb_baseline_de_5000.mp4?fdl=1', 'https://cldf-od.r53.cdn.tv1.eu/1000153copo/ondemand/app144277506/145293313/7124932/7124932_h264_720_400_2000kb_baseline_de_2192.mp4?fdl=1', 'https://cldf-od.r53.cdn.tv1.eu/1000153copo/ondemand/app144277506/145293313/7124932/7124932_h264_512_288_514kb_baseline_de_514.mp4?fdl=1']",https://cldf-od.r53.cdn.tv1.eu/1000153copo/ondemand/app144277506/145293313/7124932/7124932_h264_512_288_514kb_baseline_de_514.mp4
https://www.bundestag.de/mediathek?videoid=7121788#url=L21lZGlhdGhla292ZXJsYXk=&mod=mod536668,"21. Juni 2017 
239. Sitzung vom 21.06.2017 21. Juni 2017",21.06.2017,https://dipbt.bundestag.de/dip21/btp/18/18239.pdf#P.24387,,"['https://cldf-od.r53.cdn.tv1.eu/1000153copo/ondemand/app144277506/145293313/7121788/7121788_h264_1920_1080_5000kb_baseline_de_5000.mp4?fdl=1', 'https://cldf-od.r53.cdn.tv1.eu/1000153copo/ondemand/app144277506/145293313/7121788/7121788_h264_720_400_2000kb_baseline_de_2192.mp4?fdl=1', 'https://cldf-od.r53.cdn.tv1.eu/1000153copo/ondemand/app144277506/145293313/7121788/7121788_h264_512_288_514kb_baseline_de_514.mp4?fdl=1']",https://cldf-od.r53.cdn.tv1.eu/1000153copo/ondemand/app144277506/145293313/7121788/7121788_h264_512_288_514kb_baseline_de_514.mp4
https://www.bundestag.de/mediathek?videoid=7111253#url=L21lZGlhdGhla292ZXJsYXk=&mod=mod536668,"19. Mai 2017 
235. Sitzung vom 19.05.2017 19. Mai 2017",19.05.2017,https://dipbt.bundestag.de/dip21/btp/18/18235.pdf#P.23833,,"['https://cldf-od.r53.cdn.tv1.eu/1000153copo/ondemand/app144277506/145293313/7111253/7111253_h264_1920_1080_5000kb_baseline_de_5000.mp4?fdl=1', 'https://cldf-od.r53.cdn.tv1.eu/1000153copo/ondemand/app144277506/145293313/7111253/7111253_h264_720_400_2000kb_baseline_de_2192.mp4?fdl=1', 'https://cldf-od.r53.cdn.tv1.eu/1000153copo/ondemand/app144277506/145293313/7111253/7111253_h264_512_288_514kb_baseline_de_514.mp4?fdl=1']",https://cldf-od.r53.cdn.tv1.eu/1000153copo/ondemand/app144277506/145293313/7111253/7111253_h264_512_288_514kb_baseline_de_514.mp4
https://www.bundestag.de/mediathek?videoid=7124721#url=L21lZGlhdGhla292ZXJsYXk=&mod=mod536668,"28. Juni 2017 
242. Sitzung vom 28.06.2017 28. Juni 2017",28.06.2017,https://dipbt.bundestag.de/dip21/btp/18/18242.pdf#P.24785,,"['https://cldf-od.r53.cdn.tv1.eu/1000153copo/ondemand/app144277506/145293313/7124721/7124721_h264_1920_1080_5000kb_baseline_de_5000.mp4?fdl=1', 'https://cldf-od.r53.cdn.tv1.eu/1000153copo/ondemand/app144277506/145293313/7124721/7124721_h264_720_400_2000kb_baseline_de_2192.mp4?fdl=1', 'https://cldf-od.r53.cdn.tv1.eu/1000153copo/ondemand/app144277506/145293313/7124721/7124721_h264_512_288_514kb_baseline_de_514.mp4?fdl=1']",https://cldf-od.r53.cdn.tv1.eu/1000153copo/ondemand/app144277506/145293313/7124721/7124721_h264_512_288_514kb_baseline_de_514.mp4
https://www.bundestag.de/mediathek?videoid=7115376#url=L21lZGlhdGhla292ZXJsYXk=&mod=mod536668,"2. Juni 2017 
238. Sitzung vom 02.06.2017 2. Juni 2017",02.06.2017,https://dipbt.bundestag.de/dip21/btp/18/18238.pdf#P.24309,,"['https://cldf-od.r53.cdn.tv1.eu/1000153copo/ondemand/app144277506/145293313/7115376/7115376_h264_1920_1080_5000kb_baseline_de_5000.mp4?fdl=1', 'https://cldf-od.r53.cdn.tv1.eu/1000153copo/ondemand/app144277506/145293313/7115376/7115376_h264_720_400_2000kb_baseline_de_2192.mp4?fdl=1', 'https://cldf-od.r53.cdn.tv1.eu/1000153copo/ondemand/app144277506/145293313/7115376/7115376_h264_512_288_514kb_baseline_de_514.mp4?fdl=1']",https://cldf-od.r53.cdn.tv1.eu/1000153copo/ondemand/app144277506/145293313/7115376/7115376_h264_512_288_514kb_baseline_de_514.mp4
https://www.bundestag.de/mediathek?videoid=7110866#url=L21lZGlhdGhla292ZXJsYXk=&mod=mod536668,"18. Mai 2017 
234. Sitzung vom 18.05.2017 18. Mai 2017",18.05.2017,https://dipbt.bundestag.de/dip21/btp/18/18234.pdf#P.23585,,"['https://cldf-od.r53.cdn.tv1.eu/1000153copo/ondemand/app144277506/145293313/7110866/7110866_h264_1920_1080_5000kb_baseline_de_5000.mp4?fdl=1', 'https://cldf-od.r53.cdn.tv1.eu/1000153copo/ondemand/app144277506/145293313/7110866/7110866_h264_720_400_2000kb_baseline_de_2192.mp4?fdl=1', 'https://cldf-od.r53.cdn.tv1.eu/1000153copo/ondemand/app144277506/145293313/7110866/7110866_h264_512_288_514kb_baseline_de_514.mp4?fdl=1']",https://cldf-od.r53.cdn.tv1.eu/1000153copo/ondemand/app144277506/145293313/7110866/7110866_h264_512_288_514kb_baseline_de_514.mp4
https://www.bundestag.de/mediathek?videoid=7123021#url=L21lZGlhdGhla292ZXJsYXk=&mod=mod536668,"23. Juni 2017 
241. Sitzung vom 23.06.2017 23. Juni 2017",23.06.2017,https://dipbt.bundestag.de/dip21/btp/18/18241.pdf#P.24691,,"['https://cldf-od.r53.cdn.tv1.eu/1000153copo/ondemand/app144277506/145293313/7123021/7123021_h264_1920_1080_5000kb_baseline_de_5000.mp4?fdl=1', 'https://cldf-od.r53.cdn.tv1.eu/1000153copo/ondemand/app144277506/145293313/7123021/7123021_h264_720_400_2000kb_baseline_de_2192.mp4?fdl=1', 'https://cldf-od.r53.cdn.tv1.eu/1000153copo/ondemand/app144277506/145293313/7123021/7123021_h264_512_288_514kb_baseline_de_514.mp4?fdl=1']",https://cldf-od.r53.cdn.tv1.eu/1000153copo/ondemand/app144277506/145293313/7123021/7123021_h264_512_288_514kb_baseline_de_514.mp4
https://www.bundestag.de/mediathek?videoid=7114754#url=L21lZGlhdGhla292ZXJsYXk=&mod=mod536668,"1. Juni 2017 
237. Sitzung vom 01.06.2017 1. Juni 2017",01.06.2017,https://dipbt.bundestag.de/dip21/btp/18/18237.pdf#P.23971,,"['https://cldf-od.r53.cdn.tv1.eu/1000153copo/ondemand/app144277506/145293313/7114754/7114754_h264_1920_1080_5000kb_baseline_de_5000.mp4?fdl=1', 'https://cldf-od.r53.cdn.tv1.eu/1000153copo/ondemand/app144277506/145293313/7114754/7114754_h264_720_400_2000kb_baseline_de_2192.mp4?fdl=1', 'https://cldf-od.r53.cdn.tv1.eu/1000153copo/ondemand/app144277506/145293313/7114754/7114754_h264_512_288_514kb_baseline_de_514.mp4?fdl=1']",https://cldf-od.r53.cdn.tv1.eu/1000153copo/ondemand/app144277506/145293313/7114754/7114754_h264_512_288_514kb_baseline_de_514.mp4
https://www.bundestag.de/mediathek?videoid=7110142#url=L21lZGlhdGhla292ZXJsYXk=&mod=mod536668,"17. Mai 2017 
233. Sitzung vom 17.05.2017 17. Mai 2017",17.05.2017,https://dipbt.bundestag.de/dip21/btp/18/18233.pdf#P.23497,,"['https://cldf-od.r53.cdn.tv1.eu/1000153copo/ondemand/app144277506/145293313/7110142/7110142_h264_1920_1080_5000kb_baseline_de_5000.mp4?fdl=1', 'https://cldf-od.r53.cdn.tv1.eu/1000153copo/ondemand/app144277506/145293313/7110142/7110142_h264_720_400_2000kb_baseline_de_2192.mp4?fdl=1', 'https://cldf-od.r53.cdn.tv1.eu/1000153copo/ondemand/app144277506/145293313/7110142/7110142_h264_512_288_514kb_baseline_de_514.mp4?fdl=1']",https://cldf-od.r53.cdn.tv1.eu/1000153copo/ondemand/app144277506/145293313/7110142/7110142_h264_512_288_514kb_baseline_de_514.mp4
https://www.bundestag.de/mediathek?videoid=7103182#url=L21lZGlhdGhla292ZXJsYXk=&mod=mod536668,"28. April 2017 
232. Sitzung vom 28.04.2017 28. April 2017",28.04.2017,https://dipbt.bundestag.de/dip21/btp/18/18232.pdf#P.23421,,"['https://cldf-od.r53.cdn.tv1.eu/1000153copo/ondemand/app144277506/145293313/7103182/7103182_h264_1920_1080_5000kb_baseline_de_5000.mp4?fdl=1', 'https://cldf-od.r53.cdn.tv1.eu/1000153copo/ondemand/app144277506/145293313/7103182/7103182_h264_720_400_2000kb_baseline_de_2192.mp4?fdl=1', 'https://cldf-od.r53.cdn.tv1.eu/1000153copo/ondemand/app144277506/145293313/7103182/7103182_h264_512_288_514kb_baseline_de_514.mp4?fdl=1']",https://cldf-od.r53.cdn.tv1.eu/1000153copo/ondemand/app144277506/145293313/7103182/7103182_h264_512_288_514kb_baseline_de_514.mp4
https://www.bundestag.de/mediathek?videoid=7092650#url=L21lZGlhdGhla292ZXJsYXk=&mod=mod536668,"30. März 2017 
228. Sitzung vom 30.03.2017 30. März 2017",30.03.2017,https://dipbt.bundestag.de/dip21/btp/18/18228.pdf#P.22839,,"['https://cldf-od.r53.cdn.tv1.eu/1000153copo/ondemand/app144277506/145293313/7092650/7092650_h264_1920_1080_5000kb_baseline_de_5000.mp4?fdl=1', 'https://cldf-od.r53.cdn.tv1.eu/1000153copo/ondemand/app144277506/145293313/7092650/7092650_h264_720_400_2000kb_baseline_de_2192.mp4?fdl=1', 'https://cldf-od.r53.cdn.tv1.eu/1000153copo/ondemand/app144277506/145293313/7092650/7092650_h264_512_288_514kb_baseline_de_514.mp4?fdl=1']",https://cldf-od.r53.cdn.tv1.eu/1000153copo/ondemand/app144277506/145293313/7092650/7092650_h264_512_288_514kb_baseline_de_514.mp4
https://www.bundestag.de/mediathek?videoid=7089029#url=L21lZGlhdGhla292ZXJsYXk=&mod=mod536668,"22. März 2017 
224. Sitzung vom 22.03.2017 22. März 2017",22.03.2017,https://dipbt.bundestag.de/dip21/btp/18/18224.pdf#P.22445,,"['https://cldf-od.r53.cdn.tv1.eu/1000153copo/ondemand/app144277506/145293313/7089029/7089029_h264_1920_1080_5000kb_baseline_de_5000.mp4?fdl=1', 'https://cldf-od.r53.cdn.tv1.eu/1000153copo/ondemand/app144277506/145293313/7089029/7089029_h264_720_400_2000kb_baseline_de_2192.mp4?fdl=1', 'https://cldf-od.r53.cdn.tv1.eu/1000153copo/ondemand/app144277506/145293313/7089029/7089029_h264_512_288_514kb_baseline_de_514.mp4?fdl=1']",https://cldf-od.r53.cdn.tv1.eu/1000153copo/ondemand/app144277506/145293313/7089029/7089029_h264_512_288_514kb_baseline_de_514.mp4
https://www.bundestag.de/mediathek?videoid=7102658#url=L21lZGlhdGhla292ZXJsYXk=&mod=mod536668,"27. April 2017 
231. Sitzung vom 27.04.2017 27. April 2017",27.04.2017,https://dipbt.bundestag.de/dip21/btp/18/18231.pdf#P.23177,,"['https://cldf-od.r53.cdn.tv1.eu/1000153copo/ondemand/app144277506/145293313/7102658/7102658_h264_1920_1080_5000kb_baseline_de_5000.mp4?fdl=1', 'https://cldf-od.r53.cdn.tv1.eu/1000153copo/ondemand/app144277506/145293313/7102658/7102658_h264_720_400_2000kb_baseline_de_2192.mp4?fdl=1', 'https://cldf-od.r53.cdn.tv1.eu/1000153copo/ondemand/app144277506/145293313/7102658/7102658_h264_512_288_514kb_baseline_de_514.mp4?fdl=1']",https://cldf-od.r53.cdn.tv1.eu/1000153copo/ondemand/app144277506/145293313/7102658/7102658_h264_512_288_514kb_baseline_de_514.mp4
https://www.bundestag.de/mediathek?videoid=7092411#url=L21lZGlhdGhla292ZXJsYXk=&mod=mod536668,"29. März 2017 
227. Sitzung vom 29.03.2017 29. März 2017",29.03.2017,https://dipbt.bundestag.de/dip21/btp/18/18227.pdf#P.22797,,"['https://cldf-od.r53.cdn.tv1.eu/1000153copo/ondemand/app144277506/145293313/7092411/7092411_h264_1920_1080_5000kb_baseline_de_5000.mp4?fdl=1', 'https://cldf-od.r53.cdn.tv1.eu/1000153copo/ondemand/app144277506/145293313/7092411/7092411_h264_720_400_2000kb_baseline_de_2192.mp4?fdl=1', 'https://cldf-od.r53.cdn.tv1.eu/1000153copo/ondemand/app144277506/145293313/7092411/7092411_h264_512_288_514kb_baseline_de_514.mp4?fdl=1']",https://cldf-od.r53.cdn.tv1.eu/1000153copo/ondemand/app144277506/145293313/7092411/7092411_h264_512_288_514kb_baseline_de_514.mp4
https://www.bundestag.de/mediathek?videoid=7088971#url=L21lZGlhdGhla292ZXJsYXk=&mod=mod536668,"22. März 2017 
223. Sitzung vom 22.03.2017 22. März 2017",22.03.2017,https://dipbt.bundestag.de/dip21/btp/18/18223.pdf#P.22433,,"['https://cldf-od.r53.cdn.tv1.eu/1000153copo/ondemand/app144277506/145293313/7088971/7088971_h264_1920_1080_5000kb_baseline_de_5000.mp4?fdl=1', 'https://cldf-od.r53.cdn.tv1.eu/1000153copo/ondemand/app144277506/145293313/7088971/7088971_h264_720_400_2000kb_baseline_de_2192.mp4?fdl=1', 'https://cldf-od.r53.cdn.tv1.eu/1000153copo/ondemand/app144277506/145293313/7088971/7088971_h264_512_288_514kb_baseline_de_514.mp4?fdl=1']",https://cldf-od.r53.cdn.tv1.eu/1000153copo/ondemand/app144277506/145293313/7088971/7088971_h264_512_288_514kb_baseline_de_514.mp4
https://www.bundestag.de/mediathek?videoid=7102378#url=L21lZGlhdGhla292ZXJsYXk=&mod=mod536668,"26. April 2017 
230. Sitzung vom 26.04.2017 26. April 2017",26.04.2017,https://dipbt.bundestag.de/dip21/btp/18/18230.pdf#P.23137,,"['https://cldf-od.r53.cdn.tv1.eu/1000153copo/ondemand/app144277506/145293313/7102378/7102378_h264_1920_1080_5000kb_baseline_de_5000.mp4?fdl=1', 'https://cldf-od.r53.cdn.tv1.eu/1000153copo/ondemand/app144277506/145293313/7102378/7102378_h264_720_400_2000kb_baseline_de_2192.mp4?fdl=1', 'https://cldf-od.r53.cdn.tv1.eu/1000153copo/ondemand/app144277506/145293313/7102378/7102378_h264_512_288_514kb_baseline_de_514.mp4?fdl=1']",https://cldf-od.r53.cdn.tv1.eu/1000153copo/ondemand/app144277506/145293313/7102378/7102378_h264_512_288_514kb_baseline_de_514.mp4
https://www.bundestag.de/mediathek?videoid=7090019#url=L21lZGlhdGhla292ZXJsYXk=&mod=mod536668,"24. März 2017 
226. Sitzung vom 24.03.2017 24. März 2017",24.03.2017,https://dipbt.bundestag.de/dip21/btp/18/18226.pdf#P.22689,,"['https://cldf-od.r53.cdn.tv1.eu/1000153copo/ondemand/app144277506/145293313/7090019/7090019_h264_1920_1080_5000kb_baseline_de_5000.mp4?fdl=1', 'https://cldf-od.r53.cdn.tv1.eu/1000153copo/ondemand/app144277506/145293313/7090019/7090019_h264_720_400_2000kb_baseline_de_2192.mp4?fdl=1', 'https://cldf-od.r53.cdn.tv1.eu/1000153copo/ondemand/app144277506/145293313/7090019/7090019_h264_512_288_514kb_baseline_de_514.mp4?fdl=1']",https://cldf-od.r53.cdn.tv1.eu/1000153copo/ondemand/app144277506/145293313/7090019/7090019_h264_512_288_514kb_baseline_de_514.mp4
https://www.bundestag.de/mediathek?videoid=7083133#url=L21lZGlhdGhla292ZXJsYXk=&mod=mod536668,"10. März 2017 
222. Sitzung vom 10.03.2017 10. März 2017",10.03.2017,https://dipbt.bundestag.de/dip21/btp/18/18222.pdf#P.22367,,"['https://cldf-od.r53.cdn.tv1.eu/1000153copo/ondemand/app144277506/145293313/7083133/7083133_h264_1920_1080_5000kb_baseline_de_5000.mp4?fdl=1', 'https://cldf-od.r53.cdn.tv1.eu/1000153copo/ondemand/app144277506/145293313/7083133/7083133_h264_720_400_2000kb_baseline_de_2192.mp4?fdl=1', 'https://cldf-od.r53.cdn.tv1.eu/1000153copo/ondemand/app144277506/145293313/7083133/7083133_h264_512_288_514kb_baseline_de_514.mp4?fdl=1']",https://cldf-od.r53.cdn.tv1.eu/1000153copo/ondemand/app144277506/145293313/7083133/7083133_h264_512_288_514kb_baseline_de_514.mp4
https://www.bundestag.de/mediathek?videoid=7093355#url=L21lZGlhdGhla292ZXJsYXk=&mod=mod536668,"31. März 2017 
229. Sitzung vom 31.03.2017 31. März 2017",31.03.2017,https://dipbt.bundestag.de/dip21/btp/18/18229.pdf#P.23079,,"['https://cldf-od.r53.cdn.tv1.eu/1000153copo/ondemand/app144277506/145293313/7093355/7093355_h264_1920_1080_5000kb_baseline_de_5000.mp4?fdl=1', 'https://cldf-od.r53.cdn.tv1.eu/1000153copo/ondemand/app144277506/145293313/7093355/7093355_h264_720_400_2000kb_baseline_de_2192.mp4?fdl=1', 'https://cldf-od.r53.cdn.tv1.eu/1000153copo/ondemand/app144277506/145293313/7093355/7093355_h264_512_288_514kb_baseline_de_514.mp4?fdl=1']",https://cldf-od.r53.cdn.tv1.eu/1000153copo/ondemand/app144277506/145293313/7093355/7093355_h264_512_288_514kb_baseline_de_514.mp4
https://www.bundestag.de/mediathek?videoid=7089228#url=L21lZGlhdGhla292ZXJsYXk=&mod=mod536668,"23. März 2017 
225. Sitzung vom 23.03.2017 23. März 2017",23.03.2017,https://dipbt.bundestag.de/dip21/btp/18/18225.pdf#P.22485,,"['https://cldf-od.r53.cdn.tv1.eu/1000153copo/ondemand/app144277506/145293313/7089228/7089228_h264_1920_1080_5000kb_baseline_de_5000.mp4?fdl=1', 'https://cldf-od.r53.cdn.tv1.eu/1000153copo/ondemand/app144277506/145293313/7089228/7089228_h264_720_400_2000kb_baseline_de_2192.mp4?fdl=1', 'https://cldf-od.r53.cdn.tv1.eu/1000153copo/ondemand/app144277506/145293313/7089228/7089228_h264_512_288_514kb_baseline_de_514.mp4?fdl=1']",https://cldf-od.r53.cdn.tv1.eu/1000153copo/ondemand/app144277506/145293313/7089228/7089228_h264_512_288_514kb_baseline_de_514.mp4
https://www.bundestag.de/mediathek?videoid=7082494#url=L21lZGlhdGhla292ZXJsYXk=&mod=mod536668,"9. März 2017 
221. Sitzung vom 09.03.2017 9. März 2017",09.03.2017,https://dipbt.bundestag.de/dip21/btp/18/18221.pdf#P.22061,,"['https://cldf-od.r53.cdn.tv1.eu/1000153copo/ondemand/app144277506/145293313/7082494/7082494_h264_1920_1080_5000kb_baseline_de_5000.mp4?fdl=1', 'https://cldf-od.r53.cdn.tv1.eu/1000153copo/ondemand/app144277506/145293313/7082494/7082494_h264_720_400_2000kb_baseline_de_2192.mp4?fdl=1', 'https://cldf-od.r53.cdn.tv1.eu/1000153copo/ondemand/app144277506/145293313/7082494/7082494_h264_512_288_514kb_baseline_de_514.mp4?fdl=1']",https://cldf-od.r53.cdn.tv1.eu/1000153copo/ondemand/app144277506/145293313/7082494/7082494_h264_512_288_514kb_baseline_de_514.mp4
https://www.bundestag.de/mediathek?videoid=7082087#url=L21lZGlhdGhla292ZXJsYXk=&mod=mod536668,"8. März 2017 
220. Sitzung vom 08.03.2017 8. März 2017",08.03.2017,https://dipbt.bundestag.de/dip21/btp/18/18220.pdf#P.22009,,"['https://cldf-od.r53.cdn.tv1.eu/1000153copo/ondemand/app144277506/145293313/7082087/7082087_h264_1920_1080_5000kb_baseline_de_5000.mp4?fdl=1', 'https://cldf-od.r53.cdn.tv1.eu/1000153copo/ondemand/app144277506/145293313/7082087/7082087_h264_720_400_2000kb_baseline_de_2192.mp4?fdl=1', 'https://cldf-od.r53.cdn.tv1.eu/1000153copo/ondemand/app144277506/145293313/7082087/7082087_h264_512_288_514kb_baseline_de_514.mp4?fdl=1']",https://cldf-od.r53.cdn.tv1.eu/1000153copo/ondemand/app144277506/145293313/7082087/7082087_h264_512_288_514kb_baseline_de_514.mp4
https://www.bundestag.de/mediathek?videoid=7063513#url=L21lZGlhdGhla292ZXJsYXk=&mod=mod536668,"25. Januar 2017 
214. Sitzung vom 25.01.2017 25. Januar 2017",25.01.2017,https://dipbt.bundestag.de/dip21/btp/18/18214.pdf#P.21421,,"['https://cldf-od.r53.cdn.tv1.eu/1000153copo/ondemand/app144277506/145293313/7063513/7063513_h264_1920_1080_5000kb_baseline_de_5000.mp4?fdl=1', 'https://cldf-od.r53.cdn.tv1.eu/1000153copo/ondemand/app144277506/145293313/7063513/7063513_h264_720_400_2000kb_baseline_de_2192.mp4?fdl=1', 'https://cldf-od.r53.cdn.tv1.eu/1000153copo/ondemand/app144277506/145293313/7063513/7063513_h264_512_288_514kb_baseline_de_514.mp4?fdl=1']",https://cldf-od.r53.cdn.tv1.eu/1000153copo/ondemand/app144277506/145293313/7063513/7063513_h264_512_288_514kb_baseline_de_514.mp4
https://www.bundestag.de/mediathek?videoid=7074059#url=L21lZGlhdGhla292ZXJsYXk=&mod=mod536668,"17. Februar 2017 
219. Sitzung vom 17.02.2017 17. Februar 2017",17.02.2017,https://dipbt.bundestag.de/dip21/btp/18/18219.pdf#P.21937,,"['https://cldf-od.r53.cdn.tv1.eu/1000153copo/ondemand/app144277506/145293313/7074059/7074059_h264_1920_1080_5000kb_baseline_de_5000.mp4?fdl=1', 'https://cldf-od.r53.cdn.tv1.eu/1000153copo/ondemand/app144277506/145293313/7074059/7074059_h264_720_400_2000kb_baseline_de_2192.mp4?fdl=1', 'https://cldf-od.r53.cdn.tv1.eu/1000153copo/ondemand/app144277506/145293313/7074059/7074059_h264_512_288_514kb_baseline_de_514.mp4?fdl=1']",https://cldf-od.r53.cdn.tv1.eu/1000153copo/ondemand/app144277506/145293313/7074059/7074059_h264_512_288_514kb_baseline_de_514.mp4
https://www.bundestag.de/mediathek?videoid=7064751#url=L21lZGlhdGhla292ZXJsYXk=&mod=mod536668,"27. Januar 2017 
216. Sitzung vom 27.01.2017 27. Januar 2017",27.01.2017,https://dipbt.bundestag.de/dip21/btp/18/18216.pdf#P.21649,,"['https://cldf-od.r53.cdn.tv1.eu/1000153copo/ondemand/app144277506/145293313/7064751/7064751_h264_1920_1080_5000kb_baseline_de_5000.mp4?fdl=1', 'https://cldf-od.r53.cdn.tv1.eu/1000153copo/ondemand/app144277506/145293313/7064751/7064751_h264_720_400_2000kb_baseline_de_2192.mp4?fdl=1', 'https://cldf-od.r53.cdn.tv1.eu/1000153copo/ondemand/app144277506/145293313/7064751/7064751_h264_512_288_514kb_baseline_de_514.mp4?fdl=1']",https://cldf-od.r53.cdn.tv1.eu/1000153copo/ondemand/app144277506/145293313/7064751/7064751_h264_512_288_514kb_baseline_de_514.mp4
https://www.bundestag.de/mediathek?videoid=7061561#url=L21lZGlhdGhla292ZXJsYXk=&mod=mod536668,"20. Januar 2017 
213. Sitzung vom 20.01.2017 20. Januar 2017",20.01.2017,https://dipbt.bundestag.de/dip21/btp/18/18213.pdf#P.21347,,"['https://cldf-od.r53.cdn.tv1.eu/1000153copo/ondemand/app144277506/145293313/7061561/7061561_h264_1920_1080_5000kb_baseline_de_5000.mp4?fdl=1', 'https://cldf-od.r53.cdn.tv1.eu/1000153copo/ondemand/app144277506/145293313/7061561/7061561_h264_720_400_2000kb_baseline_de_2192.mp4?fdl=1', 'https://cldf-od.r53.cdn.tv1.eu/1000153copo/ondemand/app144277506/145293313/7061561/7061561_h264_512_288_514kb_baseline_de_514.mp4?fdl=1']",https://cldf-od.r53.cdn.tv1.eu/1000153copo/ondemand/app144277506/145293313/7061561/7061561_h264_512_288_514kb_baseline_de_514.mp4
https://www.bundestag.de/mediathek?videoid=7073421#url=L21lZGlhdGhla292ZXJsYXk=&mod=mod536668,"16. Februar 2017 
218. Sitzung vom 16.02.2017 16. Februar 2017",16.02.2017,https://dipbt.bundestag.de/dip21/btp/18/18218.pdf#P.21765,,"['https://cldf-od.r53.cdn.tv1.eu/1000153copo/ondemand/app144277506/145293313/7073421/7073421_h264_1920_1080_5000kb_baseline_de_5000.mp4?fdl=1', 'https://cldf-od.r53.cdn.tv1.eu/1000153copo/ondemand/app144277506/145293313/7073421/7073421_h264_720_400_2000kb_baseline_de_2192.mp4?fdl=1', 'https://cldf-od.r53.cdn.tv1.eu/1000153copo/ondemand/app144277506/145293313/7073421/7073421_h264_512_288_514kb_baseline_de_514.mp4?fdl=1']",https://cldf-od.r53.cdn.tv1.eu/1000153copo/ondemand/app144277506/145293313/7073421/7073421_h264_512_288_514kb_baseline_de_514.mp4
https://www.bundestag.de/mediathek?videoid=7060830#url=L21lZGlhdGhla292ZXJsYXk=&mod=mod536668,"19. Januar 2017 
212. Sitzung vom 19.01.2017 19. Januar 2017",19.01.2017,https://dipbt.bundestag.de/dip21/btp/18/18212.pdf#P.21191,,"['https://cldf-od.r53.cdn.tv1.eu/1000153copo/ondemand/app144277506/145293313/7060830/7060830_h264_1920_1080_5000kb_baseline_de_5000.mp4?fdl=1', 'https://cldf-od.r53.cdn.tv1.eu/1000153copo/ondemand/app144277506/145293313/7060830/7060830_h264_720_400_2000kb_baseline_de_2192.mp4?fdl=1', 'https://cldf-od.r53.cdn.tv1.eu/1000153copo/ondemand/app144277506/145293313/7060830/7060830_h264_512_288_514kb_baseline_de_514.mp4?fdl=1']",https://cldf-od.r53.cdn.tv1.eu/1000153copo/ondemand/app144277506/145293313/7060830/7060830_h264_512_288_514kb_baseline_de_514.mp4
https://www.bundestag.de/mediathek?videoid=7072958#url=L21lZGlhdGhla292ZXJsYXk=&mod=mod536668,"15. Februar 2017 
217. Sitzung vom 15.02.2017 15. Februar 2017",15.02.2017,https://dipbt.bundestag.de/dip21/btp/18/18217.pdf#P.21705,,"['https://cldf-od.r53.cdn.tv1.eu/1000153copo/ondemand/app144277506/145293313/7072958/7072958_h264_1920_1080_5000kb_baseline_de_5000.mp4?fdl=1', 'https://cldf-od.r53.cdn.tv1.eu/1000153copo/ondemand/app144277506/145293313/7072958/7072958_h264_720_400_2000kb_baseline_de_2192.mp4?fdl=1', 'https://cldf-od.r53.cdn.tv1.eu/1000153copo/ondemand/app144277506/145293313/7072958/7072958_h264_512_288_514kb_baseline_de_514.mp4?fdl=1']",https://cldf-od.r53.cdn.tv1.eu/1000153copo/ondemand/app144277506/145293313/7072958/7072958_h264_512_288_514kb_baseline_de_514.mp4
https://www.bundestag.de/mediathek?videoid=7063778#url=L21lZGlhdGhla292ZXJsYXk=&mod=mod536668,"26. Januar 2017 
215. Sitzung vom 26.01.2017 26. Januar 2017",26.01.2017,https://dipbt.bundestag.de/dip21/btp/18/18215.pdf#P.21459,,"['https://cldf-od.r53.cdn.tv1.eu/1000153copo/ondemand/app144277506/145293313/7063778/7063778_h264_1920_1080_5000kb_baseline_de_5000.mp4?fdl=1', 'https://cldf-od.r53.cdn.tv1.eu/1000153copo/ondemand/app144277506/145293313/7063778/7063778_h264_720_400_2000kb_baseline_de_2192.mp4?fdl=1', 'https://cldf-od.r53.cdn.tv1.eu/1000153copo/ondemand/app144277506/145293313/7063778/7063778_h264_512_288_514kb_baseline_de_514.mp4?fdl=1']",https://cldf-od.r53.cdn.tv1.eu/1000153copo/ondemand/app144277506/145293313/7063778/7063778_h264_512_288_514kb_baseline_de_514.mp4
https://www.bundestag.de/mediathek?videoid=7060249#url=L21lZGlhdGhla292ZXJsYXk=&mod=mod536668,"18. Januar 2017 
211. Sitzung vom 18.01.2017 18. Januar 2017",18.01.2017,https://dipbt.bundestag.de/dip21/btp/18/18211.pdf#P.21137,,"['https://cldf-od.r53.cdn.tv1.eu/1000153copo/ondemand/app144277506/145293313/7060249/7060249_h264_1920_1080_5000kb_baseline_de_5000.mp4?fdl=1', 'https://cldf-od.r53.cdn.tv1.eu/1000153copo/ondemand/app144277506/145293313/7060249/7060249_h264_720_400_2000kb_baseline_de_2192.mp4?fdl=1', 'https://cldf-od.r53.cdn.tv1.eu/1000153copo/ondemand/app144277506/145293313/7060249/7060249_h264_512_288_514kb_baseline_de_514.mp4?fdl=1']",https://cldf-od.r53.cdn.tv1.eu/1000153copo/ondemand/app144277506/145293313/7060249/7060249_h264_512_288_514kb_baseline_de_514.mp4
https://www.bundestag.de/mediathek?videoid=7046084#url=L21lZGlhdGhla292ZXJsYXk=&mod=mod536668,"16. Dezember 2016 
210. Sitzung vom 16.12.2016 16. Dezember 2016",16.12.2016,https://dipbt.bundestag.de/dip21/btp/18/18210.pdf#P.21047,,"['https://cldf-od.r53.cdn.tv1.eu/1000153copo/ondemand/app144277506/145293313/7046084/7046084_h264_1920_1080_5000kb_baseline_de_5000.mp4?fdl=1', 'https://cldf-od.r53.cdn.tv1.eu/1000153copo/ondemand/app144277506/145293313/7046084/7046084_h264_720_400_2000kb_baseline_de_2192.mp4?fdl=1', 'https://cldf-od.r53.cdn.tv1.eu/1000153copo/ondemand/app144277506/145293313/7046084/7046084_h264_512_288_514kb_baseline_de_514.mp4?fdl=1']",https://cldf-od.r53.cdn.tv1.eu/1000153copo/ondemand/app144277506/145293313/7046084/7046084_h264_512_288_514kb_baseline_de_514.mp4
https://www.bundestag.de/mediathek?videoid=7038444#url=L21lZGlhdGhla292ZXJsYXk=&mod=mod536668,"1. Dezember 2016 
206. Sitzung vom 01.12.2016 1. Dezember 2016",01.12.2016,https://dipbt.bundestag.de/dip21/btp/18/18206.pdf#P.20487,,"['https://cldf-od.r53.cdn.tv1.eu/1000153copo/ondemand/app144277506/145293313/7038444/7038444_h264_1920_1080_5000kb_baseline_de_5000.mp4?fdl=1', 'https://cldf-od.r53.cdn.tv1.eu/1000153copo/ondemand/app144277506/145293313/7038444/7038444_h264_720_400_2000kb_baseline_de_2192.mp4?fdl=1', 'https://cldf-od.r53.cdn.tv1.eu/1000153copo/ondemand/app144277506/145293313/7038444/7038444_h264_512_288_514kb_baseline_de_514.mp4?fdl=1']",https://cldf-od.r53.cdn.tv1.eu/1000153copo/ondemand/app144277506/145293313/7038444/7038444_h264_512_288_514kb_baseline_de_514.mp4
https://www.bundestag.de/mediathek?videoid=7035252#url=L21lZGlhdGhla292ZXJsYXk=&mod=mod536668,"23. November 2016 
202. Sitzung vom 23.11.2016 23. November 2016",23.11.2016,https://dipbt.bundestag.de/dip21/btp/18/18202.pdf#P.20159,,"['https://cldf-od.r53.cdn.tv1.eu/1000153copo/ondemand/app144277506/145293313/7035252/7035252_h264_1920_1080_5000kb_baseline_de_5000.mp4?fdl=1', 'https://cldf-od.r53.cdn.tv1.eu/1000153copo/ondemand/app144277506/145293313/7035252/7035252_h264_720_400_2000kb_baseline_de_2192.mp4?fdl=1', 'https://cldf-od.r53.cdn.tv1.eu/1000153copo/ondemand/app144277506/145293313/7035252/7035252_h264_512_288_514kb_baseline_de_514.mp4?fdl=1']",https://cldf-od.r53.cdn.tv1.eu/1000153copo/ondemand/app144277506/145293313/7035252/7035252_h264_512_288_514kb_baseline_de_514.mp4
https://www.bundestag.de/mediathek?videoid=7045481#url=L21lZGlhdGhla292ZXJsYXk=&mod=mod536668,"15. Dezember 2016 
209. Sitzung vom 15.12.2016 15. Dezember 2016",15.12.2016,https://dipbt.bundestag.de/dip21/btp/18/18209.pdf#P.20815,,"['https://cldf-od.r53.cdn.tv1.eu/1000153copo/ondemand/app144277506/145293313/7045481/7045481_h264_1920_1080_5000kb_baseline_de_5000.mp4?fdl=1', 'https://cldf-od.r53.cdn.tv1.eu/1000153copo/ondemand/app144277506/145293313/7045481/7045481_h264_720_400_2000kb_baseline_de_2192.mp4?fdl=1', 'https://cldf-od.r53.cdn.tv1.eu/1000153copo/ondemand/app144277506/145293313/7045481/7045481_h264_512_288_514kb_baseline_de_514.mp4?fdl=1']",https://cldf-od.r53.cdn.tv1.eu/1000153copo/ondemand/app144277506/145293313/7045481/7045481_h264_512_288_514kb_baseline_de_514.mp4
https://www.bundestag.de/mediathek?videoid=7038183#url=L21lZGlhdGhla292ZXJsYXk=&mod=mod536668,"30. November 2016 
205. Sitzung vom 30.11.2016 30. November 2016",30.11.2016,https://dipbt.bundestag.de/dip21/btp/18/18205.pdf#P.20437,,"['https://cldf-od.r53.cdn.tv1.eu/1000153copo/ondemand/app144277506/145293313/7038183/7038183_h264_1920_1080_5000kb_baseline_de_5000.mp4?fdl=1', 'https://cldf-od.r53.cdn.tv1.eu/1000153copo/ondemand/app144277506/145293313/7038183/7038183_h264_720_400_2000kb_baseline_de_2192.mp4?fdl=1', 'https://cldf-od.r53.cdn.tv1.eu/1000153copo/ondemand/app144277506/145293313/7038183/7038183_h264_512_288_514kb_baseline_de_514.mp4?fdl=1']",https://cldf-od.r53.cdn.tv1.eu/1000153copo/ondemand/app144277506/145293313/7038183/7038183_h264_512_288_514kb_baseline_de_514.mp4
https://www.bundestag.de/mediathek?videoid=7034545#url=L21lZGlhdGhla292ZXJsYXk=&mod=mod536668,"22. November 2016 
201. Sitzung vom 22.11.2016 22. November 2016",22.11.2016,https://dipbt.bundestag.de/dip21/btp/18/18201.pdf#P.20051,,"['https://cldf-od.r53.cdn.tv1.eu/1000153copo/ondemand/app144277506/145293313/7034545/7034545_h264_1920_1080_5000kb_baseline_de_5000.mp4?fdl=1', 'https://cldf-od.r53.cdn.tv1.eu/1000153copo/ondemand/app144277506/145293313/7034545/7034545_h264_720_400_2000kb_baseline_de_2192.mp4?fdl=1', 'https://cldf-od.r53.cdn.tv1.eu/1000153copo/ondemand/app144277506/145293313/7034545/7034545_h264_512_288_514kb_baseline_de_514.mp4?fdl=1']",https://cldf-od.r53.cdn.tv1.eu/1000153copo/ondemand/app144277506/145293313/7034545/7034545_h264_512_288_514kb_baseline_de_514.mp4
https://www.bundestag.de/mediathek?videoid=7044684#url=L21lZGlhdGhla292ZXJsYXk=&mod=mod536668,"14. Dezember 2016 
208. Sitzung vom 14.12.2016 14. Dezember 2016",14.12.2016,https://dipbt.bundestag.de/dip21/btp/18/18208.pdf#P.20769,,"['https://cldf-od.r53.cdn.tv1.eu/1000153copo/ondemand/app144277506/145293313/7044684/7044684_h264_1920_1080_5000kb_baseline_de_5000.mp4?fdl=1', 'https://cldf-od.r53.cdn.tv1.eu/1000153copo/ondemand/app144277506/145293313/7044684/7044684_h264_720_400_2000kb_baseline_de_2192.mp4?fdl=1', 'https://cldf-od.r53.cdn.tv1.eu/1000153copo/ondemand/app144277506/145293313/7044684/7044684_h264_512_288_514kb_baseline_de_514.mp4?fdl=1']",https://cldf-od.r53.cdn.tv1.eu/1000153copo/ondemand/app144277506/145293313/7044684/7044684_h264_512_288_514kb_baseline_de_514.mp4
https://www.bundestag.de/mediathek?videoid=7036049#url=L21lZGlhdGhla292ZXJsYXk=&mod=mod536668,"25. November 2016 
204. Sitzung vom 25.11.2016 25. November 2016",25.11.2016,https://dipbt.bundestag.de/dip21/btp/18/18204.pdf#P.20389,,"['https://cldf-od.r53.cdn.tv1.eu/1000153copo/ondemand/app144277506/145293313/7036049/7036049_h264_1920_1080_5000kb_baseline_de_5000.mp4?fdl=1', 'https://cldf-od.r53.cdn.tv1.eu/1000153copo/ondemand/app144277506/145293313/7036049/7036049_h264_720_400_2000kb_baseline_de_2192.mp4?fdl=1', 'https://cldf-od.r53.cdn.tv1.eu/1000153copo/ondemand/app144277506/145293313/7036049/7036049_h264_512_288_514kb_baseline_de_514.mp4?fdl=1']",https://cldf-od.r53.cdn.tv1.eu/1000153copo/ondemand/app144277506/145293313/7036049/7036049_h264_512_288_514kb_baseline_de_514.mp4
