date,session_title,link_to_session
3.12.2024,23. sjednica Predstavničkog doma Parlamentarne skupštine BiH,https://parlament.ba/session/OSessionDetails?id=2665&ConvernerId=1
22.10.2024,"22. sjednica Predstavničkog doma
Parlamentarne skupštine Bosne i Hercegovine",https://parlament.ba/session/OSessionDetails?id=2646&ConvernerId=1
28.8.2024,21. sjednica Predstavničkog doma Parlamentarne skupštine Bosne i Hercegovine,https://parlament.ba/session/OSessionDetails?id=2633&ConvernerId=1
16.7.2024,"20. sjednica Predstavničkog doma
Parlamentarne skupštine Bosne i Hercegovine",https://parlament.ba/session/OSessionDetails?id=2624&ConvernerId=1
16.7.2024,"14. hitna sjednica Predstavničkog doma
Parlamentarne skupštine Bosne i Hercegovine",https://parlament.ba/session/OSessionDetails?id=2630&ConvernerId=1
3.7.2024,Nastavak 19. sjednice Predstavničkog doma Parlamentarne skupštine Bosne i Hercegovine (glasanje),https://parlament.ba/session/OSessionDetails?id=2619&ConvernerId=1
20.6.2024,19. sjednica Predstavničkog doma Parlamentarne skupštine Bosne i Hercegovine,https://parlament.ba/session/OSessionDetails?id=2608&ConvernerId=1
21.5.2024,18. sjednica Predstavničkog doma Parlamentarne skupštine Bosne i Hercegovine,https://parlament.ba/session/OSessionDetails?id=2597&ConvernerId=1
18.4.2024,"13. hitna sjednica Predstavničkog doma
Parlamentarne skupštine Bosne i Hercegovine",https://parlament.ba/session/OSessionDetails?id=2595&ConvernerId=1
2.4.2024,17. sjednica Predstavničkog doma Parlamentarne skupštine Bosne i Hercegovine,https://parlament.ba/session/OSessionDetails?id=2588&ConvernerId=1
8.3.2024,"12. hitna sjednica Predstavničkog doma
Parlamentarne skupštine Bosne i Hercegovine",https://parlament.ba/session/OSessionDetails?id=2581&ConvernerId=1
8.3.2024,"11. hitna sjednica Predstavničkog doma
Parlamentarne skupštine Bosne i Hercegovine",https://parlament.ba/session/OSessionDetails?id=2578&ConvernerId=1
28.2.2024,"16. sjednica Predstavničkog doma
Parlamentarne skupštine Bosne i Hercegovine",https://parlament.ba/session/OSessionDetails?id=2565&ConvernerId=1
30.1.2024,"15. sjednica Predstavničkog doma
Parlamentarne skupštine Bosne i Hercegovine",https://parlament.ba/session/OSessionDetails?id=2551&ConvernerId=1
29.12.2023,"10. hitna sjednica Predstavničkog doma
Parlamentarne skupštine Bosne i Hercegovine",https://parlament.ba/session/OSessionDetails?id=2544&ConvernerId=1
21.12.2023,9. hitna sjednica Predstavničkog doma Parlamentarne skupštine Bosne i Hercegovine,https://parlament.ba/session/OSessionDetails?id=2543&ConvernerId=1
21.12.2023,14. sjednica Predstavničkog doma Parlamentarne skupštine BiH,https://parlament.ba/session/OSessionDetails?id=2534&ConvernerId=1
20.11.2023,"13. sjednica Predstavničkog doma
Parlamentarne skupštine Bosne i Hercegovine",https://parlament.ba/session/OSessionDetails?id=2515&ConvernerId=1
31.10.2023,12. sjednica Predstavničkog doma Parlamentarne skupštine Bosne i Hercegovine,https://parlament.ba/session/OSessionDetails?id=2514&ConvernerId=1
10.10.2023,"8. hitna sjednica Predstavničkog doma
Parlamentarne skupštine Bosne i Hercegovine",https://parlament.ba/session/OSessionDetails?id=2511&ConvernerId=1
21.9.2023,"7. hitna sjednica Predstavničkog doma
Parlamentarne skupštine Bosne i Hercegovine",https://parlament.ba/session/OSessionDetails?id=2502&ConvernerId=1
21.9.2023,11. sjednica Predstavničkog doma Parlamentarne skupštine Bosne i Hercegovine,https://parlament.ba/session/OSessionDetails?id=2499&ConvernerId=1
28.8.2023,"6. hitna sjednica Predstavničkog doma
Parlamentarne skupštine Bosne i Hercegovine",https://parlament.ba/session/OSessionDetails?id=2495&ConvernerId=1
22.8.2023,5. hitna sjednica Predstavničkog doma Parlamentarne skupštine Bosne i Hercegovine,https://parlament.ba/session/OSessionDetails?id=2491&ConvernerId=1
22.8.2023,10. sjednica Predstavničkog doma Parlamentarne skupštine Bosne i Hercegovine,https://parlament.ba/session/OSessionDetails?id=2487&ConvernerId=1
24.7.2023,9. sjednica Predstavničkog doma Parlamentarne skupštine Bosne i Hercegovine,https://parlament.ba/session/OSessionDetails?id=2468&ConvernerId=1
5.7.2023,8. sjednica Predstavničkog doma Parlamentarne skupštine Bosne i Hercegovine,https://parlament.ba/session/OSessionDetails?id=2460&ConvernerId=1
7.6.2023,7. sjednica Predstavničkog doma Parlamentarne skupštine Bosne i Hercegovine,https://parlament.ba/session/OSessionDetails?id=2446&ConvernerId=1
24.5.2023,Nastavak 6. sjednice Predstavničkog doma Parlamentarne skupštine Bosne i Hercegovine,https://parlament.ba/session/OSessionDetails?id=2435&ConvernerId=1
19.4.2023,6. sjednica Predstavničkog doma Parlamentarne skupštine Bosne i Hercegovine,https://parlament.ba/session/OSessionDetails?id=2417&ConvernerId=1
29.3.2023,4. hitna sjednica Predstavničkog doma Parlamentarne skupštine Bosne i Hercegovine,https://parlament.ba/session/OSessionDetails?id=2416&ConvernerId=1
20.3.2023,5. sjednica Predstavničkog doma Parlamentarne skupštine Bosne i Hercegovine,https://parlament.ba/session/OSessionDetails?id=2400&ConvernerId=1
9.3.2023,3. hitna sjednica Predstavničkog doma Parlamentarne skupštine Bosne i Hercegovine,https://parlament.ba/session/OSessionDetails?id=2396&ConvernerId=1
23.2.2023,4. sjednica Predstavničkog doma Parlamentarne skupštine Bosne i Hercegovine,https://parlament.ba/session/OSessionDetails?id=2386&ConvernerId=1
31.1.2023,"3. sjednica Predstavničkog doma
Parlamentarne skupštine Bosne i Hercegovine",https://parlament.ba/session/OSessionDetails?id=2380&ConvernerId=1
25.1.2023,2.	 hitna sjednica Predstavničkog doma Parlamentarne skupštine Bosne i Hercegovine,https://parlament.ba/session/OSessionDetails?id=2382&ConvernerId=1
28.12.2022,"2. sjednica Predstavničkog doma
Parlamentarne skupštine Bosne i Hercegovine",https://parlament.ba/session/OSessionDetails?id=2364&ConvernerId=1
28.12.2022,1.	 hitna sjednica Predstavničkog doma Parlamentarne skupštine Bosne i Hercegovine,https://parlament.ba/session/OSessionDetails?id=2369&ConvernerId=1
1.12.2022,Konstituirajuća sjednica Predstavničkog doma Parlamentarne skupštine Bosne i Hercegovine,https://parlament.ba/session/OSessionDetails?id=2333&ConvernerId=1
5.10.2022,33. sjednica Predstavničkog doma Parlamentarne skupštine BiH,https://parlament.ba/session/OSessionDetails?id=2317&ConvernerId=1
30.8.2022,32. sjednica Predstavničkog doma Parlamentarne skupštine Bosne i Hercegovine,https://parlament.ba/session/OSessionDetails?id=2283&ConvernerId=1
27.7.2022,31. sjednica Predstavničkog doma Parlamentarne skupštine BiH,https://parlament.ba/session/OSessionDetails?id=2282&ConvernerId=1
27.6.2022,30. sjednica Predstavničkog doma Parlamentarne skupštine BiH,https://parlament.ba/session/OSessionDetails?id=2281&ConvernerId=1
7.6.2022,29. sjednicа Predstavničkog doma Parlamentarne skupštine Bosne i Hercegovine,https://parlament.ba/session/OSessionDetails?id=2272&ConvernerId=1
27.4.2022,28. sjednica Predstavničkog doma Parlamentarne skupštine Bosne i Hercegovine,https://parlament.ba/session/OSessionDetails?id=2261&ConvernerId=1
9.3.2022,"27. sjednica Predstavničkog doma
Parlamentarne skupštine Bosne i Hercegovine",https://parlament.ba/session/OSessionDetails?id=2245&ConvernerId=1
4.3.2022,"12.		hitna sjednica Predstavničkog doma
Parlamentarne skupštine Bosne i Hercegovine",https://parlament.ba/session/OSessionDetails?id=2249&ConvernerId=1
3.2.2022,26. sjednica Predstavničkog doma Parlamentarne skupštine Bosne i Hercegovine,https://parlament.ba/session/OSessionDetails?id=2240&ConvernerId=1
14.12.2021,25. sjednica Predstavničkog doma Parlamentarne skupštine Bosne i Hercegovine,https://parlament.ba/session/OSessionDetails?id=2235&ConvernerId=1
28.10.2021,Sjednica Predstavničkog doma Parlamentarne skupštine Bosne i Hercegovine,https://parlament.ba/session/OSessionDetails?id=2234&ConvernerId=1
26.10.2021,24. sjednica Predstavničkog doma Parlamentarne skupštine Bosne i Hercegovine,https://parlament.ba/session/OSessionDetails?id=2226&ConvernerId=1
20.9.2021,23. sjednica Predstavničkog doma Parlamentarne skupštine Bosne i Hercegovine,https://parlament.ba/session/OSessionDetails?id=2218&ConvernerId=1
7.7.2021,22. sjednica Predstavničkog doma Parlamentarne skupštine Bosne i Hercegovine,https://parlament.ba/session/OSessionDetails?id=2205&ConvernerId=1
15.6.2021,"21. sjednica Predstavničkog doma
Parlamentarne skupštine Bosne i Hercegovine",https://parlament.ba/session/OSessionDetails?id=2194&ConvernerId=1
25.5.2021,20. sjednica Predstavničkog doma Parlamentarne skupštine Bosne i Hercegovine,https://parlament.ba/session/OSessionDetails?id=2180&ConvernerId=1
28.4.2021,19. sjednica Predstavničkog doma Parlamentarne skupštine Bosne i Hercegovine,https://parlament.ba/session/OSessionDetails?id=2170&ConvernerId=1
30.3.2021,18. sjednica Predstavničkog doma Parlamentarne skupštine Bosne i Hercegovine,https://parlament.ba/session/OSessionDetails?id=2161&ConvernerId=1
25.2.2021,17. sjednica Predstavničkog doma Parlamentarne skupštine Bosne i Hercegovine,https://parlament.ba/session/OSessionDetails?id=2143&ConvernerId=1
3.2.2021,16. sjednica Predstavničkog doma Parlamentarne skupštine Bosne i Hercegovine,https://parlament.ba/session/OSessionDetails?id=2126&ConvernerId=1
11.1.2021,"15. sjednica Predstavničkog doma
Parlamentarne skupštine Bosne i Hercegovine",https://parlament.ba/session/OSessionDetails?id=2116&ConvernerId=1
9.12.2020,14. sjednica Predstavničkog doma Parlamentarne skupštine Bosne i Hercegovine,https://parlament.ba/session/OSessionDetails?id=2095&ConvernerId=1
14.10.2020,13. sjednica Predstavničkog doma Parlamentarne skupštine Bosne i Hercegovine,https://parlament.ba/session/OSessionDetails?id=2083&ConvernerId=1
15.9.2020,12. sjednica Predstavničkog doma Parlamentarne skupštine Bosne i Hercegovine,https://parlament.ba/session/OSessionDetails?id=2059&ConvernerId=1
27.7.2020,10.	 hitna sjednica Predstavničkog doma Parlamentarne skupštine Bosne i Hercegovine,https://parlament.ba/session/OSessionDetails?id=2055&ConvernerId=1
23.7.2020,11. sjednica Predstavničkog doma Parlamentarne skupštine Bosne i Hercegovine,https://parlament.ba/session/OSessionDetails?id=2036&ConvernerId=1
15.7.2020,"9.	 hitna sjednica Predstavničkog doma
Parlamentarne skupštine Bosne i Hercegovine",https://parlament.ba/session/OSessionDetails?id=2039&ConvernerId=1
15.7.2020,8. hitna sjednica Predstavničkog doma Parlamentarne skupštine Bosne i Hercegovine,https://parlament.ba/session/OSessionDetails?id=2035&ConvernerId=1
9.7.2020,"7.	 hitna sjednica Predstavničkog doma
Parlamentarne skupštine Bosne i Hercegovine",https://parlament.ba/session/OSessionDetails?id=2025&ConvernerId=1
7.7.2020,10.  sjednica Predstavničkog doma Parlamentarne skupštine Bosne i Hercegovine,https://parlament.ba/session/OSessionDetails?id=2019&ConvernerId=1
10.6.2020,9. sjednica Predstavničkog doma Parlamentarne skupštine Bosne i Hercegovine,https://parlament.ba/session/OSessionDetails?id=1999&ConvernerId=1
20.5.2020,Drugi nastavak 8. sjednice Predstavničkog doma Parlamentarne skupštine Bosne i Hercegovine,https://parlament.ba/session/OSessionDetails?id=1998&ConvernerId=1
19.5.2020,Nastavak 8. sjednice Predstavničkog doma Parlamentarne skupštine Bosne i Hercegovine,https://parlament.ba/session/OSessionDetails?id=2003&ConvernerId=1
15.5.2020,"8. sjednica Predstavničkog doma
Parlamentarne skupštine Bosne i Hercegovine",https://parlament.ba/session/OSessionDetails?id=1990&ConvernerId=1
28.4.2020,"6. hitna sjednica Predstavničkog doma
Parlamentarne skupštine Bosne i Hercegovine",https://parlament.ba/session/OSessionDetails?id=1989&ConvernerId=1
11.3.2020,7. sjednica Predstavničkog doma Parlamentarne skupštine Bosne i Hercegovine,https://parlament.ba/session/OSessionDetails?id=1981&ConvernerId=1
11.3.2020,6. sjednica Predstavničkog doma Parlamentarne skupštine Bosne i Hercegovine (tematska sjednica),https://parlament.ba/session/OSessionDetails?id=1980&ConvernerId=1
26.2.2020,"5. sjednica Predstavničkog doma
Parlamentarne skupštine Bosne i Hercegovine",https://parlament.ba/session/OSessionDetails?id=1975&ConvernerId=1
4.2.2020,4. sjednica Predstavničkog doma Parlamentarne skupštine Bosne i Hercegovine,https://parlament.ba/session/OSessionDetails?id=1954&ConvernerId=1
16.1.2020,3. sjednica Predstavničkog doma Parlamentarne skupštine Bosne i Hercegovine,https://parlament.ba/session/OSessionDetails?id=1909&ConvernerId=1
23.12.2019,5. hitna sjednica Predstavničkog doma Parlamentarne skupštine Bosne i Hercegovine,https://parlament.ba/session/OSessionDetails?id=1930&ConvernerId=1
18.12.2019,"2. sjednica Predstavničkog doma
Parlamentarne skupštine Bosne i Hercegovine",https://parlament.ba/session/OSessionDetails?id=1917&ConvernerId=1
5.12.2019,"4. hitna sjednica Predstavničkog doma
Parlamentarne skupštine Bosne i Hercegovine",https://parlament.ba/session/OSessionDetails?id=1914&ConvernerId=1
20.11.2019,"3.		hitna sjednica Predstavničkog doma
Parlamentarne skupštine Bosne i Hercegovine",https://parlament.ba/session/OSessionDetails?id=1910&ConvernerId=1
26.6.2019,Nastavak 2. hitne sjednice Predstavničkog doma Parlamentarne skupštine Bosne i Hercegovine,https://parlament.ba/session/OSessionDetails?id=1907&ConvernerId=1
14.6.2019,2.		hitna sjednica Predstavničkog doma Parlamentarne skupštine Bosne i Hercegovine,https://parlament.ba/session/OSessionDetails?id=1905&ConvernerId=1
11.4.2019,1. hitna sjednica Predstavničkog doma Parlamentarne skupštine Bosne i Hercegovine,https://parlament.ba/session/OSessionDetails?id=1904&ConvernerId=1
6.12.2018,Konstituirajuća sjednica Predstavničkog doma Parlamentarne skupštine BiH,https://parlament.ba/session/OSessionDetails?id=1867&ConvernerId=1
17.9.2018,"11.		hitna sjednica Predstavničkog doma
Parlamentarne skupštine Bosne i Hercegovine",https://parlament.ba/session/OSessionDetails?id=1851&ConvernerId=1
4.9.2018,64. sjednica Predstavničkog doma Parlamentarne skupštine Bosne i Hercegovine,https://parlament.ba/session/OSessionDetails?id=1842&ConvernerId=1
26.7.2018,"10.		hitna sjednicu Predstavničkog doma
Parlamentarne skupštine Bosne i Hercegovine",https://parlament.ba/session/OSessionDetails?id=1840&ConvernerId=1
26.7.2018,Nastavak 63. sjednice Predstavničkog doma Parlamentarne skupštine Bosne i Hercegovine,https://parlament.ba/session/OSessionDetails?id=1834&ConvernerId=1
5.7.2018,63. sjednica Predstavničkog doma Parlamentarne skupštine Bosne i Hercegovine,https://parlament.ba/session/OSessionDetails?id=1822&ConvernerId=1
5.7.2018,Nastavak 62. sjednice Predstavničkog doma Parlamentarne skupštine Bosne i Hercegovine,https://parlament.ba/session/OSessionDetails?id=1827&ConvernerId=1
20.6.2018,Nastavak 62. sjednice Predstavničkog doma Parlamentarne skupštine Bosne i Hercegovine,https://parlament.ba/session/OSessionDetails?id=1821&ConvernerId=1
30.5.2018,62. sjednica Predstavničkog doma Parlamentarne skupštine Bosne i Hercegovine,https://parlament.ba/session/OSessionDetails?id=1812&ConvernerId=1
17.5.2018,61. sjednica Predstavničkog doma Parlamentarne skupštine Bosne i Hercegovine,https://parlament.ba/session/OSessionDetails?id=1805&ConvernerId=1
24.4.2018,9. hitna sjednica Predstavničkog doma Parlamentarne skupštine Bosne i Hercegovine,https://parlament.ba/session/OSessionDetails?id=1798&ConvernerId=1
20.4.2018,"8. hitna sjednica Predstavničkog doma
Parlamentarne skupštine Bosne i Hercegovine",https://parlament.ba/session/OSessionDetails?id=1794&ConvernerId=1
18.4.2018,60. sjednica Predstavničkog doma Parlamentarne skupštine Bosne i Hercegovine,https://parlament.ba/session/OSessionDetails?id=1786&ConvernerId=1
21.3.2018,59. sjednica Predstavničkog doma Parlamentarne skupštine Bosne i Hercegovine,https://parlament.ba/session/OSessionDetails?id=1771&ConvernerId=1
7.3.2018,58. sjednica Predstavničkog doma Parlamentarne skupštine Bosne i Hercegovine,https://parlament.ba/session/OSessionDetails?id=1762&ConvernerId=1
20.2.2018,57. sjednica Predstavničkog doma Parlamentarne skupštine Bosne i Hercegovine,https://parlament.ba/session/OSessionDetails?id=1753&ConvernerId=1
31.1.2018,56. sjednica Predstavničkog doma Parlamentarne skupštine Bosne i Hercegovine (nakon završetka 55. sjednice),https://parlament.ba/session/OSessionDetails?id=1739&ConvernerId=1
31.1.2018,Nastavak 55. sjednice Predstavničkog doma Parlamentarne skupštine Bosne i Hercegovine,https://parlament.ba/session/OSessionDetails?id=1738&ConvernerId=1
17.1.2018,Nastavak 55. sjednice Predstavničkog doma Parlamentarne skupštine Bosne i Hercegovine,https://parlament.ba/session/OSessionDetails?id=1725&ConvernerId=1
21.12.2017,55. sjednica Predstavničkog doma Parlamentarne skupštine Bosne i Hercegovine,https://parlament.ba/session/OSessionDetails?id=1712&ConvernerId=1
15.12.2017,Nastavak 54. sjednice Predstavničkog doma Parlamentarne skupštine Bosne i Hercegovine,https://parlament.ba/session/OSessionDetails?id=1720&ConvernerId=1
14.12.2017,54. sjednica Predstavničkog doma Parlamentarne skupštine Bosne i Hercegovine (nakon završetka 53. sjednice),https://parlament.ba/session/OSessionDetails?id=1694&ConvernerId=1
14.12.2017,Nastavak 53. sjednice  Predstavničkog doma Parlamentarne skupštine Bosne i Hercegovine,https://parlament.ba/session/OSessionDetails?id=1713&ConvernerId=1
29.11.2017,Nastavak 53. sjednice Predstavničkog doma Parlamentarne skupštine Bosne i Hercegovine,https://parlament.ba/session/OSessionDetails?id=1693&ConvernerId=1
25.10.2017,53. sjednica Predstavničkog doma Parlamentarne skupštine Bosne i Hercegovine,https://parlament.ba/session/OSessionDetails?id=1682&ConvernerId=1
20.9.2017,52. sjednica Predstavničkog doma Parlamentarne skupštine Bosne i Hercegovine,https://parlament.ba/session/OSessionDetails?id=1662&ConvernerId=1
13.9.2017,Nastavak 51. sjednice Predstavničkog doma Parlamentarne skupštine Bosne i Hercegovine,https://parlament.ba/session/OSessionDetails?id=1661&ConvernerId=1
7.9.2017,51. sjednica Predstavničkog doma Parlamentarne skupštine Bosne i Hercegovine,https://parlament.ba/session/OSessionDetails?id=1655&ConvernerId=1
26.7.2017,50. sjednica Predstavničkog doma Parlamentarne skupštine Bosne i Hercegovine,https://parlament.ba/session/OSessionDetails?id=1647&ConvernerId=1
5.7.2017,49. sjednica Predstavničkog doma Parlamentarne skupštine Bosne i Hercegovine,https://parlament.ba/session/OSessionDetails?id=1623&ConvernerId=1
5.7.2017,Nastavak 48. sjednice Predstavničkog doma Parlamentarne skupštine BiH,https://parlament.ba/session/OSessionDetails?id=1625&ConvernerId=1
15.6.2017,"48. sjednica Predstavničkog doma Parlamentarne skupštine Bosne i Hercegovine,nakon završetka 47. sjednice Predstavničkog doma PSBiH",https://parlament.ba/session/OSessionDetails?id=1610&ConvernerId=1
14.6.2017,47. sjednica Predstavničkog doma Parlamentarne skupštine Bosne i Hercegovine,https://parlament.ba/session/OSessionDetails?id=1609&ConvernerId=1
31.5.2017,46. sjednica Predstavničkog doma Parlamentarne skupštine Bosne i Hercegovine,https://parlament.ba/session/OSessionDetails?id=1597&ConvernerId=1
10.5.2017,45. sjednica Predstavničkog doma Parlamentarne skupštine Bosne i Hercegovine,https://parlament.ba/session/OSessionDetails?id=1581&ConvernerId=1
20.4.2017,44. sjednica Predstavničkog doma Parlamentarne skupštine Bosne i Hercegovine,https://parlament.ba/session/OSessionDetails?id=1568&ConvernerId=1
5.4.2017,7.	hitna sjednica Predstavničkog doma Parlamentarne skupštine Bosne i Hercegovine,https://parlament.ba/session/OSessionDetails?id=1564&ConvernerId=1
23.3.2017,43. sjednica Predstavničkog doma Parlamentarne skupštine Bosne i Hercegovine,https://parlament.ba/session/OSessionDetails?id=1553&ConvernerId=1
7.3.2017,Nastavak 42. sjednice Predstavničkog doma Parlamentarne skupštine Bosne i Hercegovine,https://parlament.ba/session/OSessionDetails?id=1543&ConvernerId=1
16.2.2017,42. sjednica Predstavničkog doma Parlamentarne skupštine Bosne i Hercegovine,https://parlament.ba/session/OSessionDetails?id=1537&ConvernerId=1
18.1.2017,41. sjednica Predstavničkog doma Parlamentarne skupštine Bosne i Hercegovine,https://parlament.ba/session/OSessionDetails?id=1517&ConvernerId=1
29.12.2016,"40. sjednica Predstavničkog doma Parlamentarne skupštine
Bosne i Hercegovine",https://parlament.ba/session/OSessionDetails?id=1508&ConvernerId=1
14.12.2016,39. sjednica Predstavničkog doma Parlamentarne skupštine Bosne i Hercegovine,https://parlament.ba/session/OSessionDetails?id=1492&ConvernerId=1
30.11.2016,"38. sjednica Predstavničkog doma Parlamentarne skupštine
Bosne i Hercegovine",https://parlament.ba/session/OSessionDetails?id=1480&ConvernerId=1
9.11.2016,37. sjednica Predstavničkog doma Parlamentarne skupštine Bosne i Hercegovine,https://parlament.ba/session/OSessionDetails?id=1469&ConvernerId=1
19.10.2016,36. sjednica Predstavničkog doma Parlamentarne skupštine Bosne i Hercegovine,https://parlament.ba/session/OSessionDetails?id=1443&ConvernerId=1
30.8.2016,"35. sjednica Predstavničkog doma Parlamentarne skupštine 
Bosne i Hercegovine",https://parlament.ba/session/OSessionDetails?id=1434&ConvernerId=1
1.8.2016,34. sjednica Predstavničkog doma Parlamentarne skupštine Bosne i Hercegovine,https://parlament.ba/session/OSessionDetails?id=1422&ConvernerId=1
19.7.2016,"33. sjednica Predstavničkog doma Parlamentarne skupštine 
Bosne i Hercegovine",https://parlament.ba/session/OSessionDetails?id=1412&ConvernerId=1
27.6.2016,32. sjednica Predstavničkog doma Parlamentarne skupštine Bosne i Hercegovine,https://parlament.ba/session/OSessionDetails?id=1401&ConvernerId=1
15.6.2016,"6.	 hitna sjednica Predstavničkog doma
Parlamentarne skupštine Bosne i Hercegovine",https://parlament.ba/session/OSessionDetails?id=1399&ConvernerId=1
15.6.2016,Nastavak 5. hitne sjednice Predstavničkog doma Parlamentarne skupštine Bosne i Hercegovine,https://parlament.ba/session/OSessionDetails?id=1396&ConvernerId=1
15.6.2016,31. sjednica Predstavničkog doma Parlamentarne skupštine Bosne i Hercegovine,https://parlament.ba/session/OSessionDetails?id=1385&ConvernerId=1
30.5.2016,"5.hitna sjednica Predstavničkog doma
Parlamentarne skupštine Bosne i Hercegovine",https://parlament.ba/session/OSessionDetails?id=1383&ConvernerId=1
24.5.2016,30. sjednica Predstavničkog doma Parlamentarne skupštine Bosne i Hercegovine,https://parlament.ba/session/OSessionDetails?id=1377&ConvernerId=1
11.5.2016,29. sjednica Predstavničkog doma Parlamentarne skupštine Bosne i Hercegovine,https://parlament.ba/session/OSessionDetails?id=1369&ConvernerId=1
11.5.2016,Nastavak 28. sjednice Predstavničkog doma Parlamentarne skupštine BiH,https://parlament.ba/session/OSessionDetails?id=1364&ConvernerId=1
27.4.2016,28. sjednica Predstavničkog doma Parlamentarne skupštine Bosne i Hercegovine,https://parlament.ba/session/OSessionDetails?id=1346&ConvernerId=1
5.4.2016,27. sjednica Predstavničkog doma Parlamentarne skupštine Bosne i Hercegovine,https://parlament.ba/session/OSessionDetails?id=1333&ConvernerId=1
17.3.2016,26. sjednica Predstavničkog doma Parlamentarne skupštine Bosne i Hercegovine,https://parlament.ba/session/OSessionDetails?id=1315&ConvernerId=1
16.2.2016,25. sjednica Predstavničkog doma Parlamentarne skupštine Bosne i Hercegovine,https://parlament.ba/session/OSessionDetails?id=1300&ConvernerId=1
3.2.2016,24. sjednica Predstavničkog doma Parlamentarne skupštine Bosne i Hercegovine,https://parlament.ba/session/OSessionDetails?id=1283&ConvernerId=1
12.1.2016,23. sjednica Predstavničkog doma Parlamentarne skupštine Bosne i Hercegovine,https://parlament.ba/session/OSessionDetails?id=1278&ConvernerId=1
30.12.2015,22. sjednica Predstavničkog doma Parlamentarne skupštine Bosne i Hercegovine,https://parlament.ba/session/OSessionDetails?id=1270&ConvernerId=1
10.12.2015,"4.hitna sjednica Predstavničkog doma
Parlamentarne skupštine Bosne i Hercegovine",https://parlament.ba/session/OSessionDetails?id=1264&ConvernerId=1
10.12.2015,21. sjednica Predstavničkog doma Parlamentarne skupštine Bosne i Hercegovine,https://parlament.ba/session/OSessionDetails?id=1255&ConvernerId=1
24.11.2015,20. sjednicа Predstavničkog doma Parlamentarne skupštine Bosne i Hercegovine,https://parlament.ba/session/OSessionDetails?id=1243&ConvernerId=1
28.10.2015,19. sjednica Predstavničkog doma Parlamentarne skupštine Bosne i Hercegovine,https://parlament.ba/session/OSessionDetails?id=1229&ConvernerId=1
7.10.2015,18. sjednica Predstavničkog doma Parlamentarne skupštine Bosne i Hercegovine,https://parlament.ba/session/OSessionDetails?id=1211&ConvernerId=1
16.9.2015,17. sjednica Predstavničkog doma Parlamentarne skupštine Bosne i Hercegovine,https://parlament.ba/session/OSessionDetails?id=1202&ConvernerId=1
27.8.2015,16. sjednica Predstavničkog doma Parlamentarne skupštine Bosne i Hercegovine,https://parlament.ba/session/OSessionDetails?id=1190&ConvernerId=1
22.7.2015,15. sjednica Predstavničkog doma Parlamentarne skupštine Bosne i Hercegovine,https://parlament.ba/session/OSessionDetails?id=1173&ConvernerId=1
30.6.2015,14. sjednica Predstavničkog doma Parlamentarne skupštine Bosne i Hercegovine,https://parlament.ba/session/OSessionDetails?id=1155&ConvernerId=1
10.6.2015,13. sjednica Predstavničkog doma Parlamentarne skupštine Bosne i Hercegovine,https://parlament.ba/session/OSessionDetails?id=1146&ConvernerId=1
28.5.2015,12. sjednica Predstavničkog doma Parlamentarne skupštine Bosne i Hercegovine,https://parlament.ba/session/OSessionDetails?id=1134&ConvernerId=1
13.5.2015,11. sjednica Predstavničkog doma Parlamentarne skupštine Bosne i Hercegovine,https://parlament.ba/session/OSessionDetails?id=1115&ConvernerId=1
8.4.2015,10. sjednica Predstavničkog doma Parlamentarne skupštine Bosne i Hercegovine,https://parlament.ba/session/OSessionDetails?id=1097&ConvernerId=1
31.3.2015,"3. hitna sjednica Predstavničkog doma
Parlamentarne skupštine Bosne i Hercegovine",https://parlament.ba/session/OSessionDetails?id=1098&ConvernerId=1
25.3.2015,9. sjednicа Predstavničkog doma Parlamentarne skupštine Bosne i Hercegovine,https://parlament.ba/session/OSessionDetails?id=1090&ConvernerId=1
11.3.2015,8. sjednica Predstavničkog doma Parlamentarne skupštine Bosne i Hercegovine,https://parlament.ba/session/OSessionDetails?id=1082&ConvernerId=1
26.2.2015,7. sjednica Predstavničkog doma Parlamentarne skupštine Bosne i Hercegovine,https://parlament.ba/session/OSessionDetails?id=1067&ConvernerId=1
23.2.2015,2. hitna sjednica Predstavničkog doma Parlamentarne skupštine Bosne i Hercegovine,https://parlament.ba/session/OSessionDetails?id=1089&ConvernerId=1
23.2.2015,1. hitna sjednica Predstavničkog doma Parlamentarne skupštine Bosne i Hercegovine,https://parlament.ba/session/OSessionDetails?id=1070&ConvernerId=1
11.2.2015,6. sjednica Predstavničkog doma Parlamentarne skupštine Bosne i Hercegovine,https://parlament.ba/session/OSessionDetails?id=1058&ConvernerId=1
29.1.2015,5. sjednica Predstavničkog doma Parlamentarne skupštine Bosne i Hercegovine,https://parlament.ba/session/OSessionDetails?id=1049&ConvernerId=1
16.1.2015,4. sjednica Predstavničkog doma Parlamentarne skupštine Bosne i Hercegovine,https://parlament.ba/session/OSessionDetails?id=1046&ConvernerId=1
15.1.2015,3. sjednica Predstavničkog doma Parlamentarne skupštine Bosne i Hercegovine,https://parlament.ba/session/OSessionDetails?id=1037&ConvernerId=1
29.12.2014,2. sjednica Predstavnickog doma Parlamentarne skupstine Bosne i Hercegovine,https://parlament.ba/session/OSessionDetails?id=1034&ConvernerId=1
9.12.2014,Konstituirajuca sjednica  Predstavnickog doma Parlamentarne skupstine BiH,https://parlament.ba/session/OSessionDetails?id=1033&ConvernerId=1
25.9.2014,73. sjednica Predstavničkog doma Parlamentarne skupštine BiH,https://parlament.ba/session/OSessionDetails?id=997&ConvernerId=1
4.9.2014,72. sjednica Predstavničkog doma Parlamentarne skupštine BiH,https://parlament.ba/session/OSessionDetails?id=985&ConvernerId=1
31.7.2014,71. sjednica Predstavničkog doma Parlamentarne skupštine BiH,https://parlament.ba/session/OSessionDetails?id=979&ConvernerId=1
24.7.2014,70. sjednica Predstavničkog doma Parlamentarne skupštine BiH,https://parlament.ba/session/OSessionDetails?id=970&ConvernerId=1
3.7.2014,69. sjednica Predstavničkog doma Parlamentarne skupštine BiH,https://parlament.ba/session/OSessionDetails?id=961&ConvernerId=1
12.6.2014,68. sjednica Predstavničkog doma Parlamentarne skupštine BiH,https://parlament.ba/session/OSessionDetails?id=947&ConvernerId=1
28.5.2014,67. sjednica Predstavničkog doma Parlamentarne skupštine BiH,https://parlament.ba/session/OSessionDetails?id=941&ConvernerId=1
14.5.2014,66. sjednica Predstavničkog doma Parlamentarne skupštine BiH,https://parlament.ba/session/OSessionDetails?id=936&ConvernerId=1
15.4.2014,65. sjednica Predstavničkog doma Parlamentarne skupštine BiH,https://parlament.ba/session/OSessionDetails?id=927&ConvernerId=1
26.3.2014,Nastavak 64. sjednice Predstavničkog doma Parlamentarne skupštine BiH,https://parlament.ba/session/OSessionDetails?id=913&ConvernerId=1
13.3.2014,64. sjednica Predstavničkog doma Parlamentarne skupštine BiH,https://parlament.ba/session/OSessionDetails?id=902&ConvernerId=1
25.2.2014,Nastavak 63. sjednice Predstavničkog doma Parlamentarne skupštine BiH,https://parlament.ba/session/OSessionDetails?id=900&ConvernerId=1
6.2.2014,63. sjednica Predstavničkog doma Parlamentarne skupštine BiH,https://parlament.ba/session/OSessionDetails?id=887&ConvernerId=1
23.1.2014,62. sjednica Predstavničkog doma Parlamentarne skupštine BiH,https://parlament.ba/session/OSessionDetails?id=876&ConvernerId=1
30.12.2013,61. sjednica Predstavničkog doma Parlamentarne skupštine BiH,https://parlament.ba/session/OSessionDetails?id=870&ConvernerId=1
30.12.2013,Nastavak 60. sjednice Predstavničkog doma Parlamentarne skupštine BiH,https://parlament.ba/session/OSessionDetails?id=869&ConvernerId=1
16.12.2013,60. sjednica Predstavničkog doma Parlamentarne skupštine BiH,https://parlament.ba/session/OSessionDetails?id=864&ConvernerId=1
12.12.2013,59. sjednica Predstavničkog doma Parlamentarne skupštine BiH,https://parlament.ba/session/OSessionDetails?id=859&ConvernerId=1
5.12.2013,58. sjednicа Predstavničkog doma Parlamentarne skupštine BiH (po okončanju nastavka 57. sjednice Doma),https://parlament.ba/session/OSessionDetails?id=847&ConvernerId=1
5.12.2013,Nastavak 57. sjednice Predstavničkog doma Parlamentarne skupštine BiH,https://parlament.ba/session/OSessionDetails?id=846&ConvernerId=1
20.11.2013,57. sjednica Predstavničkog doma Parlamentarne skupštine BiH,https://parlament.ba/session/OSessionDetails?id=834&ConvernerId=1
5.11.2013,56. sjednica Predstavničkog doma Parlamentarne skupštine BiH,https://parlament.ba/session/OSessionDetails?id=831&ConvernerId=1
28.10.2013,Nastavak 55. sjednice Predstavničkog doma Parlamentarne skupštine Bosne i Hercegovine,https://parlament.ba/session/OSessionDetails?id=830&ConvernerId=1
24.10.2013,55. sjednica Predstavničkog doma Parlamentarne skupštine BiH,https://parlament.ba/session/OSessionDetails?id=818&ConvernerId=1
7.10.2013,54. sjednica Predstavničkog doma Parlamentarne skupštine BiH,https://parlament.ba/session/OSessionDetails?id=813&ConvernerId=1
19.9.2013,53. sjednica Predstavničkog doma Parlamentarne skupštine BiH,https://parlament.ba/session/OSessionDetails?id=804&ConvernerId=1
29.8.2013,52. sjednica Predstavničkog doma Parlamentarne skupštine BiH,https://parlament.ba/session/OSessionDetails?id=795&ConvernerId=1
25.7.2013,51. sjednica Predstavničkog doma Parlamentarne skupštine BiH,https://parlament.ba/session/OSessionDetails?id=790&ConvernerId=1
18.7.2013,50. sjednica Predstavničkog doma Parlamentarne skupštine BiH,https://parlament.ba/session/OSessionDetails?id=777&ConvernerId=1
8.7.2013,Nastavak 49. sjednice Predstavničkog doma Parlamentarne skupštine BiH,https://parlament.ba/session/OSessionDetails?id=771&ConvernerId=1
6.6.2013,49. sjednica Predstavničkog doma Parlamentarne skupštine BiH,https://parlament.ba/session/OSessionDetails?id=754&ConvernerId=1
23.5.2013,48. sjednica Predstavničkog doma Parlamentarne skupštine BiH,https://parlament.ba/session/OSessionDetails?id=747&ConvernerId=1
18.4.2013,47. sjednica Predstavničkog doma Parlamentarne skupštine BiH,https://parlament.ba/session/OSessionDetails?id=731&ConvernerId=1
28.3.2013,46. sjednica Predstavničkog doma Parlamentarne skupštine BiH,https://parlament.ba/session/OSessionDetails?id=717&ConvernerId=1
26.3.2013,45. sjednica Predstavničkog doma Parlamentarne skupštine BiH (po okončanju nastavka 2. posebne zajedničke sjednice oba doma),https://parlament.ba/session/OSessionDetails?id=720&ConvernerId=1
14.3.2013,44. sjednica Predstavničkog doma Parlamentarne skupštine BiH,https://parlament.ba/session/OSessionDetails?id=707&ConvernerId=1
28.2.2013,43. sjednica Predstavničkog doma Parlamentarne skupštine BiH,https://parlament.ba/session/OSessionDetails?id=698&ConvernerId=1
14.2.2013,42. sjednica Predstavničkog doma Parlamentarne skupštine BiH,https://parlament.ba/session/OSessionDetails?id=681&ConvernerId=1
31.1.2013,41. sjednica Predstavničkog doma Parlamentarne skupštine BiH,https://parlament.ba/session/OSessionDetails?id=670&ConvernerId=1
3.1.2013,40. sjednica Predstavničkog doma Parlamentarne skupštine BiH,https://parlament.ba/session/OSessionDetails?id=659&ConvernerId=1
18.12.2012,39. sjednica Predstavničkog doma Parlamentarne skupštine BiH,https://parlament.ba/session/OSessionDetails?id=645&ConvernerId=1
6.12.2012,38. sjednica Predstavničkog doma Parlamentarne skupštine BiH,https://parlament.ba/session/OSessionDetails?id=642&ConvernerId=1
6.12.2012,37. sjednica Predstavničkog doma Parlamentarne skupštine BiH,https://parlament.ba/session/OSessionDetails?id=627&ConvernerId=1
22.11.2012,Nastavak 36. sjednice Predstavničkog doma Parlamentarne skupštine BiH,https://parlament.ba/session/OSessionDetails?id=614&ConvernerId=1
7.11.2012,36. sjednica Predstavničkog doma Parlamentarne skupštine BiH,https://parlament.ba/session/OSessionDetails?id=606&ConvernerId=1
23.10.2012,35. sjednica  Predstavničkog doma Parlamentarne skupštine BiH,https://parlament.ba/session/OSessionDetails?id=588&ConvernerId=1
19.9.2012,34. sjednica Predstavničkog doma Parlamentarne skupštine BiH,https://parlament.ba/session/OSessionDetails?id=585&ConvernerId=1
6.9.2012,33. sjednica Predstavničkog doma Parlamentarne skupštine BiH,https://parlament.ba/session/OSessionDetails?id=576&ConvernerId=1
19.7.2012,32. sjednica Predstavničkog doma Parlamentarne skupštine BiH,https://parlament.ba/session/OSessionDetails?id=565&ConvernerId=1
5.7.2012,31. sjednica Predstavničkog doma Parlamentarne skupštine BiH,https://parlament.ba/session/OSessionDetails?id=552&ConvernerId=1
21.6.2012,30. sjednica Predstavničkog doma Parlamentarne skupštine BiH,https://parlament.ba/session/OSessionDetails?id=545&ConvernerId=1
7.6.2012,29. sjednica Predstavničkog doma Parlamentarne skupštine BiH,https://parlament.ba/session/OSessionDetails?id=533&ConvernerId=1
24.5.2012,28. sjednica Predstavničkog doma Parlamentarne skupštine BiH,https://parlament.ba/session/OSessionDetails?id=518&ConvernerId=1
10.5.2012,27. sjednica Predstavničkog doma  Parlamentarne skupštine BiH,https://parlament.ba/session/OSessionDetails?id=510&ConvernerId=1
19.4.2012,26. sjednica Predstavničkog doma Parlamentarne skupštine BiH,https://parlament.ba/session/OSessionDetails?id=497&ConvernerId=1
29.3.2012,25. sjednica Predstavničkog doma Parlamentarne skupštine BiH,https://parlament.ba/session/OSessionDetails?id=478&ConvernerId=1
15.3.2012,24. sjednica Predstavničkog doma Parlamentarne skupštine BiH,https://parlament.ba/session/OSessionDetails?id=470&ConvernerId=1
16.2.2012,23. sjednica Predstavničkog doma Parlamentarne skupštine BiH,https://parlament.ba/session/OSessionDetails?id=454&ConvernerId=1
10.2.2012,22. sjednica Predstavničkog doma Parlamentarne skupštine BiH,https://parlament.ba/session/OSessionDetails?id=457&ConvernerId=1
3.2.2012,21. sjednica Predstavničkog doma Parlamentarne skupštine BiH,https://parlament.ba/session/OSessionDetails?id=449&ConvernerId=1
2.2.2012,20. sjednica Predstavničkog doma Parlamentarne skupštine BiH,https://parlament.ba/session/OSessionDetails?id=439&ConvernerId=1
19.1.2012,19. sjednica Predstavničkog doma Parlamentarne skupštine BiH,https://parlament.ba/session/OSessionDetails?id=424&ConvernerId=1
12.1.2012,18. sjednica Predstavničkog doma Parlamentarne skupštine BiH,https://parlament.ba/session/OSessionDetails?id=429&ConvernerId=1
30.12.2011,17. sjednica Predstavničkog doma Parlamentarne skupštine BiH,https://parlament.ba/session/OSessionDetails?id=422&ConvernerId=1
22.12.2011,16. sjednica Predstavničkog doma Parlamentarne skupštine BiH,https://parlament.ba/session/OSessionDetails?id=414&ConvernerId=1
8.12.2011,15. sjednica Predstavničkog doma Parlamentarne skupštine BiH,https://parlament.ba/session/OSessionDetails?id=393&ConvernerId=1
24.11.2011,14.sjednica Predstavničkog doma Parlamentarne skupštine BiH,https://parlament.ba/session/OSessionDetails?id=386&ConvernerId=1
10.11.2011,13. sjednica Predstavničkog doma Parlamentrane skupštine BiH,https://parlament.ba/session/OSessionDetails?id=376&ConvernerId=1
27.10.2011,12.sjednica Predstavničkog doma Parlamentarne skupštine BiH,https://parlament.ba/session/OSessionDetails?id=356&ConvernerId=1
10.10.2011,11. sjednica Predstavničkog doma Parlamentarne skupštine BiH,https://parlament.ba/session/OSessionDetails?id=358&ConvernerId=1
22.9.2011,10. sjednica Predstavničkog doma Parlamentarne skupštine BiH,https://parlament.ba/session/OSessionDetails?id=338&ConvernerId=1
8.9.2011,9. sjednica Predstavničkog doma Parlamentarne skupštine BiH,https://parlament.ba/session/OSessionDetails?id=330&ConvernerId=1
25.8.2011,8. sjednica Predstavničkog doma Parlamentarne skupštine BiH,https://parlament.ba/session/OSessionDetails?id=318&ConvernerId=1
27.7.2011,7. sjednica Predstavničkog doma Parlamentarne skupštine BiH,https://parlament.ba/session/OSessionDetails?id=306&ConvernerId=1
15.7.2011,6. sjednica Predstavničkog doma Parlamentarne skupštine BiH,https://parlament.ba/session/OSessionDetails?id=270&ConvernerId=1
14.7.2011,5. sjednica Predstavničkog doma Parlamentarne skupštine BiH,https://parlament.ba/session/OSessionDetails?id=259&ConvernerId=1
29.6.2011,4. sjednica Predstavničkog doma Parlamentarne skupštine BiH,https://parlament.ba/session/OSessionDetails?id=253&ConvernerId=1
22.6.2011,3. sjednica Predstavničkog doma Parlamentarne skupštine BiH,https://parlament.ba/session/OSessionDetails?id=242&ConvernerId=1
22.12.2010,Nastavak konstituirajuće sjednice Predstavničkog doma Parlamentarne skupštine BiH,https://parlament.ba/session/SessionDetails?id=1674&ConvernerId=1
30.11.2010,Konstituirajuća sjednica Predstavničkog doma Parlamentarne skupštine BiH,https://parlament.ba/session/SessionDetails?id=1673&ConvernerId=1
1.9.2010,83. sjednica Predstavničkog doma Parlamentarne skupštine BiH,https://parlament.ba/session/SessionDetails?id=1672&ConvernerId=1
28.7.2010,82. sjednica Predstavničkog doma Parlamentarne skupštine BiH,https://parlament.ba/session/SessionDetails?id=1671&ConvernerId=1
14.7.2010,81. sjednica Predstavničkog doma Parlamentarne skupštine BiH,https://parlament.ba/session/SessionDetails?id=1670&ConvernerId=1
30.6.2010,80. sjednica Predstavničkog doma Parlamentarne skupštine BiH,https://parlament.ba/session/SessionDetails?id=1669&ConvernerId=1
16.6.2010,79. sjednica Predstavničkog doma Parlamentarne skupštine BiH,https://parlament.ba/session/SessionDetails?id=1668&ConvernerId=1
25.5.2010,78. sjednica Predstavničkog doma Parlamentarne skupštine BiH,https://parlament.ba/session/SessionDetails?id=1667&ConvernerId=1
12.5.2010,77. sjednica Predstavničkog doma Parlamentarne skupštine BiH,https://parlament.ba/session/SessionDetails?id=1666&ConvernerId=1
21.4.2010,76. sjednica Predstavničkog doma Parlamentarne skupštine BiH,https://parlament.ba/session/SessionDetails?id=1665&ConvernerId=1
7.4.2010,75. sjednica Predstavničkog doma Parlamentarne skupštine BiH,https://parlament.ba/session/SessionDetails?id=1664&ConvernerId=1
24.3.2010,74. sjednica Predstavničkog doma Parlamentarne skupštine BiH,https://parlament.ba/session/SessionDetails?id=1663&ConvernerId=1
23.3.2010,Nastavak 73. sjednice Predstavničkog doma Parlamentarne skupštine BiH,https://parlament.ba/session/SessionDetails?id=1662&ConvernerId=1
16.3.2010,Nastavak 73. sjednice Predstavničkog doma Parlamentarne skupštine BiH,https://parlament.ba/session/SessionDetails?id=1661&ConvernerId=1
10.3.2010,73. sjednica Predstavničkog doma Parlamentarne skupštine BiH,https://parlament.ba/session/SessionDetails?id=1660&ConvernerId=1
17.2.2010,72. sjednica Predstavničkog doma Parlamentarne skupštine BiH,https://parlament.ba/session/SessionDetails?id=1659&ConvernerId=1
10.2.2010,Nastavak 71. sjednice Predstavničkog doma Parlamentarne skupštine BiH,https://parlament.ba/session/SessionDetails?id=1658&ConvernerId=1
3.2.2010,71. sjednica Predstavničkog doma Parlamentarne skupštine BiH,https://parlament.ba/session/SessionDetails?id=1657&ConvernerId=1
21.1.2010,70. sjednica Predstavničkog doma Parlamentarne skupštine BiH,https://parlament.ba/session/SessionDetails?id=1656&ConvernerId=1
12.1.2010,Nastavak 69. sjednice Predstavničkog doma Parlamentarne skupštine BiH,https://parlament.ba/session/SessionDetails?id=1655&ConvernerId=1
30.12.2009,69. sjednica Predstavničkog doma Parlamentarne skupštine BiH,https://parlament.ba/session/SessionDetails?id=1654&ConvernerId=1
30.12.2009,68. sjednica Predstavničkog doma Parlamentarne skupštine BiH,https://parlament.ba/session/SessionDetails?id=1653&ConvernerId=1
23.12.2009,67. sjednica Predstavničkog doma Parlamentarne skupštine BiH,https://parlament.ba/session/SessionDetails?id=1652&ConvernerId=1
16.12.2009,66. sjednica Predstavničkog doma Parlamentarne skupštine BiH,https://parlament.ba/session/SessionDetails?id=1651&ConvernerId=1
7.12.2009,65. sjednica Predstavničkog doma Parlamentarne skupštine BiH,https://parlament.ba/session/SessionDetails?id=1650&ConvernerId=1
7.12.2009,Nastavak 64. sjednice Predstavničkog doma Parlamentarne skupštine BiH,https://parlament.ba/session/SessionDetails?id=1649&ConvernerId=1
2.12.2009,Nastavak 64. sjednice Predstavničkog doma Parlamentarne skupštine BiH,https://parlament.ba/session/SessionDetails?id=1648&ConvernerId=1
24.11.2009,64. sjednica Predstavničkog doma Parlamentarne skupštine BiH,https://parlament.ba/session/SessionDetails?id=1647&ConvernerId=1
4.11.2009,63. sjednica Predstavničkog doma Parlamentarne skupštine BiH,https://parlament.ba/session/SessionDetails?id=1646&ConvernerId=1
14.10.2009,62. sjednica Predstavničkog doma Parlamentarne skupštine BiH,https://parlament.ba/session/SessionDetails?id=1645&ConvernerId=1
30.9.2009,61. sjednica Predstavničkog doma Parlamentarne skupštine BiH,https://parlament.ba/session/SessionDetails?id=1644&ConvernerId=1
16.9.2009,60. sjednica Predstavničkog doma Parlamentarne skupštine BiH,https://parlament.ba/session/SessionDetails?id=1643&ConvernerId=1
2.9.2009,59. sjednica Predstavničkog doma Parlamentarne skupštine BiH,https://parlament.ba/session/SessionDetails?id=1642&ConvernerId=1
22.7.2009,58. sjednica Predstavničkog doma Parlamentarne skupštine BiH,https://parlament.ba/session/SessionDetails?id=1641&ConvernerId=1
8.7.2009,57. sjednica Predstavničkog doma Parlamentarne skupštine BiH,https://parlament.ba/session/SessionDetails?id=1640&ConvernerId=1
24.6.2009,56. sjednica Predstavničkog doma Parlamentarne skupštine BiH,https://parlament.ba/session/SessionDetails?id=1639&ConvernerId=1
10.6.2009,55. sjednica Predstavničkog doma Parlamentarne skupštine BiH,https://parlament.ba/session/SessionDetails?id=1638&ConvernerId=1
27.5.2009,54. sjednica Predstavničkog doma Parlamentarne skupštine BiH,https://parlament.ba/session/SessionDetails?id=1637&ConvernerId=1
13.5.2009,53. sjednica Predstavničkog doma Parlamentarne skupštine BiH,https://parlament.ba/session/SessionDetails?id=1636&ConvernerId=1
29.4.2009,52. sjednica Predstavničkog doma Parlamentarne skupštine BiH,https://parlament.ba/session/SessionDetails?id=1635&ConvernerId=1
15.4.2009,51. sjednica Predstavničkog doma Parlamentarne skupštine BiH,https://parlament.ba/session/SessionDetails?id=1634&ConvernerId=1
1.4.2009,50. sjednica Predstavničkog doma Parlamentarne skupštine BiH,https://parlament.ba/session/SessionDetails?id=1633&ConvernerId=1
25.3.2009,49. sjednica Predstavničkog doma Parlamentarne skupštine BiH,https://parlament.ba/session/SessionDetails?id=1632&ConvernerId=1
18.3.2009,48. sjednica Predstavničkog doma Parlamentarne skupštine BiH,https://parlament.ba/session/SessionDetails?id=1631&ConvernerId=1
4.3.2009,47. sjednica Predstavničkog doma Parlamentarne skupštine BiH,https://parlament.ba/session/SessionDetails?id=1630&ConvernerId=1
18.2.2009,46. sjednica Predstavničkog doma Parlamentarne skupštine BiH,https://parlament.ba/session/SessionDetails?id=1629&ConvernerId=1
4.2.2009,45. sjednica Predstavničkog doma Parlamentarne skupštine BiH,https://parlament.ba/session/SessionDetails?id=1628&ConvernerId=1
21.1.2009,44. sjednica Predstavničkog doma Parlamentarne skupštine BiH,https://parlament.ba/session/SessionDetails?id=1627&ConvernerId=1
29.12.2008,43. sjednica Predstavničkog doma Parlamentarne skupštine BiH,https://parlament.ba/session/SessionDetails?id=1626&ConvernerId=1
29.12.2008,Nastavak 42. sjednice Predstavničkog doma Parlamentarne skupštine BiH,https://parlament.ba/session/SessionDetails?id=1625&ConvernerId=1
17.12.2008,42. sjednica Predstavničkog doma Parlamentarne skupštine BiH,https://parlament.ba/session/SessionDetails?id=1624&ConvernerId=1
3.12.2008,41. sjednica Predstavničkog doma Parlamentarne skupštine BiH,https://parlament.ba/session/SessionDetails?id=1623&ConvernerId=1
19.11.2008,40. sjednica Predstavničkog doma Parlamentarne skupštine BiH,https://parlament.ba/session/SessionDetails?id=1622&ConvernerId=1
19.11.2008,Nastavak 39. sjednice Predstavničkog doma Parlamentarne skupštine BiH,https://parlament.ba/session/SessionDetails?id=1621&ConvernerId=1
5.11.2008,39. sjednica Predstavničkog doma Parlamentarne skupštine BiH,https://parlament.ba/session/SessionDetails?id=1620&ConvernerId=1
29.10.2008,Nastavak 38. sjednice Predstavničkog doma Parlamentarne skupštine BiH,https://parlament.ba/session/SessionDetails?id=1619&ConvernerId=1
22.10.2008,38. sjednica Predstavničkog doma Parlamentarne skupštine BiH,https://parlament.ba/session/SessionDetails?id=1617&ConvernerId=1
22.10.2008,37. sjednica Predstavničkog doma Parlamentarne skupštine BiH,https://parlament.ba/session/SessionDetails?id=1618&ConvernerId=1
8.10.2008,36. sjednica Predstavničkog doma Parlamentarne skupštine BiH,https://parlament.ba/session/SessionDetails?id=1616&ConvernerId=1
8.10.2008,Nastavak 35. sjednice Predstavničkog doma Parlamentarne skupštine BiH,https://parlament.ba/session/SessionDetails?id=1615&ConvernerId=1
7.10.2008,Nastavak 35. sjednice Predstavničkog doma Parlamentarne skupštine BiH,https://parlament.ba/session/SessionDetails?id=1614&ConvernerId=1
24.9.2008,35. sjednica Predstavničkog doma Parlamentarne skupštine BiH,https://parlament.ba/session/SessionDetails?id=1613&ConvernerId=1
3.9.2008,34. sjednica Predstavničkog doma Parlamentarne skupštine BiH,https://parlament.ba/session/SessionDetails?id=1612&ConvernerId=1
29.7.2008,33. sjednica Predstavničkog doma Parlamentarne skupštine BiH,https://parlament.ba/session/SessionDetails?id=1611&ConvernerId=1
14.7.2008,Nastavak 32. sjednice Predstavničkog doma Parlamentarne skupštine BiH,https://parlament.ba/session/SessionDetails?id=1610&ConvernerId=1
9.7.2008,32. sjednica Predstavničkog doma Parlamentarne skupštine BiH,https://parlament.ba/session/SessionDetails?id=1609&ConvernerId=1
18.6.2008,31. sjednica Predstavničkog doma Parlamentarne skupštine BiH,https://parlament.ba/session/SessionDetails?id=1608&ConvernerId=1
4.6.2008,30. sjednica Predstavničkog doma Parlamentarne skupštine BiH,https://parlament.ba/session/SessionDetails?id=1607&ConvernerId=1
4.6.2008,Nastavak 29. sjednice Predstavničkog doma Parlamentarne skupštine BiH,https://parlament.ba/session/SessionDetails?id=1606&ConvernerId=1
14.5.2008,29. sjednica Predstavničkog doma Parlamentarne skupštine BiH,https://parlament.ba/session/SessionDetails?id=1605&ConvernerId=1
29.4.2008,28. sjednica Predstavničkog doma Parlamentarne skupštine BiH,https://parlament.ba/session/SessionDetails?id=1604&ConvernerId=1
10.4.2008,27. sjednica Predstavničkog doma Parlamentarne skupštine BiH,https://parlament.ba/session/SessionDetails?id=1603&ConvernerId=1
10.4.2008,Nastavak 26. sjednice Predstavničkog doma Parlamentarne skupštine BiH,https://parlament.ba/session/SessionDetails?id=1602&ConvernerId=1
3.4.2008,Nastavak 26. sjednice Predstavničkog doma Parlamentarne skupštine BiH,https://parlament.ba/session/SessionDetails?id=1601&ConvernerId=1
2.4.2008,26. sjednica Predstavničkog doma Parlamentarne skupštine BiH,https://parlament.ba/session/SessionDetails?id=1600&ConvernerId=1
20.3.2008,25. sjednica Predstavničkog doma Parlamentarne skupštine BiH,https://parlament.ba/session/SessionDetails?id=1599&ConvernerId=1
19.3.2008,Nastavak 24. sjednice Predstavničkog doma Parlamentarne skupštine BiH,https://parlament.ba/session/SessionDetails?id=1598&ConvernerId=1
18.3.2008,24. sjednica Predstavničkog doma Parlamentarne skupštine BiH,https://parlament.ba/session/SessionDetails?id=1597&ConvernerId=1
18.3.2008,23. sjednica Predstavničkog doma Parlamentarne skupštine BiH,https://parlament.ba/session/SessionDetails?id=1596&ConvernerId=1
20.2.2008,22. sjednica Predstavničkog doma Parlamentarne skupštine BiH,https://parlament.ba/session/SessionDetails?id=1595&ConvernerId=1
13.2.2008,21. sjednica Predstavničkog doma Parlamentarne skupštine BiH,https://parlament.ba/session/SessionDetails?id=1594&ConvernerId=1
16.1.2008,20. sjednica Predstavničkog doma Parlamentarne skupštine BiH,https://parlament.ba/session/SessionDetails?id=1593&ConvernerId=1
28.12.2007,19. sjednica Predstavničkog doma Parlamentarne skupštine BiH,https://parlament.ba/session/SessionDetails?id=1592&ConvernerId=1
17.12.2007,Nastavak 18. sjednice Predstavničkog doma Parlamentarne skupštine BiH,https://parlament.ba/session/SessionDetails?id=1591&ConvernerId=1
13.12.2007,Nastavak 18. sjednice Predstavničkog doma Parlamentarne skupštine BiH,https://parlament.ba/session/SessionDetails?id=1590&ConvernerId=1
12.12.2007,18. sjednica Predstavničkog doma Parlamentarne skupštine BiH,https://parlament.ba/session/SessionDetails?id=1589&ConvernerId=1
30.11.2007,17. sjednica Predstavničkog doma Parlamentarne skupštine BiH,https://parlament.ba/session/SessionDetails?id=1588&ConvernerId=1
30.10.2007,Nastavak 16. sjednice Predstavničkog doma Parlamentarne skupštine BiH,https://parlament.ba/session/SessionDetails?id=1587&ConvernerId=1
11.10.2007,16. sjednica Predstavničkog doma Parlamentarne skupštine BiH,https://parlament.ba/session/SessionDetails?id=1586&ConvernerId=1
26.9.2007,15. sjednica Predstavničkog doma Parlamentarne skupštine BiH,https://parlament.ba/session/SessionDetails?id=1585&ConvernerId=1
6.9.2007,14. sjednica Predstavničkog doma Parlamentarne skupštine BiH,https://parlament.ba/session/SessionDetails?id=1584&ConvernerId=1
5.9.2007,Nastavak 13. sjednice Predstavničkog doma Parlamentarne skupštine BiH,https://parlament.ba/session/SessionDetails?id=1583&ConvernerId=1
1.8.2007,Nastavak 13. sjednice Predstavničkog doma Parlamentarne skupštine BiH,https://parlament.ba/session/SessionDetails?id=1582&ConvernerId=1
31.7.2007,13. sjednica Predstavničkog doma Parlamentarne skupštine BiH,https://parlament.ba/session/SessionDetails?id=1581&ConvernerId=1
4.7.2007,12. sjednica Predstavničkog doma Parlamentarne skupštine BiH,https://parlament.ba/session/SessionDetails?id=1580&ConvernerId=1
21.6.2007,11. sjednica Predstavničkog doma Parlamentarne skupštine BiH,https://parlament.ba/session/SessionDetails?id=1579&ConvernerId=1
13.6.2007,10. sjednica Predstavničkog doma Parlamentarne skupštine BiH,https://parlament.ba/session/SessionDetails?id=1578&ConvernerId=1
23.5.2007,09. sjednica Predstavničkog doma Parlamentarne skupštine BiH,https://parlament.ba/session/SessionDetails?id=1577&ConvernerId=1
26.4.2007,08. sjednica Predstavničkog doma Parlamentarne skupštine BiH,https://parlament.ba/session/SessionDetails?id=1576&ConvernerId=1
12.4.2007,07. sjednica Predstavničkog doma Parlamentarne skupštine BiH,https://parlament.ba/session/SessionDetails?id=1575&ConvernerId=1
29.3.2007,06. sjednica Predstavničkog doma Parlamentarne skupštine BiH,https://parlament.ba/session/SessionDetails?id=1574&ConvernerId=1
15.3.2007,05. sjednica Predstavničkog doma Parlamentarne skupštine BiH,https://parlament.ba/session/SessionDetails?id=1573&ConvernerId=1
28.2.2007,04. sjednica Predstavničkog doma Parlamentarne skupštine BiH,https://parlament.ba/session/SessionDetails?id=1572&ConvernerId=1
9.2.2007,03. sjednica Predstavničkog doma Parlamentarne skupštine BiH,https://parlament.ba/session/SessionDetails?id=1571&ConvernerId=1
11.1.2007,2. sjednica Predstavničkog doma Parlamentarne skupštine BiH,https://parlament.ba/session/SessionDetails?id=1570&ConvernerId=1
20.11.2006,Konstituirajuća sjednica Predstavničkog doma Parlamentarne skupštine BiH,https://parlament.ba/session/SessionDetails?id=1569&ConvernerId=1
18.9.2006,85. sjednica Predstavničkog doma Parlamentarne skupštine Bosne i Hercegovine,https://parlament.ba/session/SessionDetails?id=2410&ConvernerId=1
29.8.2006,84. sjednica Predstavničkog doma Parlamentarne skupštine Bosne i Hercegovine,https://parlament.ba/session/SessionDetails?id=2409&ConvernerId=1
25.7.2006,83. sjednica Predstavničkog doma Parlamentarne skupštine Bosne i Hercegovine,https://parlament.ba/session/SessionDetails?id=2408&ConvernerId=1
7.7.2006,82. sjednica Predstavničkog doma Parlamentarne skupštine Bosne i Hercegovine,https://parlament.ba/session/SessionDetails?id=2407&ConvernerId=1
20.6.2006,81. sjednica Predstavničkog doma Parlamentarne skupštine Bosne i Hercegovine,https://parlament.ba/session/SessionDetails?id=2406&ConvernerId=1
24.5.2006,"80. sjednica Predstavničkog doma Parlamentarne skupštine Bosne i Hercegovine (24.05, 08.06. i 19.06.2006.)",https://parlament.ba/session/SessionDetails?id=2405&ConvernerId=1
18.5.2006,79. sjednica Predstavničkog doma Parlamentarne skupštine Bosne i Hercegovine,https://parlament.ba/session/SessionDetails?id=2404&ConvernerId=1
25.4.2006,78. sjednica Predstavničkog doma Parlamentarne skupštine Bosne i Hercegovine (25. i 26.04.2006.),https://parlament.ba/session/SessionDetails?id=2403&ConvernerId=1
13.4.2006,77. sjednica Predstavničkog doma Parlamentarne skupštine Bosne i Hercegovine,https://parlament.ba/session/SessionDetails?id=2402&ConvernerId=1
23.3.2006,76. sjednica Predstavničkog doma Parlamentarne skupštine Bosne i Hercegovine,https://parlament.ba/session/SessionDetails?id=2401&ConvernerId=1
7.3.2006,75. sjednica Predstavničkog doma Parlamentarne skupštine Bosne i Hercegovine,https://parlament.ba/session/SessionDetails?id=2400&ConvernerId=1
14.2.2006,74. sjednica Predstavničkog doma Parlamentarne skupštine Bosne i Hercegovine,https://parlament.ba/session/SessionDetails?id=2399&ConvernerId=1
30.1.2006,73. sjednica Predstavničkog doma Parlamentarne skupštine Bosne i Hercegovine,https://parlament.ba/session/SessionDetails?id=2398&ConvernerId=1
16.1.2006,72. sjednica Predstavničkog doma Parlamentarne skupštine Bosne i Hercegovine,https://parlament.ba/session/SessionDetails?id=2397&ConvernerId=1
21.12.2005,71. sjednica Predstavničkog doma Parlamentarne skupštine Bosne i Hercegovine,https://parlament.ba/session/SessionDetails?id=2396&ConvernerId=1
8.11.2005,70. сједница Представничког дома Парламентарне скупштине Босне и Херцеговине,https://parlament.ba/session/SessionDetails?id=2395&ConvernerId=1
25.10.2005,69. sjednica Predstavničkog doma Parlamentarne skupštine Bosne i Hercegovine,https://parlament.ba/session/SessionDetails?id=2394&ConvernerId=1
14.10.2005,68. sjednica Predstavničkog doma Parlamentarne skupštine Bosne i Hercegovine,https://parlament.ba/session/SessionDetails?id=2393&ConvernerId=1
30.9.2005,67. sjednica Predstavničkog doma Parlamentarne skupštine Bosne i Hercegovine,https://parlament.ba/session/SessionDetails?id=2392&ConvernerId=1
28.9.2005,66. sjednica Predstavničkog doma Parlamentarne skupštine Bosne i Hercegovine,https://parlament.ba/session/SessionDetails?id=2391&ConvernerId=1
16.9.2005,65. sjednica Predstavničkog doma Parlamentarne skupštine Bosne i Hercegovine,https://parlament.ba/session/SessionDetails?id=2390&ConvernerId=1
31.8.2005,64. sjednica Predstavničkog doma Parlamentarne skupštine Bosne i Hercegovine,https://parlament.ba/session/SessionDetails?id=2389&ConvernerId=1
27.7.2005,63. сједница Представничког дома Парламентарне скупштине Босне и Херцеговине (27.07. и 30.08.2005.),https://parlament.ba/session/SessionDetails?id=2388&ConvernerId=1
19.7.2005,62. сједница Представничког дома Парламентарне скупштине Босне и Херцеговине,https://parlament.ba/session/SessionDetails?id=2387&ConvernerId=1
30.6.2005,61. sjednica Predstavničkog doma Parlamentarne skupštine Bosne i Hercegovine,https://parlament.ba/session/SessionDetails?id=2386&ConvernerId=1
29.6.2005,60. sjednica Predstavničkog doma Parlamentarne skupštine Bosne i Hercegovine,https://parlament.ba/session/SessionDetails?id=2385&ConvernerId=1
29.6.2005,59. sjednica Predstavničkog doma Parlamentarne skupštine Bosne i Hercegovine,https://parlament.ba/session/SessionDetails?id=2384&ConvernerId=1
8.6.2005,58. sjednica Predstavničkog doma Parlamentarne skupštine Bosne i Hercegovine,https://parlament.ba/session/SessionDetails?id=2383&ConvernerId=1
17.5.2005,57. sjednica Predstavničkog doma Parlamentarne skupštine Bosne i Hercegovine,https://parlament.ba/session/SessionDetails?id=2382&ConvernerId=1
4.5.2005,56. sjednica Predstavničkog doma Parlamentarne skupštine Bosne i Hercegovine,https://parlament.ba/session/SessionDetails?id=2381&ConvernerId=1
21.4.2005,55. sjednica Predstavničkog doma Parlamentarne skupštine Bosne i Hercegovine,https://parlament.ba/session/SessionDetails?id=2380&ConvernerId=1
12.4.2005,54. sjednica Predstavničkog doma Parlamentarne skupštine Bosne i Hercegovine,https://parlament.ba/session/SessionDetails?id=2379&ConvernerId=1
10.3.2005,53. sjednica Predstavničkog doma Parlamentarne skupštine Bosne i Hercegovine (10. i 24.03.2005.),https://parlament.ba/session/SessionDetails?id=2378&ConvernerId=1
18.2.2005,52. sjednica Predstavničkog doma Parlamentarne skupštine Bosne i Hercegovine,https://parlament.ba/session/SessionDetails?id=2377&ConvernerId=1
3.2.2005,51. sjednica Predstavničkog doma Parlamentarne skupštine Bosne i Hercegovine,https://parlament.ba/session/SessionDetails?id=2376&ConvernerId=1
12.1.2005,50. sjednica Predstavničkog doma Parlamentarne skupštine Bosne i Hercegovine,https://parlament.ba/session/SessionDetails?id=2375&ConvernerId=1
29.12.2004,49. sjednica Predstavničkog doma Parlamentarne skupštine Bosne i Hercegovine,https://parlament.ba/session/SessionDetails?id=2374&ConvernerId=1
22.12.2004,48. sjednica Predstavničkog doma Parlamentarne skupštine Bosne i Hercegovine (22. i 29.12.2004.),https://parlament.ba/session/SessionDetails?id=2373&ConvernerId=1
2.12.2004,47. sjednica Predstavničkog doma Parlamentarne skupštine Bosne i Hercegovine,https://parlament.ba/session/SessionDetails?id=2372&ConvernerId=1
4.11.2004,46. sjednica Predstavničkog doma Parlamentarne skupštine Bosne i Hercegovine,https://parlament.ba/session/SessionDetails?id=2371&ConvernerId=1
12.10.2004,45. sjednica Predstavničkog doma Parlamentarne skupštine Bosne i Hercegovine,https://parlament.ba/session/SessionDetails?id=2370&ConvernerId=1
23.9.2004,44. sjednica Predstavničkog doma Parlamentarne skupštine Bosne i Hercegovine,https://parlament.ba/session/SessionDetails?id=2369&ConvernerId=1
7.9.2004,43. sjednica Predstavničkog doma Parlamentarne skupštine Bosne i Hercegovine (07. i 08.09.2004.),https://parlament.ba/session/SessionDetails?id=2368&ConvernerId=1
27.7.2004,42. sjednica Predstavničkog doma Parlamentarne skupštine Bosne i Hercegovine,https://parlament.ba/session/SessionDetails?id=2367&ConvernerId=1
14.7.2004,41. sjednica Predstavničkog doma Parlamentarne skupštine Bosne i Hercegovine (14. i 27.07.2004.),https://parlament.ba/session/SessionDetails?id=2366&ConvernerId=1
25.6.2004,40. sjednica Predstavničkog doma Parlamentarne skupštine Bosne i Hercegovine,https://parlament.ba/session/SessionDetails?id=2365&ConvernerId=1
18.6.2004,39. sjednica Predstavničkog doma Parlamentarne skupštine Bosne i Hercegovine (18. i 25.06.2004.),https://parlament.ba/session/SessionDetails?id=2364&ConvernerId=1
9.6.2004,38. sjednica Predstavničkog doma Parlamentarne skupštine Bosne i Hercegovine,https://parlament.ba/session/SessionDetails?id=2363&ConvernerId=1
21.5.2004,"37. sjednica Predstavničkog doma Parlamentarne skupštine Bosne i Hercegovine (21.05, 27.05 i 09.06.2004.)",https://parlament.ba/session/SessionDetails?id=2362&ConvernerId=1
11.5.2004,36. sjednica Predstavničkog doma Parlamentarne skupštine Bosne i Hercegovine,https://parlament.ba/session/SessionDetails?id=2361&ConvernerId=1
4.5.2004,35. sjednica Predstavničkog doma Parlamentarne skupštine Bosne i Hercegovine,https://parlament.ba/session/SessionDetails?id=2360&ConvernerId=1
23.4.2004,34. sjednica Predstavničkog doma Parlamentarne skupštine Bosne i Hercegovine,https://parlament.ba/session/SessionDetails?id=2359&ConvernerId=1
14.4.2004,33. sjednica Predstavničkog doma Parlamentarne skupštine Bosne i Hercegovine,https://parlament.ba/session/SessionDetails?id=2358&ConvernerId=1
31.3.2004,32. sjednica Predstavničkog doma Parlamentarne skupštine Bosne i Hercegovine,https://parlament.ba/session/SessionDetails?id=2357&ConvernerId=1
15.3.2004,31. sjednica Predstavničkog doma Parlamentarne skupštine Bosne i Hercegovine,https://parlament.ba/session/SessionDetails?id=2356&ConvernerId=1
24.2.2004,30. sjednica Predstavničkog doma Parlamentarne skupštine Bosne i Hercegovine,https://parlament.ba/session/SessionDetails?id=2355&ConvernerId=1
12.2.2004,29. sjednica Predstavničkog doma Parlamentarne skupštine Bosne i Hercegovine,https://parlament.ba/session/SessionDetails?id=2354&ConvernerId=1
22.1.2004,28. sjednica Predstavničkog doma Parlamentarne skupštine Bosne i Hercegovine,https://parlament.ba/session/SessionDetails?id=2353&ConvernerId=1
29.12.2003,27. sjednica Predstavničkog doma Parlamentarne skupštine Bosne i Hercegovine,https://parlament.ba/session/SessionDetails?id=2352&ConvernerId=1
18.12.2003,26. sjednica Predstavničkog doma Parlamentarne skupštine Bosne i Hercegovine,https://parlament.ba/session/SessionDetails?id=2351&ConvernerId=1
1.12.2003,25. sjednica Predstavničkog doma Parlamentarne skupštine Bosne i Hercegovine,https://parlament.ba/session/SessionDetails?id=2350&ConvernerId=1
27.11.2003,24. sjednica Predstavničkog doma Parlamentarne skupštine Bosne i Hercegovine,https://parlament.ba/session/SessionDetails?id=2349&ConvernerId=1
20.11.2003,23. sjednica Predstavničkog doma Parlamentarne skupštine Bosne i Hercegovine,https://parlament.ba/session/SessionDetails?id=2348&ConvernerId=1
7.11.2003,22. sjednica Predstavničkog doma Parlamentarne skupštine Bosne i Hercegovine (07. i 12.11.2003.),https://parlament.ba/session/SessionDetails?id=2347&ConvernerId=1
23.10.2003,21. sjednica Predstavničkog doma Parlamentarne skupštine Bosne i Hercegovine,https://parlament.ba/session/SessionDetails?id=2346&ConvernerId=1
13.10.2003,20. sjednica Predstavničkog doma Parlamentarne skupštine Bosne i Hercegovine,https://parlament.ba/session/SessionDetails?id=2345&ConvernerId=1
24.9.2003,19. sjednica Predstavničkog doma Parlamentarne skupštine Bosne i Hercegovine,https://parlament.ba/session/SessionDetails?id=2344&ConvernerId=1
10.9.2003,18. sjednica Predstavničkog doma Parlamentarne skupštine Bosne i Hercegovine (10. i 23.09.2003.),https://parlament.ba/session/SessionDetails?id=2343&ConvernerId=1
7.8.2003,17. sjednica Predstavničkog doma Parlamentarne skupštine Bosne i Hercegovine,https://parlament.ba/session/SessionDetails?id=2342&ConvernerId=1
17.7.2003,16. sjednica Predstavničkog doma Parlamentarne skupštine Bosne i Hercegovine,https://parlament.ba/session/SessionDetails?id=2341&ConvernerId=1
27.6.2003,15. sjednica Predstavničkog doma Parlamentarne skupštine Bosne i Hercegovine (27.06. i 17.07.2003.),https://parlament.ba/session/SessionDetails?id=2340&ConvernerId=1
6.6.2003,14. sjednica Predstavničkog doma Parlamentarne skupštine Bosne i Hercegovine,https://parlament.ba/session/SessionDetails?id=2339&ConvernerId=1
13.5.2003,13. sjednica Predstavničkog doma Parlamentarne skupštine Bosne i Hercegovine,https://parlament.ba/session/SessionDetails?id=2338&ConvernerId=1
22.4.2003,12. sjednica Predstavničkog doma Parlamentarne skupštine Bosne i Hercegovine,https://parlament.ba/session/SessionDetails?id=2337&ConvernerId=1
9.4.2003,11. sjednica Predstavničkog doma Parlamentarne skupštine Bosne i Hercegovine,https://parlament.ba/session/SessionDetails?id=2336&ConvernerId=1
5.3.2003,10. sjednica Predstavničkog doma Parlamentarne skupštine Bosne i Hercegovine,https://parlament.ba/session/SessionDetails?id=2335&ConvernerId=1
4.3.2003,09. sjednica Predstavničkog doma Parlamentarne skupštine Bosne i Hercegovine,https://parlament.ba/session/SessionDetails?id=2334&ConvernerId=1
4.2.2003,08. sjednica Predstavničkog doma Parlamentarne skupštine Bosne i Hercegovine,https://parlament.ba/session/SessionDetails?id=2333&ConvernerId=1
13.1.2003,07. sjednica Predstavničkog doma Parlamentarne skupštine Bosne i Hercegovine,https://parlament.ba/session/SessionDetails?id=2332&ConvernerId=1
3.1.2003,06. sjednica Predstavničkog doma Parlamentarne skupštine Bosne i Hercegovine,https://parlament.ba/session/SessionDetails?id=2331&ConvernerId=1
23.12.2002,05. sjednica Predstavničkog doma Parlamentarne skupštine Bosne i Hercegovine,https://parlament.ba/session/SessionDetails?id=2330&ConvernerId=1
17.12.2002,04. sjednica Predstavničkog doma Parlamentarne skupštine Bosne i Hercegovine,https://parlament.ba/session/SessionDetails?id=2329&ConvernerId=1
11.12.2002,03. sjednica Predstavničkog doma Parlamentarne skupštine Bosne i Hercegovine,https://parlament.ba/session/SessionDetails?id=2328&ConvernerId=1
9.12.2002,02. sjednica Predstavničkog doma Parlamentarne skupštine Bosne i Hercegovine,https://parlament.ba/session/SessionDetails?id=2327&ConvernerId=1
1.10.2002,32. sjednica Predstavničkog doma Parlamentarne skupštine Bosne i Hercegovine (01.10. i 04.10.2002.),https://parlament.ba/session/SessionDetails?id=2325&ConvernerId=1
16.9.2002,31. sjednica Predstavničkog doma Parlamentarne skupštine Bosne i Hercegovine,https://parlament.ba/session/SessionDetails?id=2324&ConvernerId=1
3.9.2002,Konstituirajuća sjednica Predstavničkog doma Parlamentarne skupštine Bosne i Hercegovine (03. i 09.12.2002.),https://parlament.ba/session/SessionDetails?id=2326&ConvernerId=1
1.8.2002,30. sjednica Predstavničkog doma Parlamentarne skupštine Bosne i Hercegovine,https://parlament.ba/session/SessionDetails?id=2323&ConvernerId=1
16.7.2002,29. sjednica Predstavničkog doma Parlamentarne skupštine Bosne i Hercegovine,https://parlament.ba/session/SessionDetails?id=2322&ConvernerId=1
3.7.2002,28. sjednica Predstavničkog doma Parlamentarne skupštine Bosne i Hercegovine,https://parlament.ba/session/SessionDetails?id=2321&ConvernerId=1
20.6.2002,27. sjednica Predstavničkog doma Parlamentarne skupštine Bosne i Hercegovine,https://parlament.ba/session/SessionDetails?id=2320&ConvernerId=1
29.5.2002,26. sjednica Predstavničkog doma Parlamentarne skupštine Bosne i Hercegovine,https://parlament.ba/session/SessionDetails?id=2319&ConvernerId=1
23.5.2002,25. sjednica Predstavničkog doma Parlamentarne skupštine Bosne i Hercegovine,https://parlament.ba/session/SessionDetails?id=2318&ConvernerId=1
17.4.2002,24. sjednica Predstavničkog doma Parlamentarne skupštine Bosne i Hercegovine,https://parlament.ba/session/SessionDetails?id=2317&ConvernerId=1
17.4.2002,23. sjednica Predstavničkog doma Parlamentarne skupštine Bosne i Hercegovine,https://parlament.ba/session/SessionDetails?id=2316&ConvernerId=1
15.3.2002,22. sjednica Predstavničkog doma Parlamentarne skupštine Bosne i Hercegovine,https://parlament.ba/session/SessionDetails?id=2315&ConvernerId=1
12.3.2002,21. sjednica Predstavničkog doma Parlamentarne skupštine Bosne i Hercegovine (12. i 15.03.2002.),https://parlament.ba/session/SessionDetails?id=2314&ConvernerId=1
12.2.2002,20. sjednica Predstavničkog doma Parlamentarne skupštine Bosne i Hercegovine,https://parlament.ba/session/SessionDetails?id=2313&ConvernerId=1
16.1.2002,19. sjednica Predstavničkog doma Parlamentarne skupštine Bosne i Hercegovine,https://parlament.ba/session/SessionDetails?id=2312&ConvernerId=1
28.12.2001,18. sjednica Predstavničkog doma Parlamentarne skupštine Bosne i Hercegovine (13. i 28.12.2001.),https://parlament.ba/session/SessionDetails?id=2311&ConvernerId=1
30.11.2001,17. sjednica Predstavničkog doma Parlamentarne skupštine Bosne i Hercegovine (30.11. i 13.12.2001.),https://parlament.ba/session/SessionDetails?id=2310&ConvernerId=1
20.11.2001,16. sjednica Predstavničkog doma Parlamentarne skupštine Bosne i Hercegovine,https://parlament.ba/session/SessionDetails?id=2309&ConvernerId=1
24.10.2001,15. sjednica Predstavničkog doma Parlamentarne skupštine Bosne i Hercegovine (24. i 25.10.2001.),https://parlament.ba/session/SessionDetails?id=2308&ConvernerId=1
9.10.2001,14. sjednica Predstavničkog doma Parlamentarne skupštine Bosne i Hercegovine,https://parlament.ba/session/SessionDetails?id=2307&ConvernerId=1
21.8.2001,13. sjednica Predstavničkog doma Parlamentarne skupštine Bosne i Hercegovine,https://parlament.ba/session/SessionDetails?id=2306&ConvernerId=1
18.7.2001,12. sjednica Predstavničkog doma Parlamentarne skupštine Bosne i Hercegovine,https://parlament.ba/session/SessionDetails?id=2305&ConvernerId=1
6.7.2001,11. sjednica Predstavničkog doma Parlamentarne skupštine Bosne i Hercegovine,https://parlament.ba/session/SessionDetails?id=2304&ConvernerId=1
20.6.2001,10. sjednica Predstavničkog doma Parlamentarne skupštine Bosne i Hercegovine (20. i 21.06.2001.),https://parlament.ba/session/SessionDetails?id=2303&ConvernerId=1
6.6.2001,09. sjednica Predstavničkog doma Parlamentarne skupštine Bosne i Hercegovine,https://parlament.ba/session/SessionDetails?id=2302&ConvernerId=1
17.5.2001,8. sjednica Predstavničkog doma Parlamentarne skupštine Bosne i Hercegovine,https://parlament.ba/session/SessionDetails?id=2301&ConvernerId=1
19.4.2001,7. sjednica Predstavničkog doma Parlamentarne skupštine Bosne i Hercegovine,https://parlament.ba/session/SessionDetails?id=2300&ConvernerId=1
27.3.2001,6. sjednica Predstavničkog doma Parlamentarne skupštine Bosne i Hercegovine,https://parlament.ba/session/SessionDetails?id=2299&ConvernerId=1
26.3.2001,5. sjednica Predstavničkog doma Parlamentarne skupštine Bosne i Hercegovine,https://parlament.ba/session/SessionDetails?id=2298&ConvernerId=1
22.2.2001,4. sjednica Predstavničkog doma Parlamentarne skupštine Bosne i Hercegovine,https://parlament.ba/session/SessionDetails?id=2297&ConvernerId=1
7.2.2001,3. sjednicа Predstavničkog doma Parlamentarne skupštine Bosne i Hercegovine,https://parlament.ba/session/SessionDetails?id=2296&ConvernerId=1
29.1.2001,2. sjednica Predstavničkog doma Parlamentarne skupštine Bosne i Hercegovine,https://parlament.ba/session/SessionDetails?id=2295&ConvernerId=1
29.12.2000,Konstituirajuća sjednica Predstavničkog doma Parlamentarne skupštine Bosne i Hercegovine,https://parlament.ba/session/SessionDetails?id=2294&ConvernerId=1
18.10.2000,26. sjednica Predstavničkog doma Parlamentarne skupštine Bosne i Hercegovine,https://parlament.ba/session/SessionDetails?id=2447&ConvernerId=1
29.8.2000,"25. sjednica Predstavničkog doma Parlamentarne skupštine Bosne i Hercegovine (29.08., 06.09., 14.09., 28.09. i 12.10.2000.)",https://parlament.ba/session/SessionDetails?id=2446&ConvernerId=1
27.7.2000,24. sjednica Predstavničkog doma Parlamentarne skupštine Bosne i Hercegovine,https://parlament.ba/session/SessionDetails?id=2445&ConvernerId=1
22.6.2000,23. sjednice Predstavničkog doma Parlamentarne skupštine Bosne i Hercegovine (22.06. i 04.07.2000.),https://parlament.ba/session/SessionDetails?id=2444&ConvernerId=1
6.6.2000,22. sjednice Predstavničkog doma Parlamentarne skupštine Bosne i Hercegovine,https://parlament.ba/session/SessionDetails?id=2443&ConvernerId=1
6.6.2000,21. sjednica Predstavničkog doma Parlamentarne skupštine Bosne i Hercegovine,https://parlament.ba/session/SessionDetails?id=2442&ConvernerId=1
8.5.2000,20. sjednica Predstavničkog doma Parlamentarne skupštine Bosne i Hercegovine ( 08.05. i 17.05.2000.),https://parlament.ba/session/SessionDetails?id=2441&ConvernerId=1
19.4.2000,19. sjednica Predstavničkog doma Parlamentarne skupštine Bosne i Hercegovine,https://parlament.ba/session/SessionDetails?id=2440&ConvernerId=1
7.3.2000,"18. sjednica Predstavničkog doma Parlamentarne skupštine Bosne i Hercegovine (07.03., 22.03. i 13.04.2000.)",https://parlament.ba/session/SessionDetails?id=2439&ConvernerId=1
15.2.2000,17. sjednica Predstavničkog doma Parlamentarne skupštine Bosne i Hercegovine (15.02. i 29.02.2000.),https://parlament.ba/session/SessionDetails?id=2438&ConvernerId=1
12.1.2000,"16. sjednica Predstavničkog doma Parlamentarne skupštine Bosne i Hercegovine (12.01., 18.01., 31.01. i 01.02.2000.)",https://parlament.ba/session/SessionDetails?id=2437&ConvernerId=1
15.12.1999,15. sjednica Predstavničkog doma Parlamentarne skupštine Bosne i Hercegovine (15.12. i 29.12.1999.),https://parlament.ba/session/SessionDetails?id=2436&ConvernerId=1
1.12.1999,14. sjednica Predstavničkog doma Parlamentarne skupštine Bosne i Hercegovine,https://parlament.ba/session/SessionDetails?id=2435&ConvernerId=1
23.11.1999,13. sjednica Predstavničkog doma Parlamentarne skupštine Bosne i Hercegovine (23.11. i 24.11.1999.),https://parlament.ba/session/SessionDetails?id=2434&ConvernerId=1
10.11.1999,12. sjednica Predstavničkog doma Parlamentarne skupštine Bosne i Hercegovine (10.11. i 24.11.1999.),https://parlament.ba/session/SessionDetails?id=2433&ConvernerId=1
5.10.1999,"11. sjednica Predstavničkog doma Parlamentarne skupštine Bosne i Hercegovine (05.10., 13.10., 27.10. i 09.11.1999.)",https://parlament.ba/session/SessionDetails?id=2432&ConvernerId=1
17.9.1999,10. sjednica Predstavničkog doma Parlamentarne skupštine Bosne i Hercegovine,https://parlament.ba/session/SessionDetails?id=2431&ConvernerId=1
31.8.1999,9. sjednica Predstavničkog doma Parlamentarne skupštine Bosne i Hercegovine (31.08. i 10.09.1999.),https://parlament.ba/session/SessionDetails?id=2430&ConvernerId=1
27.7.1999,8. sjednica Predstavničkog doma Parlamentarne skupštine Bosne i Hercegovine,https://parlament.ba/session/SessionDetails?id=2429&ConvernerId=1
15.7.1999,7. sjednica Predstavničkog doma Parlamentarne skupštine Bosne i Hercegovine,https://parlament.ba/session/SessionDetails?id=2427&ConvernerId=1
8.6.1999,6. sjednica Predstavničkog doma Parlamentarne skupštine Bosne i Hercegovine,https://parlament.ba/session/SessionDetails?id=2426&ConvernerId=1
11.5.1999,5. sjednica Predstavničkog doma Parlamentarne skupštine Bosne i Hercegovine,https://parlament.ba/session/SessionDetails?id=2425&ConvernerId=1
10.2.1999,4. sjednica Predstavničkog doma Parlamentarne skupštine Bosne i Hercegovine,https://parlament.ba/session/SessionDetails?id=2424&ConvernerId=1
3.2.1999,3. sjednica Predstavničkog doma Parlamentarne skupštine Bosne i Hercegovine (03.02. i 04.02.1999.),https://parlament.ba/session/SessionDetails?id=2424&ConvernerId=1
10.12.1998,2. sjednica Predstavničkog doma Parlamentarne skupštine Bosne i Hercegovine,https://parlament.ba/session/SessionDetails?id=2423&ConvernerId=1
26.11.1998,1. sjednica Predstavničkog doma Parlamentarne skupštine Bosne i Hercegovine (26.11. i 03.12.1998.),https://parlament.ba/session/SessionDetails?id=2422&ConvernerId=1
1.9.1998,11. sjednica Predstavničkog doma Parlamentarne skupštine Bosne i Hercegovine,https://parlament.ba/session/SessionDetails?id=2421&ConvernerId=1
2.7.1998,10. sjednica Predstavničkog doma Parlamentarne skupštine Bosne i Hercegovine (02.07. i 14.07.1998.),https://parlament.ba/session/SessionDetails?id=2420&ConvernerId=1
18.5.1998,9. sjednica Predstavničkog doma Parlamentarne skupštine Bosne i Hercegovine,https://parlament.ba/session/SessionDetails?id=2419&ConvernerId=1
27.4.1998,8. sjednica Predstavničkog doma Parlamentarne skupštine Bosne i Hercegovine,https://parlament.ba/session/SessionDetails?id=2418&ConvernerId=1
5.3.1998,7. sjednica Predstavničkog doma Parlamentarne skupštine Bosne i Hercegovine,https://parlament.ba/session/SessionDetails?id=2417&ConvernerId=1
3.2.1998,6. sjednica Predstavničkog doma Parlamentarne skupštine Bosne i Hercegovine (03.02. i 05.03.1998.),https://parlament.ba/session/SessionDetails?id=2416&ConvernerId=1
18.11.1997,"5. sjednica Predstavničkog doma Parlamentarne skupštine Bosne i Hercegovine (18.11, 2.12, 15.12.1997. i 3.2.1998.)",https://parlament.ba/session/SessionDetails?id=2415&ConvernerId=1
16.9.1997,4. sjednica Predstavničkog doma Parlamentarne skupštine Bosne i Hercegovine,https://parlament.ba/session/SessionDetails?id=2414&ConvernerId=1
20.6.1997,3. sjednica Predstavničkog doma Parlamentarne skupštine Bosne i Hercegovine,https://parlament.ba/session/SessionDetails?id=2413&ConvernerId=1
30.4.1997,2. sjednica Predstavničkog doma Parlamentarne skupštine Bosne i Hercegovine,https://parlament.ba/session/SessionDetails?id=2412&ConvernerId=1
3.1.1997,1. sjednica Predstavničkog doma Parlamentarne skupštine Bosne i Hercegovine,https://parlament.ba/session/SessionDetails?id=2411&ConvernerId=1
