transcript_link,youtube_link
/et/201412181000,
/et/201412171400,
/et/201412171300,
/et/201412161000,
/et/201412151500,
/et/201412111000,
/et/201412101400,
/et/201412101300,
/et/201412091000,
/et/201412081500,
/et/201412041000,
/et/201412031400,
/et/201412031300,
/et/201412021000,
/et/201412011500,
/et/201411201000,
/et/201411191400,
/et/201411191300,
/et/201411181000,
/et/201411171500,
/et/201411131000,
/et/201411121400,
/et/201411121300,
/et/201411111000,
/et/201411101500,
/et/201411061000,
/et/201411051400,
/et/201411051300,
/et/201411041000,
/et/201411031500,
/et/201410231000,
/et/201410221400,
/et/201410221300,
/et/201410211000,
/et/201410201500,
/et/201410161000,
/et/201410151400,
/et/201410151300,
/et/201410141000,
/et/201410131500,
/et/201410091000,
/et/201410081400,
/et/201410081300,
/et/201410071000,
/et/201410061500,
/et/201409251000,
/et/201409241400,
/et/201409241300,
/et/201409231000,
/et/201409221500,
/et/201409181000,
/et/201409171400,
/et/201409171300,
/et/201409161000,
/et/201409151500,
/et/201409111000,
/et/201409101400,
/et/201409101300,
/et/201409091000,
/et/201409081500,
/et/201407011200,
/et/201406301000,
/et/201406201000,
/et/201406191000,
/et/201406181400,
/et/201406181300,
/et/201406171000,
/et/201406161500,
/et/201406121000,
/et/201406111400,
/et/201406111300,
/et/201406101000,
/et/201406091500,
/et/201406051000,
/et/201406041400,
/et/201406041300,
/et/201406031000,
/et/201406021500,
/et/201405221000,
/et/201405211400,
/et/201405211300,
/et/201405201000,
/et/201405191500,
/et/201405151000,
/et/201405141400,
/et/201405141300,
/et/201405131000,
/et/201405121500,
/et/201405081000,
/et/201405071400,
/et/201405071300,
/et/201405061000,
/et/201405051500,
/et/201404241000,
/et/201404231400,
/et/201404231300,
/et/201404221000,
/et/201404211500,
/et/201404171000,
/et/201404161400,
/et/201404161300,
/et/201404151000,
/et/201404141500,
/et/201404101000,
/et/201404091400,
/et/201404091300,
/et/201404081000,
/et/201404071500,
/et/201403271000,
/et/201403261400,
/et/201403261300,
/et/201403251000,
/et/201403241500,
/et/201403201000,
/et/201403191400,
/et/201403191300,
/et/201403181000,
/et/201403171500,
/et/201403131000,
/et/201403121400,
/et/201403121300,
/et/201403111000,
/et/201403101500,
/et/201403051600,
/et/201403051200,
/et/201402271000,
/et/201402261400,
/et/201402261300,
/et/201402251000,
/et/201402201000,
/et/201402191400,
/et/201402191300,
/et/201402181000,
/et/201402171500,
/et/201402131000,
/et/201402121400,
/et/201402121300,
/et/201402111000,
/et/201402101500,
/et/201401301000,
/et/201401291400,
/et/201401291300,
/et/201401281000,
/et/201401271500,
/et/201401231000,
/et/201401221400,
/et/201401221300,
/et/201401211000,
/et/201401201500,
/et/201401161000,
/et/201401151400,
/et/201401151300,
/et/201401141000,
/et/201401131500,
/et/201512171000,
/et/201512161400,
/et/201512161300,
/et/201512151000,
/et/201512141500,
/et/201512101000,
/et/201512091400,
/et/201512091300,
/et/201512081000,
/et/201512071500,
/et/201511261000,
/et/201511251400,
/et/201511251300,
/et/201511241000,
/et/201511231500,
/et/201511191000,
/et/201511181400,
/et/201511181300,
/et/201511171000,
/et/201511161500,
/et/201511121000,
/et/201511111400,
/et/201511111300,
/et/201511101000,
/et/201511091500,
/et/201510291000,
/et/201510281400,
/et/201510281300,
/et/201510271000,
/et/201510261500,
/et/201510221000,
/et/201510211400,
/et/201510211300,
/et/201510201000,
/et/201510191500,
/et/201510151000,
/et/201510141400,
/et/201510141300,
/et/201510131000,
/et/201510121500,
/et/201510011000,
/et/201509301400,
/et/201509301300,
/et/201509291000,
/et/201509281500,
/et/201509241000,
/et/201509231400,
/et/201509231300,
/et/201509221000,
/et/201509211500,
/et/201509171000,
/et/201509161400,
/et/201509161300,
/et/201509151000,
/et/201509141500,
/et/201508181400,
/et/201507161300,
/et/201506152320,
/et/201506151100,
/et/201506111000,
/et/201506101400,
/et/201506101300,
/et/201506091000,
/et/201506081500,
/et/201506041000,
/et/201506031400,
/et/201506031300,
/et/201506021000,
/et/201506011500,
/et/201505281000,
/et/201505271400,
/et/201505271300,
/et/201505261000,
/et/201505251500,
/et/201505141000,
/et/201505131400,
/et/201505131300,
/et/201505121000,
/et/201505111500,
/et/201505071000,
/et/201505061400,
/et/201505061300,
/et/201505051000,
/et/201505041500,
/et/201504301000,
/et/201504291400,
/et/201504291300,
/et/201504281000,
/et/201504271500,
/et/201504161000,
/et/201504151400,
/et/201504151300,
/et/201504141000,
/et/201504131500,
/et/201504091000,
/et/201504081400,
/et/201504071000,
/et/201504061500,
/et/201504021000,
/et/201504011400,
/et/201503311000,
/et/201503301500,
/et/201502191000,
/et/201502181400,
/et/201502181300,
/et/201502171000,
/et/201502161500,
/et/201502121000,
/et/201502111400,
/et/201502111300,
/et/201502101000,
/et/201502091500,
/et/201501291000,
/et/201501281400,
/et/201501281300,
/et/201501271000,
/et/201501261500,
/et/201501221000,
/et/201501211400,
/et/201501211300,
/et/201501201000,
/et/201501191500,
/et/201501151000,
/et/201501141400,
/et/201501141300,
/et/201501131000,
/et/201501121500,
/et/201612191100,
/et/201612151000,
/et/201612141400,
/et/201612141300,
/et/201612131000,
/et/201612121500,
/et/201612081000,
/et/201612071400,
/et/201612071300,
/et/201612061000,
/et/201612051500,
/et/201611241000,
/et/201611231400,
/et/201611221000,
/et/201611211500,
/et/201611171000,
/et/201611161400,
/et/201611161300,
/et/201611151000,
/et/201611141500,
/et/201611101000,
/et/201611091400,
/et/201611091300,
/et/201611081000,
/et/201611071500,
/et/201610271000,
/et/201610261400,
/et/201610261300,
/et/201610251000,
/et/201610241500,
/et/201610201000,
/et/201610191400,
/et/201610191300,
/et/201610181000,
/et/201610171500,
/et/201610131000,
/et/201610121400,
/et/201610121300,
/et/201610111000,
/et/201610101500,
/et/201610031300,
/et/201609291000,
/et/201609281400,
/et/201609281300,
/et/201609271000,
/et/201609261500,
/et/201609221000,
/et/201609211400,
/et/201609211300,
/et/201609201000,
/et/201609191500,
/et/201609151000,
/et/201609141400,
/et/201609141300,
/et/201609131000,
/et/201609121500,
/et/201608301600,
/et/201608301200,
/et/201608291300,
/et/201606161000,
/et/201606151400,
/et/201606151300,
/et/201606141000,
/et/201606131500,
/et/201606091000,
/et/201606081400,
/et/201606081300,
/et/201606071000,
/et/201606061500,
/et/201606021000,
/et/201606011400,
/et/201606011300,
/et/201605311000,
/et/201605301500,
/et/201605191000,
/et/201605181400,
/et/201605181300,
/et/201605171000,
/et/201605161500,
/et/201605121000,
/et/201605111400,
/et/201605111300,
/et/201605101000,
/et/201605091500,
/et/201605051000,
/et/201605041400,
/et/201605041300,
/et/201605031000,
/et/201605021500,
/et/201604211000,
/et/201604201400,
/et/201604201300,
/et/201604191000,
/et/201604181500,
/et/201604141000,
/et/201604131400,
/et/201604131300,
/et/201604121000,
/et/201604111500,
/et/201604071000,
/et/201604061400,
/et/201604061300,
/et/201604051000,
/et/201604041500,
/et/201603241000,
/et/201603231400,
/et/201603231300,
/et/201603221000,
/et/201603211500,
/et/201603171000,
/et/201603161400,
/et/201603161300,
/et/201603151000,
/et/201603141500,
/et/201603101000,
/et/201603091400,
/et/201603091300,
/et/201603081000,
/et/201603071500,
/et/201602251000,
/et/201602231000,
/et/201602221500,
/et/201602181000,
/et/201602171400,
/et/201602171300,
/et/201602161000,
/et/201602151500,
/et/201602111000,
/et/201602101400,
/et/201602101300,
/et/201602091000,
/et/201602081500,
/et/201601281000,
/et/201601271400,
/et/201601271300,
/et/201601261000,
/et/201601251500,
/et/201601211000,
/et/201601201400,
/et/201601201300,
/et/201601191000,
/et/201601181500,
/et/201601141000,
/et/201601131400,
/et/201601131300,
/et/201601121000,
/et/201601111500,
/et/201712211000,
/et/201712201400,https://www.youtube.com/watch?v=HaJmfXyDAsQ
/et/201712201300,https://www.youtube.com/watch?v=WxqcB7BGSDA
/et/201712191000,
/et/201712181500,
/et/201712141000,
/et/201712131400,
/et/201712131300,
/et/201712121000,
/et/201712111500,
/et/201712071000,
/et/201712061400,
/et/201712061300,
/et/201712051000,
/et/201712041500,
/et/201711231000,
/et/201711221400,
/et/201711221300,
/et/201711211000,
/et/201711201500,
/et/201711161000,
/et/201711151400,
/et/201711151300,
/et/201711141000,
/et/201711131500,
/et/201711091000,
/et/201711081400,
/et/201711081300,
/et/201711071000,
/et/201711061500,
/et/201710261000,
/et/201710251400,
/et/201710251300,
/et/201710241000,
/et/201710231500,
/et/201710191000,
/et/201710181400,
/et/201710181300,
/et/201710171000,
/et/201710161500,
/et/201710121000,
/et/201710111400,
/et/201710111300,
/et/201710101000,
/et/201710091500,
/et/201709281000,
/et/201709271400,
/et/201709271300,
/et/201709261000,
/et/201709251500,
/et/201709211000,
/et/201709201400,
/et/201709201300,
/et/201709191000,
/et/201709181500,
/et/201709141000,
/et/201709131400,
/et/201709131300,
/et/201709121000,
/et/201709111500,
/et/201706191000,
/et/201706151000,
/et/201706141400,
/et/201706141300,
/et/201706131000,
/et/201706121500,
/et/201706081000,
/et/201706071400,
/et/201706071300,
/et/201706061000,
/et/201706051500,
/et/201706011000,
/et/201705311400,
/et/201705311300,
/et/201705301000,
/et/201705291500,
/et/201705181000,
/et/201705171400,
/et/201705171300,
/et/201705161000,
/et/201705151500,
/et/201705111000,
/et/201705101400,
/et/201705101300,
/et/201705091000,
/et/201705081500,
/et/201705041000,
/et/201705031400,
/et/201705021300,
/et/201705021000,
/et/201704201000,
/et/201704191400,
/et/201704191300,
/et/201704181000,
/et/201704171500,
/et/201704131000,
/et/201704121400,
/et/201704121300,
/et/201704111000,
/et/201704101500,
/et/201704061000,
/et/201704051400,
/et/201704051300,
/et/201704041000,
/et/201704031500,
/et/201703231000,
/et/201703221400,
/et/201703221300,
/et/201703211000,
/et/201703201500,
/et/201703161000,
/et/201703151400,
/et/201703151300,
/et/201703141000,
/et/201703131500,
/et/201703091000,
/et/201703081400,
/et/201703081300,
/et/201703071000,
/et/201703061500,
/et/201702231000,
/et/201702221400,
/et/201702221300,
/et/201702211000,
/et/201702201500,
/et/201702161000,
/et/201702151400,
/et/201702151300,
/et/201702141000,
/et/201702131500,
/et/201702091000,
/et/201702081400,
/et/201702081300,
/et/201702071000,
/et/201702061500,
/et/201701261000,
/et/201701251400,
/et/201701251300,
/et/201701241000,
/et/201701231500,
/et/201701191000,
/et/201701181400,
/et/201701181300,
/et/201701171000,
/et/201701161500,
/et/201701121000,
/et/201701111400,
/et/201701111300,
/et/201701101000,
/et/201701091500,
/et/201812201000,https://www.youtube.com/watch?v=snEn6d6T1q4
/et/201812191400,https://www.youtube.com/watch?v=fIcROpTHqZE
/et/201812191300,https://www.youtube.com/watch?v=uyYvr7zZKJA
/et/201812181000,https://www.youtube.com/watch?v=vRjpGspG90M
/et/201812171500,https://www.youtube.com/watch?v=-1EcwcDiTW4
/et/201812131000,https://www.youtube.com/watch?v=2FsTbz3ZPGs
/et/201812121400,https://www.youtube.com/watch?v=x4jzzAptJ94
/et/201812121300,https://www.youtube.com/watch?v=gMfvC1mae8w
/et/201812111000,https://www.youtube.com/watch?v=5PbxJtqUqKQ
/et/201812101500,https://www.youtube.com/watch?v=KbHi6b9bKl8
/et/201812061000,https://www.youtube.com/watch?v=sKsJuzkYbUY
/et/201812051400,https://www.youtube.com/watch?v=hFqJMrwqhfc
/et/201812051300,https://www.youtube.com/watch?v=IiZmy9kOqt8
/et/201812041000,
/et/201812031700,https://www.youtube.com/watch?v=RZb2nLep1Go
/et/201812031500,https://www.youtube.com/watch?v=nmyZGiuH8iM
/et/201811261100,https://www.youtube.com/watch?v=jBLe7UiyPZs
/et/201811221000,https://www.youtube.com/watch?v=mrdsQPJghOY
/et/201811211400,https://www.youtube.com/watch?v=NFjFrPDnCkQ
/et/201811211300,https://www.youtube.com/watch?v=k-_0pMqnkc8
/et/201811201000,https://www.youtube.com/watch?v=mri0cEaGNck
/et/201811191500,https://www.youtube.com/watch?v=m3Vu59qoa3I
/et/201811151000,https://www.youtube.com/watch?v=7Zm61srMJvc
/et/201811141400,https://www.youtube.com/watch?v=gvTsxdxZdkg
/et/201811141300,https://www.youtube.com/watch?v=gyfjLtmlsV8
/et/201811131000,https://www.youtube.com/watch?v=nyx_S4iOp1Q
/et/201811121500,https://www.youtube.com/watch?v=1eIl2-NepDk
/et/201811081000,https://www.youtube.com/watch?v=2pgJfY1-1OE
/et/201811071400,https://www.youtube.com/watch?v=4KIjnT1XR08
/et/201811071300,https://www.youtube.com/watch?v=fQ_e_veP3K0
/et/201811061000,https://www.youtube.com/watch?v=adEL3MZeM4U
/et/201811051500,https://www.youtube.com/watch?v=3Y7U6d9i5kE
/et/201810251000,https://www.youtube.com/watch?v=_e_1IfwFhbk
/et/201810241400,https://www.youtube.com/watch?v=aCpbM-QY8TA
/et/201810241300,https://www.youtube.com/watch?v=XRHxOeUdvN8
/et/201810231000,https://www.youtube.com/watch?v=5xDNLbENuss
/et/201810221500,https://www.youtube.com/watch?v=jKD3c3dRjz0
/et/201810181000,https://www.youtube.com/watch?v=p334bRTsYMc
/et/201810171400,https://www.youtube.com/watch?v=JIJ6O6JLg6w
/et/201810171300,https://www.youtube.com/watch?v=4Fm9Wo_H_Xw
/et/201810161000,https://www.youtube.com/watch?v=FSz65HIXVIY
/et/201810151500,https://www.youtube.com/watch?v=6YpraP1t71o
/et/201810111000,https://www.youtube.com/watch?v=qSZ9XbcSzXE
/et/201810101400,https://www.youtube.com/watch?v=dwnpB9f_IJk
/et/201810101300,https://www.youtube.com/watch?v=amX3sv5qX5w
/et/201810091000,https://www.youtube.com/watch?v=w8g4vK2Ws3g
/et/201810081500,https://www.youtube.com/watch?v=20kh-VT7r_E
/et/201809271000,https://www.youtube.com/watch?v=7kQ8hjIZOwE
/et/201809261400,https://www.youtube.com/watch?v=JMPuKSTV4Wc
/et/201809261300,https://www.youtube.com/watch?v=lIzAxXeUGc0
/et/201809251000,https://www.youtube.com/watch?v=y2vTzstqs5k
/et/201809241500,https://www.youtube.com/watch?v=HGVXalwsFnU
/et/201809201000,https://www.youtube.com/watch?v=T4IhcwZuZlA
/et/201809191400,https://www.youtube.com/watch?v=MF7Xt1TLq9k
/et/201809191300,https://www.youtube.com/watch?v=1D8b448VpyQ
/et/201809181000,https://www.youtube.com/watch?v=p9nH3MfNEjM
/et/201809171500,https://www.youtube.com/watch?v=wvzz7VN-mmg
/et/201809131000,https://www.youtube.com/watch?v=FaXG4vwfg1c
/et/201809121400,https://www.youtube.com/watch?v=cxJW0BpdFDk
/et/201809121300,https://www.youtube.com/watch?v=5yZhd54oDJ0
/et/201809111000,https://www.youtube.com/watch?v=TD4pDRZqvx8
/et/201809101500,https://www.youtube.com/watch?v=e4VFRoKFoAY
/et/201808221000,https://www.youtube.com/watch?v=mPvw5fo7YsI
/et/201806141000,https://www.youtube.com/watch?v=CGHFISavPEY
/et/201806131400,https://www.youtube.com/watch?v=yyKFYzhwQys
/et/201806131300,https://www.youtube.com/watch?v=QfZ3fEILDF8
/et/201806121000,https://www.youtube.com/watch?v=XVsPXQvMIVE
/et/201806111500,https://www.youtube.com/watch?v=6plcHoSpKWA
/et/201806071000,https://www.youtube.com/watch?v=iQLmXjhHF14
/et/201806061400,https://www.youtube.com/watch?v=sq7U_Y-0sn4
/et/201806061300,https://www.youtube.com/watch?v=nu44oTWAmS4
/et/201806051000,https://www.youtube.com/watch?v=BJ3IBvGFrVQ
/et/201806041500,https://www.youtube.com/watch?v=s3XlhKnd61w
/et/201805311000,https://www.youtube.com/watch?v=GnASvE01RxQ
/et/201805301400,https://www.youtube.com/watch?v=9nCzHG_ELus
/et/201805301300,https://www.youtube.com/watch?v=Ny6d4KTf8FQ
/et/201805291000,https://www.youtube.com/watch?v=M2TgJVCn49o
/et/201805281500,https://www.youtube.com/watch?v=q_yeoJksGUo
/et/201805171000,
/et/201805161400,https://www.youtube.com/watch?v=p1Y4_nbXQrc
/et/201805161300,https://www.youtube.com/watch?v=Vph0P2-vwN0
/et/201805151000,https://www.youtube.com/watch?v=dBC76d_cg6o
/et/201805141500,
/et/201805101000,https://www.youtube.com/watch?v=_Pc5Ti8621Y
/et/201805091400,https://www.youtube.com/watch?v=7JGn-dr7kuQ
/et/201805091300,https://www.youtube.com/watch?v=NCHvVKwMbmk
/et/201805081000,https://www.youtube.com/watch?v=Zy4Hds54I8M
/et/201805071500,
/et/201805031000,https://www.youtube.com/watch?v=uQFhMijgs6g
/et/201805021400,https://www.youtube.com/watch?v=17oLa90eV5E
/et/201805021300,https://www.youtube.com/watch?v=KFCaX5v7SDQ
/et/201804301500,https://www.youtube.com/watch?v=KYKoQlumQZI
/et/201804191000,https://www.youtube.com/watch?v=WKVOjDjII_w
/et/201804181400,https://www.youtube.com/watch?v=XCy6X9L0rq0
/et/201804181300,https://www.youtube.com/watch?v=M2K9OfoUJjI
/et/201804171000,https://www.youtube.com/watch?v=4OsD5pYApLQ
/et/201804161500,https://www.youtube.com/watch?v=5Wl13I2kpWg
/et/201804121000,https://www.youtube.com/watch?v=o0Fov3PvXok
/et/201804111400,https://www.youtube.com/watch?v=mnlI4jcZF-A
/et/201804111300,https://www.youtube.com/watch?v=aRnphTwhXqY
/et/201804101000,https://www.youtube.com/watch?v=P5zmmb_lWew
/et/201804091500,https://www.youtube.com/watch?v=1RerwT61E8o
/et/201804051000,https://www.youtube.com/watch?v=a7RUGZNwU8M
/et/201804041400,https://www.youtube.com/watch?v=veCdbq2Z_54
/et/201804041300,https://www.youtube.com/watch?v=RcIgkJvOSNc
/et/201804031000,https://www.youtube.com/watch?v=BkHqjZHldqg
/et/201804021500,https://www.youtube.com/watch?v=y6TPze62qfs
/et/201803221000,https://www.youtube.com/watch?v=aRtYZ5rpX9c
/et/201803211400,https://www.youtube.com/watch?v=dh9SB0PPj4Y
/et/201803211300,https://www.youtube.com/watch?v=DRIKeoKXook
/et/201803201000,https://www.youtube.com/watch?v=mvOguWqdYyE
/et/201803191500,https://www.youtube.com/watch?v=kMwn4tR_gsU
/et/201803151000,https://www.youtube.com/watch?v=PaqtFfZII7Q
/et/201803141400,https://www.youtube.com/watch?v=HXtfX4wAt84
/et/201803141300,https://www.youtube.com/watch?v=cPN8QF7eUXY
/et/201803131000,https://www.youtube.com/watch?v=icwkIc6_f6Q
/et/201803121500,https://www.youtube.com/watch?v=4YhLcANBaXM
/et/201803081000,https://www.youtube.com/watch?v=zvJ9AWEXS7w
/et/201803071400,https://www.youtube.com/watch?v=StsndrKaRnA
/et/201803071300,https://www.youtube.com/watch?v=oFQBJ30jwYI
/et/201803061000,https://www.youtube.com/watch?v=OxzNcmarUO0
/et/201803051500,https://www.youtube.com/watch?v=qdrVFdkXLIY
/et/201802221000,https://www.youtube.com/watch?v=_3S05lpBZyQ
/et/201802211400,https://www.youtube.com/watch?v=NFObkuI50uc
/et/201802211300,https://www.youtube.com/watch?v=d8biOgbcCsQ
/et/201802201000,https://www.youtube.com/watch?v=pL5SQZOs3jk
/et/201802191500,https://www.youtube.com/watch?v=etLbqrtPFsE
/et/201802151000,https://www.youtube.com/watch?v=rnTuCwITNgM
/et/201802141400,https://www.youtube.com/watch?v=jFgMILsppKY
/et/201802141300,https://www.youtube.com/watch?v=eLrCkmDLfwU
/et/201802131000,https://www.youtube.com/watch?v=c3TWjHzuGrU
/et/201802121500,https://www.youtube.com/watch?v=iKKfXjGbYSc
/et/201802081000,https://www.youtube.com/watch?v=C41WTmnMMjQ
/et/201802071400,https://www.youtube.com/watch?v=7Ej1Bf6q5uA
/et/201802071300,https://www.youtube.com/watch?v=9_MVBPhxKkA
/et/201802061000,https://www.youtube.com/watch?v=3UlZkAavNG0
/et/201802051500,https://www.youtube.com/watch?v=P3IZUgIIa1c
/et/201801251000,https://www.youtube.com/watch?v=NI7sc0WfmhI
/et/201801241400,https://www.youtube.com/watch?v=_G511Qk1KHQ
/et/201801241300,https://www.youtube.com/watch?v=nfT1NAgVnro
/et/201801231000,https://www.youtube.com/watch?v=BWjllAmxDPs
/et/201801221500,https://www.youtube.com/watch?v=sH_i1RAeRh4
/et/201801181000,https://www.youtube.com/watch?v=PBjI1Mj_NWY
/et/201801171400,https://www.youtube.com/watch?v=yWcomblweLw
/et/201801171300,https://www.youtube.com/watch?v=_JhAaavkNd4
/et/201801161000,https://www.youtube.com/watch?v=boC0PCp4FqA
/et/201801151500,https://www.youtube.com/watch?v=UF_oT-vdPZ0
/et/201801111000,https://www.youtube.com/watch?v=16nngavQKt4
/et/201801101400,https://www.youtube.com/watch?v=zUrCOK5nYrw
/et/201801101300,https://www.youtube.com/watch?v=WPh4Wv7gGWM
/et/201801091000,
/et/201801081500,https://www.youtube.com/watch?v=KSLukA3aNq8
/et/201912191000,https://www.youtube.com/watch?v=6xtJV-TjtCE
/et/201912181400,https://www.youtube.com/watch?v=MQ7NdkQqw7E
/et/201912181200,https://www.youtube.com/watch?v=E1ZGDGvJVBs
/et/201912171000,https://www.youtube.com/watch?v=_VrbP1EPaf4
/et/201912161500,https://www.youtube.com/watch?v=3u66aX0gxyw
/et/201912121000,https://www.youtube.com/watch?v=mgFOEkaIlEQ
/et/201912111400,https://www.youtube.com/watch?v=G9PNYWyI4ww
/et/201912111200,https://www.youtube.com/watch?v=WApnGYTkcck
/et/201912101000,https://www.youtube.com/watch?v=1zHyeqtVAHU
/et/201912091500,https://www.youtube.com/watch?v=V0Kowx2vcHA
/et/201912051000,https://www.youtube.com/watch?v=53OE0VVlxtQ
/et/201912041400,https://www.youtube.com/watch?v=Japp7sptE6M
/et/201912041200,https://www.youtube.com/watch?v=y5K4UhXFVNE
/et/201912031000,https://www.youtube.com/watch?v=_TzgLKoBuYU
/et/201912021500,https://www.youtube.com/watch?v=ckDZi7hdq4Y
/et/201911211000,https://www.youtube.com/watch?v=_PrEymmACQ0
/et/201911201400,https://www.youtube.com/watch?v=IgHVXBKnrhc
/et/201911201200,https://www.youtube.com/watch?v=IzkYAJ_Ly-s
/et/201911191000,https://www.youtube.com/watch?v=GaFL2Zc4OMg
/et/201911181500,https://www.youtube.com/watch?v=urciHz_MDJI
/et/201911141000,https://www.youtube.com/watch?v=_sYT-d3QUak
/et/201911131400,https://www.youtube.com/watch?v=x9zI6WIo85M
/et/201911131400,https://www.youtube.com/watch?v=AE4C_VWZL48
/et/201911131200,https://www.youtube.com/watch?v=DcHh_zh_2BY
/et/201911121000,https://www.youtube.com/watch?v=TXXGxI3U8-0
/et/201911111500,https://www.youtube.com/watch?v=upi-oUZJpRs
/et/201911071000,https://www.youtube.com/watch?v=sQFMQa36KDE
/et/201911061400,https://www.youtube.com/watch?v=XingDRPAoWs
/et/201911061200,https://www.youtube.com/watch?v=Bz3oKpPjlf8
/et/201911051000,https://www.youtube.com/watch?v=H4F0IicwDBQ
/et/201911041500,https://www.youtube.com/watch?v=H4F0IicwDBQ
/et/201910241000,https://www.youtube.com/watch?v=BojADL3T1cY
/et/201910231400,https://www.youtube.com/watch?v=Vq4PC3saHyU
/et/201910231200,https://www.youtube.com/watch?v=2EdglK0mLzg
/et/201910221000,https://www.youtube.com/watch?v=VRCAPn6BfR4
/et/201910211500,
/et/201910171000,https://www.youtube.com/watch?v=9DgRN41qwaA
/et/201910161400,https://www.youtube.com/watch?v=aIAd1JvhO2k
/et/201910161200,https://www.youtube.com/watch?v=7m4FAAo4WhQ
/et/201910151000,https://www.youtube.com/watch?v=qnh8IBGNAFo
/et/201910141500,https://www.youtube.com/watch?v=wbAg7_71qCM
/et/201910101000,https://www.youtube.com/watch?v=U14kaJ_qqYg
/et/201910091400,https://www.youtube.com/watch?v=FFmKoebIfZA
/et/201910091200,https://www.youtube.com/watch?v=HVgkwbHZsEI
/et/201910081000,https://www.youtube.com/watch?v=CCXLvNobhzU
/et/201910071500,https://www.youtube.com/watch?v=DNCB-adlkDo
/et/201909261000,https://www.youtube.com/watch?v=Nm0R3L7cg8k
/et/201909251400,https://www.youtube.com/watch?v=6jFxaVV8WEs
/et/201909251200,https://www.youtube.com/watch?v=j7dH03u-4xc
/et/201909241000,https://www.youtube.com/watch?v=sh7T4nNM7Tc
/et/201909231500,https://www.youtube.com/watch?v=HwsMJzIje2U
/et/201909191000,
/et/201909181400,
/et/201909181200,https://www.youtube.com/watch?v=w2isiXgNbrk
/et/201909171000,https://www.youtube.com/watch?v=-ohkLs0nnxs
/et/201909161500,https://www.youtube.com/watch?v=SqF30HGwQFo
/et/201909121000,
/et/201909111400,https://www.youtube.com/watch?v=YC5GDeg8TZw
/et/201909111200,https://www.youtube.com/watch?v=JrKH2jkMSPs
/et/201909101000,https://www.youtube.com/watch?v=5q8ycn2RND8
/et/201909091500,https://www.youtube.com/watch?v=CcsOGipU9kE
/et/201908301000,
/et/201906131000,https://www.youtube.com/watch?v=C4_KhyUq9CM
/et/201906121400,https://www.youtube.com/watch?v=c5FzZdYUl00
/et/201906121200,https://www.youtube.com/watch?v=h_2wbJCaU6g
/et/201906111000,https://www.youtube.com/watch?v=7SvnZEC-sNk
/et/201906101500,https://www.youtube.com/watch?v=KyfkkOg9sQc
/et/201906061000,https://www.youtube.com/watch?v=jOO7EgC43Fk
/et/201906051400,https://www.youtube.com/watch?v=1Dz1lVrv1UI
/et/201906051200,https://www.youtube.com/watch?v=_twZdpw6A3c
/et/201906041000,https://www.youtube.com/watch?v=9kiKD42coJU
/et/201906031500,https://www.youtube.com/watch?v=Lf5lr7WSLVk
/et/201905301000,https://www.youtube.com/watch?v=9v3q4PdQXPA
/et/201905291400,https://www.youtube.com/watch?v=94bFLxNUvNo
/et/201905291200,https://www.youtube.com/watch?v=KSkROTX0_mg
/et/201905281000,https://www.youtube.com/watch?v=IEiL504_Lbc
/et/201905271500,https://www.youtube.com/watch?v=JB_IjvExojE
/et/201905161000,https://www.youtube.com/watch?v=xJACRN7C7xI
/et/201905151400,
/et/201905151200,https://www.youtube.com/watch?v=cVG1ce8VVvs
/et/201905141000,https://www.youtube.com/watch?v=6V32EhpLleg
/et/201905131500,https://www.youtube.com/watch?v=TcrGbGO6JV8
/et/201905091000,
/et/201905081400,
/et/201905081200,
/et/201905071000,
/et/201905061500,https://www.youtube.com/watch?v=29KXnFUXHPE
/et/201905021000,
/et/201904301000,https://www.youtube.com/watch?v=F1njNUaOO5g
/et/201904291500,https://www.youtube.com/watch?v=ACqgXkZn4D8
/et/201904231200,
/et/201904181000,
/et/201904171400,https://www.youtube.com/watch?v=s3gGpAVjmy4
/et/201904161000,
/et/201904151500,https://www.youtube.com/watch?v=JnruxZooCr8
/et/201904111000,
/et/201904101400,
/et/201904091000,
/et/201904081500,https://www.youtube.com/watch?v=H4Snin22fHI
/et/201904041100,https://www.youtube.com/watch?v=Z5U3uEXFBC8
/et/201902211000,https://www.youtube.com/watch?v=7L_ePgkJK2A
/et/201902201400,
/et/201902201300,https://www.youtube.com/watch?v=TlE8xtVCGH4
/et/201902191000,https://www.youtube.com/watch?v=bwHtXRJQxAk
/et/201902181500,https://www.youtube.com/watch?v=l5MadhEYn1U
/et/201902141000,https://www.youtube.com/watch?v=QYIElkoW0Tg
/et/201902131400,https://www.youtube.com/watch?v=m4_NRa95nqo
/et/201902131300,https://www.youtube.com/watch?v=hoB9RAvFRr4
/et/201902121000,https://www.youtube.com/watch?v=XXK8Bx3OMmg
/et/201902111500,https://www.youtube.com/watch?v=0ygPzenbB1A
/et/201901311000,https://www.youtube.com/watch?v=OBgEKzl_UB4
/et/201901301400,https://www.youtube.com/watch?v=S1pA9nnedoo
/et/201901301300,https://www.youtube.com/watch?v=Eyq4YYnadK0
/et/201901291000,https://www.youtube.com/watch?v=3xdpaz0Ilds
/et/201901281500,https://www.youtube.com/watch?v=5GZBQm8tzKs
/et/201901241000,https://www.youtube.com/watch?v=p3dcwSpbLTU
/et/201901231400,https://www.youtube.com/watch?v=ztFcrakgc28
/et/201901231300,https://www.youtube.com/watch?v=UzFd8Vbbkps
/et/201901221000,https://www.youtube.com/watch?v=itibGBnhQaI
/et/201901211500,https://www.youtube.com/watch?v=1tY-rdE6DVs
/et/201901171000,https://www.youtube.com/watch?v=NNUpD4BdgkY
/et/201901161400,https://www.youtube.com/watch?v=qNe9VzrL5tY
/et/201901161300,https://www.youtube.com/watch?v=E_6kY1BNNTI
/et/201901151000,https://www.youtube.com/watch?v=xOHMbUm08mU
/et/201901141500,https://www.youtube.com/watch?v=QwVcPKK8jBQ
/et/202012171000,https://www.youtube.com/watch?v=far9nagUpo8
/et/202012161400,https://www.youtube.com/watch?v=ktca0go069E
/et/202012161200,https://www.youtube.com/watch?v=y6ec73ARhOg
/et/202012151000,https://www.youtube.com/watch?v=N31IhWO7knU
/et/202012141500,https://www.youtube.com/watch?v=rUNQQKCJX54
/et/202012101000,https://www.youtube.com/watch?v=Ett7Hhx2L4Y
/et/202012091400,
/et/202012091200,https://www.youtube.com/watch?v=JdKsz0x17zo
/et/202012081000,https://www.youtube.com/watch?v=xwnFYISAb5Y
/et/202012071500,https://www.youtube.com/watch?v=fiyD3hNIRuc
/et/202011261000,https://www.youtube.com/watch?v=PLvliH8ND-4
/et/202011251400,
/et/202011251200,https://www.youtube.com/watch?v=uwFm3c-dPGk
/et/202011241000,https://www.youtube.com/watch?v=pbPZ2SY_5UI
/et/202011231500,https://www.youtube.com/watch?v=Ryw1tSx9bCM
/et/202011191000,https://www.youtube.com/watch?v=7Fwfvf7JzUA
/et/202011181400,https://www.youtube.com/watch?v=kFhKBL8lSMQ
/et/202011181400,https://www.youtube.com/watch?v=cDlF74t55Sk
/et/202011181200,https://www.youtube.com/watch?v=zE7fOd2pPaA
/et/202011171000,https://www.youtube.com/watch?v=80FzlUQ3Apg
/et/202011161500,https://www.youtube.com/watch?v=w6OSQTDjwiw
/et/202011121000,https://www.youtube.com/watch?v=xRCT8kstowY
/et/202011111400,
/et/202011111200,https://www.youtube.com/watch?v=bCRBXL3kLeI
/et/202011101000,https://www.youtube.com/watch?v=Z4ssYJhWYBU
/et/202011091500,https://www.youtube.com/watch?v=gCu-BGvclNI
/et/202010291000,https://www.youtube.com/watch?v=iSFzQVC6q2k
/et/202010281400,https://www.youtube.com/watch?v=90iyEDl6h3I
/et/202010281200,https://www.youtube.com/watch?v=X9EYBtXHesg
/et/202010271000,https://www.youtube.com/watch?v=3ZijXPJA9A8
/et/202010261500,https://www.youtube.com/watch?v=nCVhM6VtqC8
/et/202010221000,https://www.youtube.com/watch?v=zgCr7B50ypI
/et/202010211400,https://www.youtube.com/watch?v=LoabazI8VhI
/et/202010211200,https://www.youtube.com/watch?v=o0vvp3pAQPQ
/et/202010201000,https://www.youtube.com/watch?v=Nck4ELLzo9o
/et/202010191500,https://www.youtube.com/watch?v=6bfU8325A9c
/et/202010151000,https://www.youtube.com/watch?v=v1y5TcADbbc
/et/202010141400,https://www.youtube.com/watch?v=2FfD2_ltbd8
/et/202010141200,https://www.youtube.com/watch?v=uzX8n4FnCyE
/et/202010131000,https://www.youtube.com/watch?v=c-VZYc-La_o
/et/202010121500,https://www.youtube.com/watch?v=JVsfS_vQwrQ
/et/202010011000,https://www.youtube.com/watch?v=V2uU3KtoYRk
/et/202009301400,https://www.youtube.com/watch?v=dMbqzmQ7KuE
/et/202009301200,https://www.youtube.com/watch?v=_4MucAw9o-k
/et/202009291000,https://www.youtube.com/watch?v=sDH_LXoYMRs
/et/202009281500,https://www.youtube.com/watch?v=zjOQX1_w8us
/et/202009241000,https://www.youtube.com/watch?v=Ts_jZ31Y5Bk
/et/202009231400,https://www.youtube.com/watch?v=gfkLw67HW40
/et/202009231200,https://www.youtube.com/watch?v=uQbEflpg5-E
/et/202009221000,https://www.youtube.com/watch?v=OWG5WZAvonE
/et/202009211500,https://www.youtube.com/watch?v=T6HIpjaHUog
/et/202009171000,
/et/202009161400,https://www.youtube.com/watch?v=6gwIBcC5vJU
/et/202009161200,https://www.youtube.com/watch?v=gJXzh6Rl6Jk
/et/202009151000,
/et/202009141500,https://www.youtube.com/watch?v=7p2IJ_ni6sE
/et/202008251600,https://www.youtube.com/watch?v=zjp1U5BUTzM
/et/202007061200,
/et/202006181000,https://www.youtube.com/watch?v=NRtNMgw8MNY
/et/202006171400,https://www.youtube.com/watch?v=bxZTrEBQ8tc
/et/202006171200,https://www.youtube.com/watch?v=SSBd6n9EpVI
/et/202006161000,https://www.youtube.com/watch?v=uY4Ug7CE1oQ
/et/202006151500,https://www.youtube.com/watch?v=R0s7FeVJ1fg
/et/202006111000,https://www.youtube.com/watch?v=IZHhiQ5KFsY
/et/202006101400,https://www.youtube.com/watch?v=om4PFu8PXYg
/et/202006101200,https://www.youtube.com/watch?v=hpkAxAf70I8
/et/202006091000,https://www.youtube.com/watch?v=GqY9xvE5UWM
/et/202006081500,https://www.youtube.com/watch?v=UgbMnVyhQB4
/et/202006041000,https://www.youtube.com/watch?v=NFrWSkM-Dho
/et/202006031400,https://www.youtube.com/watch?v=vzIgLID0qvU
/et/202006031200,https://www.youtube.com/watch?v=6fUTWUJDpoE
/et/202006021000,https://www.youtube.com/watch?v=JeMKXZNefcg
/et/202006011500,https://www.youtube.com/watch?v=zbFtu102Q94
/et/202005211000,https://www.youtube.com/watch?v=wBJd2uNBm9w
/et/202005201400,https://www.youtube.com/watch?v=Wju255akbAw
/et/202005201200,https://www.youtube.com/watch?v=fcZ3cl4Lqsg
/et/202005191000,https://www.youtube.com/watch?v=ln99UscrgYA
/et/202005181500,https://www.youtube.com/watch?v=iFxUpoKX1dc
/et/202005141000,
/et/202005131400,https://www.youtube.com/watch?v=lZAYp5bWTyM
/et/202005131200,https://www.youtube.com/watch?v=M2iBAAvmMsE
/et/202005121000,https://www.youtube.com/watch?v=jAPwazXExJI
/et/202005111500,https://www.youtube.com/watch?v=3n3VXsxD99g
/et/202005071000,https://www.youtube.com/watch?v=ezFMUrmFU9M
/et/202005061400,https://www.youtube.com/watch?v=wDDkjgxgdhA
/et/202005061200,https://www.youtube.com/watch?v=W0RWjDj-gaU
/et/202005051000,https://www.youtube.com/watch?v=LDQid3mfRXQ
/et/202005041500,https://www.youtube.com/watch?v=44MeFh7ExvI
/et/202004221400,
/et/202004221200,https://www.youtube.com/watch?v=RULBFMJhXmo
/et/202004211000,https://www.youtube.com/watch?v=TLKtFtZ7osE
/et/202004201500,https://www.youtube.com/watch?v=xYH5FKKSDUw
/et/202004151400,https://www.youtube.com/watch?v=orq8ZrQzHsY
/et/202004151200,https://www.youtube.com/watch?v=y1mRPGU8Z64
/et/202004141000,https://www.youtube.com/watch?v=6FB8o4cXgbg
/et/202004131500,https://www.youtube.com/watch?v=Lhn48cHO4Ik
/et/202004081400,https://www.youtube.com/watch?v=m-CTIyitUzo
/et/202004081200,https://www.youtube.com/watch?v=1Ut66hEfOaA
/et/202004071000,https://www.youtube.com/watch?v=XZATYtfhMWA
/et/202004061500,https://www.youtube.com/watch?v=y1VB0vUptd0
/et/202004021200,https://www.youtube.com/watch?v=Kq6y2dinfIE
/et/202003251400,https://www.youtube.com/watch?v=PfjB1AzPsf8
/et/202003251200,https://www.youtube.com/watch?v=XCCZZ_vlnU4
/et/202003231500,https://www.youtube.com/watch?v=5xUGanMqFws
/et/202003181200,https://www.youtube.com/watch?v=XLQcucvieR4
/et/202003161500,https://www.youtube.com/watch?v=kkY6UodlKYg
/et/202003121000,https://www.youtube.com/watch?v=kk59U3xZWj4
/et/202003111400,https://www.youtube.com/watch?v=ejeFpDlhx6c
/et/202003111200,https://www.youtube.com/watch?v=33AhQPMy9Xc
/et/202003101000,https://www.youtube.com/watch?v=0W2iFyYN1to
/et/202003091500,https://www.youtube.com/watch?v=3h5owUy06Uo
/et/202002271000,https://www.youtube.com/watch?v=zx4yxSdIyXg
/et/202002261400,https://www.youtube.com/watch?v=EK-YjUbEh60
/et/202002261200,https://www.youtube.com/watch?v=1jeG1dUmwPo
/et/202002251000,https://www.youtube.com/watch?v=nmib70gOZUE
/et/202002201000,https://www.youtube.com/watch?v=pjJd8jbMDXo
/et/202002191400,https://www.youtube.com/watch?v=O8qnXyT-94g
/et/202002191200,https://www.youtube.com/watch?v=uNznfQ_wpY8
/et/202002181000,https://www.youtube.com/watch?v=kQhEIFKgQGA
/et/202002171500,https://www.youtube.com/watch?v=tqjiLRmuVVQ
/et/202002131000,https://www.youtube.com/watch?v=xJTpqGy9AfY
/et/202002121400,https://www.youtube.com/watch?v=mO1ZpHINMdM
/et/202002121200,https://www.youtube.com/watch?v=qcprBPY-LFg
/et/202002111000,https://www.youtube.com/watch?v=MbP_pLdRoY0
/et/202002101500,https://www.youtube.com/watch?v=NDeZSVEmSs0
/et/202001301000,https://www.youtube.com/watch?v=ML2TOqvv79Q
/et/202001291400,https://www.youtube.com/watch?v=TzJ0Q_wixFA
/et/202001291200,https://www.youtube.com/watch?v=TITLeHrLSUk
/et/202001281000,https://www.youtube.com/watch?v=xb9XR_30EWg
/et/202001271500,https://www.youtube.com/watch?v=-xLuCC3oC0g
/et/202001231000,https://www.youtube.com/watch?v=EkIfEWHB0Gw
/et/202001221400,https://www.youtube.com/watch?v=KkkJ-DB4uHk
/et/202001221200,https://www.youtube.com/watch?v=XzYTpe9fnuU
/et/202001211000,https://www.youtube.com/watch?v=34XeSFI03ck
/et/202001201500,https://www.youtube.com/watch?v=qrPqWqDc-XA
/et/202001161000,https://www.youtube.com/watch?v=vpYd-et6SXU
/et/202001151400,https://www.youtube.com/watch?v=jaUouNv5ZU4
/et/202001151200,https://www.youtube.com/watch?v=uDJXdDyIv4Y
/et/202001141000,https://www.youtube.com/watch?v=ro6KayzORcM
/et/202001131500,https://www.youtube.com/watch?v=lYDfLEgVCMo
/et/202112161000,https://www.youtube.com/watch?v=2Pwfy9tMqT8
/et/202112151400,https://www.youtube.com/watch?v=zDJHyLtXudk
/et/202112151200,https://www.youtube.com/watch?v=UfgQJgfzXYs
/et/202112141000,https://www.youtube.com/watch?v=Bzp3_YUipSo
/et/202112131500,https://www.youtube.com/watch?v=L3ohKKEiDko
/et/202112091000,https://www.youtube.com/watch?v=FqP5xjcqls0
/et/202112081400,https://www.youtube.com/watch?v=ejVbrzc_29s
/et/202112081200,https://www.youtube.com/watch?v=YpeyhTrKkBE
/et/202112071000,
/et/202112061500,https://www.youtube.com/watch?v=cuw85Xy3aa0
/et/202111251000,https://www.youtube.com/watch?v=iIG87oj4b6Q
/et/202111241400,
/et/202111241200,
/et/202111231000,https://www.youtube.com/watch?v=8LpWr3ys8-Q
/et/202111221500,https://www.youtube.com/watch?v=FJpDOnhp7X4
/et/202111181000,https://www.youtube.com/watch?v=KkKpL-aECmE
/et/202111171400,https://www.youtube.com/watch?v=GZuwxrusWRQ
/et/202111171200,https://www.youtube.com/watch?v=JKvVTsNV568
/et/202111161000,https://www.youtube.com/watch?v=WANwq3fcnnw
/et/202111151500,https://www.youtube.com/watch?v=wilmA9FRnQM
/et/202111111000,
/et/202111101400,https://www.youtube.com/watch?v=r6L57HJZlRI
/et/202111101200,https://www.youtube.com/watch?v=kPt24TxdiPI
/et/202111091000,https://www.youtube.com/watch?v=MC8-aJ76O78
/et/202111081500,
/et/202110281000,https://www.youtube.com/watch?v=N8qAvHwkxgY
/et/202110271400,https://www.youtube.com/watch?v=olwaPIY3SbA
/et/202110271200,https://www.youtube.com/watch?v=2qtuGL9AXsY
/et/202110261000,https://www.youtube.com/watch?v=EPgipt9OWMw
/et/202110251500,https://www.youtube.com/watch?v=hVFA915xQu0
/et/202110211000,https://www.youtube.com/watch?v=DvNHwTCgrbw
/et/202110201400,https://www.youtube.com/watch?v=0up-nITZWz8
/et/202110201200,https://www.youtube.com/watch?v=gas6ylFaVVA
/et/202110191000,https://www.youtube.com/watch?v=qAySH26dpfs
/et/202110181500,https://www.youtube.com/watch?v=owLERIcOEwo
/et/202110141000,https://www.youtube.com/watch?v=sdjL3x_RkSQ
/et/202110131400,https://www.youtube.com/watch?v=ZIwDaVlHtO8
/et/202110131200,https://www.youtube.com/watch?v=RaLNsLr3-pU
/et/202110121001,https://www.youtube.com/watch?v=-T6_VSooeeo
/et/202110111500,https://www.youtube.com/watch?v=Ba-bo5wxiyU
/et/202109301000,https://www.youtube.com/watch?v=i-M0F4EP3-I
/et/202109291400,https://www.youtube.com/watch?v=fwTK9m0XnHM
/et/202109291200,https://www.youtube.com/watch?v=l4g6nv2wORw
/et/202109281000,
/et/202109271500,https://www.youtube.com/watch?v=RfLmNCqj47I
/et/202109231000,https://www.youtube.com/watch?v=9LUjvu-9vH0
/et/202109221400,https://www.youtube.com/watch?v=jhpF1Ji_U-A
/et/202109221200,https://www.youtube.com/watch?v=aZcePbP75IA
/et/202109211000,https://www.youtube.com/watch?v=mzCerMGxKsA
/et/202109201500,https://www.youtube.com/watch?v=YGfK8K7dm9Q
/et/202109161000,https://www.youtube.com/watch?v=_1GENOaKYok
/et/202109151400,https://www.youtube.com/watch?v=buzCQN0SFbw
/et/202109151200,https://www.youtube.com/watch?v=thGjMwwX-L8
/et/202109141000,https://www.youtube.com/watch?v=UAHKHT1AucY
/et/202109131500,https://www.youtube.com/watch?v=moK-a1GS6-M
/et/202108311200,https://www.youtube.com/watch?v=xyLosdeO6ro
/et/202108301300,https://www.youtube.com/watch?v=Vr_zZ8bLQSQ
/et/202108201200,
/et/202106171000,https://www.youtube.com/watch?v=StTo1NgIoCE
/et/202106161400,https://www.youtube.com/watch?v=Q7mSbUW96sI
/et/202106161400,https://www.youtube.com/watch?v=EEBZ7jxansk
/et/202106161200,https://www.youtube.com/watch?v=DWlwCo7yAxE
/et/202106151000,https://www.youtube.com/watch?v=hDRNKfVrtm0
/et/202106141500,https://www.youtube.com/watch?v=XgLm-unszzw
/et/202106131000,https://www.youtube.com/watch?v=4dPLafve5jk
/et/202106131000,https://www.youtube.com/watch?v=CaVUdro5Nbc
/et/202106120900,https://www.youtube.com/watch?v=XexaRuacGTI
/et/202106101000,https://www.youtube.com/watch?v=H-wIhRPWZkE
/et/202106091400,https://www.youtube.com/watch?v=oA1SYCBcsWI
/et/202106091400,https://www.youtube.com/watch?v=GvvXrZfVBoQ
/et/202106091200,https://www.youtube.com/watch?v=7v-Qp0Q5XVA
/et/202106081000,https://www.youtube.com/watch?v=rXQza6sSAQM
/et/202106071500,https://www.youtube.com/watch?v=zVqguU0CO34
/et/202106031000,https://www.youtube.com/watch?v=EOxGJsbiWDw
/et/202106021400,https://www.youtube.com/watch?v=kY2armlb2os
/et/202106021200,https://www.youtube.com/watch?v=ZqxsxMbAgbw
/et/202106011000,
/et/202105311500,https://www.youtube.com/watch?v=ML6WiBVr2EM
/et/202105201000,https://www.youtube.com/watch?v=crJVxpNkQB4
/et/202105191400,https://www.youtube.com/watch?v=o5mZYOSVe3I
/et/202105191400,https://www.youtube.com/watch?v=5zMp7g3XAcE
/et/202105191200,https://www.youtube.com/watch?v=u_GdrzoJro4
/et/202105181000,https://www.youtube.com/watch?v=AVBm6HI6bJs
/et/202105171500,https://www.youtube.com/watch?v=Q795hz6DF-g
/et/202105131000,https://www.youtube.com/watch?v=hhvw_ScIDd8
/et/202105121400,https://www.youtube.com/watch?v=Bb3mT8rT9BA
/et/202105121200,https://www.youtube.com/watch?v=i9wl3F4egLk
/et/202105111000,https://www.youtube.com/watch?v=zxA3suPYflc
/et/202105101500,https://www.youtube.com/watch?v=mS3510kIoMQ
/et/202105061000,https://www.youtube.com/watch?v=60QODfmCgIE
/et/202105051400,
/et/202105051200,https://www.youtube.com/watch?v=MluzRPhCUCY
/et/202105041000,https://www.youtube.com/watch?v=jH66-wBCIlE
/et/202105031500,https://www.youtube.com/watch?v=ZFsxmNWLuUA
/et/202104221000,https://www.youtube.com/watch?v=JAog8-cKbac
/et/202104211400,https://www.youtube.com/watch?v=MA62FImNQ_w
/et/202104211200,https://www.youtube.com/watch?v=vNACdi71T68
/et/202104201000,https://www.youtube.com/watch?v=a3FuROp1mKc
/et/202104191500,https://www.youtube.com/watch?v=J_gpbBdM_6E
/et/202104151000,https://www.youtube.com/watch?v=mI81MgIa1qM
/et/202104141400,https://www.youtube.com/watch?v=75egegQIonI
/et/202104141200,https://www.youtube.com/watch?v=Q740TuYU5C4
/et/202104131000,https://www.youtube.com/watch?v=EekydB-pBaw
/et/202104121500,https://www.youtube.com/watch?v=QznFK0DipxI
/et/202104081000,
/et/202104071400,https://www.youtube.com/watch?v=JaTIkBJqjeQ
/et/202104071200,
/et/202104061000,https://www.youtube.com/watch?v=sE_snwbbn0E
/et/202104051500,https://www.youtube.com/watch?v=0pbjpZESB4w
/et/202103251000,https://www.youtube.com/watch?v=xIQIHVYrMHI
/et/202103250048,
/et/202103241400,https://www.youtube.com/watch?v=B1RwpFSTFMo
/et/202103241200,https://www.youtube.com/watch?v=1glmfKEt4jU
/et/202103231000,https://www.youtube.com/watch?v=viFDLsVEngQ
/et/202103221500,https://www.youtube.com/watch?v=GOgodWdNmbc
/et/202103181000,https://www.youtube.com/watch?v=djVbc_K_50U
/et/202103171400,
/et/202103171200,
/et/202103161000,
/et/202103151500,https://www.youtube.com/watch?v=fbQ4MX_yEMc
/et/202103111000,https://www.youtube.com/watch?v=vvE6ChIQ1FQ
/et/202103101400,https://www.youtube.com/watch?v=1RM3-7ZCj3s
/et/202103101400,https://www.youtube.com/watch?v=E5nmTMFd7hE
/et/202103101200,https://www.youtube.com/watch?v=XFyHK6M8YIk
/et/202103091000,https://www.youtube.com/watch?v=d5b9hxsMwUM
/et/202103081500,https://www.youtube.com/watch?v=qzw8waIHxp4
/et/202102251000,https://www.youtube.com/watch?v=v4XkvKyj4KU
/et/202102231000,https://www.youtube.com/watch?v=hnH70ie6dN8
/et/202102221500,https://www.youtube.com/watch?v=rejPcJ-yvPw
/et/202102181000,https://www.youtube.com/watch?v=UNEPHuQrmIg
/et/202102171400,https://www.youtube.com/watch?v=Kh5-CAnnPSM
/et/202102171200,https://www.youtube.com/watch?v=rSJqJSIyXsY
/et/202102161000,https://www.youtube.com/watch?v=qLSyk9daiwE
/et/202102151500,https://www.youtube.com/watch?v=oduHV9mofXc
/et/202102111000,https://www.youtube.com/watch?v=RrXcgCYTBb0
/et/202102101400,https://www.youtube.com/watch?v=cHjt3AEgPF0
/et/202102101200,https://www.youtube.com/watch?v=gAWbg6DIhf4
/et/202102091000,https://www.youtube.com/watch?v=Neg3wbDKDL4
/et/202102081500,https://www.youtube.com/watch?v=0unfOAIHZkc
/et/202101281000,https://www.youtube.com/watch?v=C3atds4evew
/et/202101271400,https://www.youtube.com/watch?v=4WZRgiRVwKU
/et/202101271200,https://www.youtube.com/watch?v=-C25VJ5hH_M
/et/202101261000,https://www.youtube.com/watch?v=QHZu6LHpBYo
/et/202101251500,https://www.youtube.com/watch?v=ZFDvV7xVDlw
/et/202101211000,
/et/202101201400,https://www.youtube.com/watch?v=QDdUqdtzSgU
/et/202101201200,https://www.youtube.com/watch?v=tYEBj17hBs8
/et/202101191000,
/et/202101181500,https://www.youtube.com/watch?v=HgO3jGsmH64
/et/202101141000,
/et/202101131400,https://www.youtube.com/watch?v=FTwX-Ixwjvw
/et/202101131200,https://www.youtube.com/watch?v=pfiegquF_nQ
/et/202101121000,https://www.youtube.com/watch?v=B6dl-nsboio
/et/202101111500,https://www.youtube.com/watch?v=JiESJYAPOR4
/et/202212281623,
/et/202212281435,https://www.youtube.com/watch?v=qIJ7OQKH6qA
/et/202212281228,https://www.youtube.com/watch?v=lAoe_GuUW-g
/et/202212281100,https://www.youtube.com/watch?v=ojXYg50HEPU
/et/202212280900,https://www.youtube.com/watch?v=s7EysRyCEKM
/et/202212151000,https://www.youtube.com/watch?v=Wxpvs5IFpn4
/et/202212141400,https://www.youtube.com/watch?v=xker_lBOjl8
/et/202212141200,https://www.youtube.com/watch?v=RhisS3-8ogw
/et/202212131000,https://www.youtube.com/watch?v=oukCMmyzSvk
/et/202212121500,https://www.youtube.com/watch?v=V5KCxXLAVyc
/et/202212081000,https://www.youtube.com/watch?v=ghdH1hdONcQ
/et/202212071400,https://www.youtube.com/watch?v=fNDZJle3Xx4
/et/202212071200,https://www.youtube.com/watch?v=bWYTOxmHYtE
/et/202212061000,https://www.youtube.com/watch?v=7iLtg6InT_s
/et/202212051500,https://www.youtube.com/watch?v=DOyGWiYJG-k
/et/202211241000,https://www.youtube.com/watch?v=1ed0SMEUmns
/et/202211231400,https://www.youtube.com/watch?v=Ad2cqQLcYz8
/et/202211231200,https://www.youtube.com/watch?v=QRVs6-b9HqQ
/et/202211221000,https://www.youtube.com/watch?v=5HFnZ3qnVAg
/et/202211211500,https://www.youtube.com/watch?v=ZFNHffh8NJk
/et/202211171000,https://www.youtube.com/watch?v=mzykaSRQE4k
/et/202211161400,https://www.youtube.com/watch?v=DWNv2adnx5E
/et/202211161200,https://www.youtube.com/watch?v=W_HgldWxsng
/et/202211151000,https://www.youtube.com/watch?v=IG1H20MAxhM
/et/202211141500,https://www.youtube.com/watch?v=WMyNRmTlogE
/et/202211101000,https://www.youtube.com/watch?v=fquavXaCL3M
/et/202211091400,https://www.youtube.com/watch?v=I4psYiA-Mig
/et/202211091200,https://www.youtube.com/watch?v=7BNYx2tTZpI
/et/202211081000,https://www.youtube.com/watch?v=JllclLnV80o
/et/202211071500,https://www.youtube.com/watch?v=LUQ4TMOFZdA
/et/202210271000,https://www.youtube.com/watch?v=3dmfcdk00UQ
/et/202210261400,https://www.youtube.com/watch?v=v3yMQrm_adU
/et/202210261200,https://www.youtube.com/watch?v=fsS30ex-ufQ
/et/202210251000,https://www.youtube.com/watch?v=1muK1MrZwx4
/et/202210241500,https://www.youtube.com/watch?v=hbnJPrFsivI
/et/202210201000,https://www.youtube.com/watch?v=3p6c-ev5J9g
/et/202210191400,https://www.youtube.com/watch?v=sKrjvnx3L8w
/et/202210191200,https://www.youtube.com/watch?v=g42eZnwbfzs
/et/202210181000,https://www.youtube.com/watch?v=V0wUSiwX4KI
/et/202210171500,https://www.youtube.com/watch?v=rWHqjdxLVlw
/et/202210131000,https://www.youtube.com/watch?v=mwKQi2yZHM0
/et/202210121400,https://www.youtube.com/watch?v=K5NiiAGueak
/et/202210121200,https://www.youtube.com/watch?v=5jsyXZZcDDE
/et/202210111000,https://www.youtube.com/watch?v=PGZmsa6tMx0
/et/202210101500,https://www.youtube.com/watch?v=JD1x3hCvLGw
/et/202209291000,https://www.youtube.com/watch?v=F9JO7QEYCAY
/et/202209281400,https://www.youtube.com/watch?v=fiH9djENbaE
/et/202209281200,https://www.youtube.com/watch?v=XPn4Kfov_wU
/et/202209271000,https://www.youtube.com/watch?v=4zdDZpC4F4w
/et/202209261500,https://www.youtube.com/watch?v=kEKLPJqLD3U
/et/202209221000,https://www.youtube.com/watch?v=EnG5flBzFVQ
/et/202209211400,https://www.youtube.com/watch?v=FDwwCnLvD1w
/et/202209211200,https://www.youtube.com/watch?v=9KMD1XbjS0Y
/et/202209201000,https://www.youtube.com/watch?v=dfzjR0lbLNU
/et/202209191500,https://www.youtube.com/watch?v=0-BkiMgGU9w
/et/202209151000,https://www.youtube.com/watch?v=l9vLTft2AvQ
/et/202209141400,https://www.youtube.com/watch?v=z7Sdvq1_FbQ
/et/202209141200,https://www.youtube.com/watch?v=HrD3oFXqRYQ
/et/202209131000,https://www.youtube.com/watch?v=eBav4_EuP9s
/et/202209121500,https://www.youtube.com/watch?v=IcrFR-k8RsM
/et/202208311600,https://www.youtube.com/watch?v=dCZ_JLWAw88
/et/202207190900,https://www.youtube.com/watch?v=1RmdkkHegN0
/et/202207181500,https://www.youtube.com/watch?v=ABioF5yc6Ug
/et/202207151007,https://www.youtube.com/watch?v=iMObPjgogiY
/et/202207150900,https://www.youtube.com/watch?v=UnSXQuzLCQo
/et/202207061530,
/et/202207061200,https://www.youtube.com/watch?v=i-fSQGELAHQ
/et/202206170900,
/et/202206161045,https://www.youtube.com/watch?v=6jknhH9z_pQ
/et/202206161000,https://www.youtube.com/watch?v=-7E-C73qJYM
/et/202206151400,https://www.youtube.com/watch?v=GExHEGk8IYU
/et/202206151200,https://www.youtube.com/watch?v=PF0xHwPccNc
/et/202206141000,https://www.youtube.com/watch?v=PjKAk-tTZqQ
/et/202206131500,https://www.youtube.com/watch?v=Vqb5UIAfhHQ
/et/202206091000,https://www.youtube.com/watch?v=aLMdTgjOmdM
/et/202206081400,https://www.youtube.com/watch?v=zfS7XPdDgdU
/et/202206081200,https://www.youtube.com/watch?v=nepNeQNmPXo
/et/202206071000,https://www.youtube.com/watch?v=9GVWuieb6MU
/et/202206061500,https://www.youtube.com/watch?v=IiHoaXCjkyc
/et/202206021000,https://www.youtube.com/watch?v=lLLBIw8R3ss
/et/202206011400,https://www.youtube.com/watch?v=1lJiuiSbhfY
/et/202206011200,https://www.youtube.com/watch?v=juMSrg8rP5k
/et/202205311000,https://www.youtube.com/watch?v=O6vjR7lrWUs
/et/202205301500,https://www.youtube.com/watch?v=xMaQfDCKcFM
/et/202205191000,https://www.youtube.com/watch?v=Yc_tUACAVDw
/et/202205181400,https://www.youtube.com/watch?v=YFtD5a0bhZw
/et/202205181400,https://www.youtube.com/watch?v=Csj5B9njYh0
/et/202205181200,https://www.youtube.com/watch?v=l02N7awTYig
/et/202205171000,https://www.youtube.com/watch?v=bfGtoSoY-KY
/et/202205161500,https://www.youtube.com/watch?v=acQzIY4DSWE
/et/202205121000,https://www.youtube.com/watch?v=t0F5vhc9mVw
/et/202205111400,https://www.youtube.com/watch?v=y1FZMnOolro
/et/202205111200,https://www.youtube.com/watch?v=uFkJIHZ73KM
/et/202205101000,https://www.youtube.com/watch?v=8MeZgB2xx3U
/et/202205091500,https://www.youtube.com/watch?v=VQrZFYGkzIM
/et/202205051000,https://www.youtube.com/watch?v=CgJ9FuauPJE
/et/202205041700,https://www.youtube.com/watch?v=owShlViN528
/et/202205041400,https://www.youtube.com/watch?v=ioDRO8FWMkY
/et/202205041200,https://www.youtube.com/watch?v=dY64E6q7SOQ
/et/202205031000,https://www.youtube.com/watch?v=4clE_x-nTBw
/et/202205021500,https://www.youtube.com/watch?v=KG-OISDYn0I
/et/202204211143,https://www.youtube.com/watch?v=06tmBhdCDAk
/et/202204211000,https://www.youtube.com/watch?v=1NxP9Ln7_uY
/et/202204201400,https://www.youtube.com/watch?v=MfgzluqB230
/et/202204201200,https://www.youtube.com/watch?v=JNCsVqmsXZI
/et/202204191000,https://www.youtube.com/watch?v=bzszROMK8EQ
/et/202204181500,https://www.youtube.com/watch?v=JewYY0Pn1mA
/et/202204141000,
/et/202204131400,https://www.youtube.com/watch?v=2IfjQXlcbIs
/et/202204131400,https://www.youtube.com/watch?v=bfihr3282ow
/et/202204131230,https://www.youtube.com/watch?v=Ok4YYPRPWRI
/et/202204131200,
/et/202204121000,https://www.youtube.com/watch?v=VwPA4ZDwD_8
/et/202204111500,https://www.youtube.com/watch?v=jJ0VupWZGhg
/et/202204071000,https://www.youtube.com/watch?v=ud_R132khxI
/et/202204061400,https://www.youtube.com/watch?v=kGe6q90o4oc
/et/202204061200,https://www.youtube.com/watch?v=fvRKjuJ_8HE
/et/202204051000,https://www.youtube.com/watch?v=yZRsnzNX2I4
/et/202204041500,https://www.youtube.com/watch?v=OlozJ4XlAJA
/et/202203241000,https://www.youtube.com/watch?v=J-7DcWqNcJg
/et/202203231400,https://www.youtube.com/watch?v=F0-4OtkZLOY
/et/202203231400,https://www.youtube.com/watch?v=rFIXZB087KY
/et/202203231200,https://www.youtube.com/watch?v=kiNsmt4wIGc
/et/202203221000,https://www.youtube.com/watch?v=Z7dfSHvoka4
/et/202203211500,https://www.youtube.com/watch?v=8Ndim7Lm6b0
/et/202203171000,
/et/202203161400,https://www.youtube.com/watch?v=Gc5CrQ2TbGU
/et/202203161200,https://www.youtube.com/watch?v=j1QTCiWJ6Hw
/et/202203151000,https://www.youtube.com/watch?v=lgj6_1-wiqo
/et/202203141500,https://www.youtube.com/watch?v=gqmi7AdGqYA
/et/202203101000,https://www.youtube.com/watch?v=uB0DFMoZSK8
/et/202203091400,https://www.youtube.com/watch?v=PJ186ebQEME
/et/202203091200,https://www.youtube.com/watch?v=XNh_u_PgXBQ
/et/202203081000,https://www.youtube.com/watch?v=7pT4fdyMhjA
/et/202203071500,https://www.youtube.com/watch?v=u-sJuILp5d0
/et/202203011000,https://www.youtube.com/watch?v=2ztBc5LGlHs
/et/202202231922,https://www.youtube.com/watch?v=E4kIyK0ZRoc
/et/202202231400,https://www.youtube.com/watch?v=ADUQxwQMuFQ
/et/202202231200,https://www.youtube.com/watch?v=pU4OMOR8MNM
/et/202202221000,https://www.youtube.com/watch?v=qnrtqwZiPUk
/et/202202211500,https://www.youtube.com/watch?v=h1gX8Yz4pAk
/et/202202171000,https://www.youtube.com/watch?v=aCWUJ7uO-YM
/et/202202161400,https://www.youtube.com/watch?v=7-yeH41tj2s
/et/202202161200,https://www.youtube.com/watch?v=Ot0SvQj_GwI
/et/202202151000,https://www.youtube.com/watch?v=IEv9z5y_apc
/et/202202141500,https://www.youtube.com/watch?v=NwoHeHOz25Y
/et/202202101000,https://www.youtube.com/watch?v=RWT7If637tY
/et/202202091400,https://www.youtube.com/watch?v=DSgJLUWlsyI
/et/202202091200,https://www.youtube.com/watch?v=d7gzVlP7udA
/et/202202081000,https://www.youtube.com/watch?v=3alCSqKZrvY
/et/202202071500,https://www.youtube.com/watch?v=Ug6M-WA32lA
/et/202201271000,https://www.youtube.com/watch?v=3tXByCYFWw4
/et/202201261400,https://www.youtube.com/watch?v=Qn_LrrAlT90
/et/202201261400,https://www.youtube.com/watch?v=NaUkGTYFAVg
/et/202201261200,https://www.youtube.com/watch?v=RB1cr2wZDRE
/et/202201251000,https://www.youtube.com/watch?v=MX1NQNIvh9E
/et/202201241500,https://www.youtube.com/watch?v=WqWQxrEdn1A
/et/202201201000,https://www.youtube.com/watch?v=2gMykBfbKBE
/et/202201191400,https://www.youtube.com/watch?v=oiUedKVChLU
/et/202201191200,https://www.youtube.com/watch?v=gX0pQ_AQLg8
/et/202201181000,https://www.youtube.com/watch?v=IhyHipw6tXw
/et/202201171500,https://www.youtube.com/watch?v=HYe8YT18uXs
/et/202201131000,
/et/202201121400,https://www.youtube.com/watch?v=JwRrJA8UFXw
/et/202201121200,https://www.youtube.com/watch?v=XR34nEPl-bg
/et/202201111000,https://www.youtube.com/watch?v=PNF1hRUsli0
/et/202201101500,https://www.youtube.com/watch?v=5iIiEw234bY
/et/202312211000,https://www.youtube.com/watch?v=n-yHqxtyxzM
/et/202312201400,https://www.youtube.com/watch?v=lIDWevDsCjo
/et/202312201200,https://www.youtube.com/watch?v=EixR93QDJ38
/et/202312191000,https://www.youtube.com/watch?v=L82E-SJN7YM
/et/202312181500,https://www.youtube.com/watch?v=hGXUCBG6bNc
/et/202312141000,https://www.youtube.com/watch?v=WwhqFoCReoA
/et/202312131400,https://www.youtube.com/watch?v=Ifu6m6Yz5Ss
/et/202312131200,https://www.youtube.com/watch?v=pNQo-9GPIr8
/et/202312121000,https://www.youtube.com/watch?v=S4Epm0GQHgI
/et/202312111500,https://www.youtube.com/watch?v=CT4RBswRWhY
/et/202312081100,https://www.youtube.com/watch?v=QGND6z2nrrc
/et/202312071000,https://www.youtube.com/watch?v=U9mLxQWfDRM
/et/202312061400,https://www.youtube.com/watch?v=bWOr8l4_LHw
/et/202312061400,https://www.youtube.com/watch?v=NTeS2GAjDE4
/et/202312061200,https://www.youtube.com/watch?v=Pk7UQ8ThY_g
/et/202312051000,https://www.youtube.com/watch?v=O9CyraWPYTs
/et/202312041500,https://www.youtube.com/watch?v=Jbdj1a21Bsg
/et/202311231000,https://www.youtube.com/watch?v=WX7WWSwFZGI
/et/202311221400,https://www.youtube.com/watch?v=el1AoJi98fs
/et/202311221400,https://www.youtube.com/watch?v=NdOJ7ExgR_E
/et/202311221200,https://www.youtube.com/watch?v=vP0WyT-_f74
/et/202311211000,https://www.youtube.com/watch?v=rIRl51VENSY
/et/202311201500,https://www.youtube.com/watch?v=WS01aqP6uhQ
/et/202311161000,https://www.youtube.com/watch?v=B4yL7nB5Zpc
/et/202311151400,https://www.youtube.com/watch?v=qeccpS3AE2c
/et/202311151200,https://www.youtube.com/watch?v=MQfzKlMiPws
/et/202311141000,https://www.youtube.com/watch?v=1J5U5T_5ic4
/et/202311131500,https://www.youtube.com/watch?v=lKiUvshXGg8
/et/202311091000,https://www.youtube.com/watch?v=91iuaz-lgVA
/et/202311081400,https://www.youtube.com/watch?v=eZYZ76AMz4k
/et/202311081400,https://www.youtube.com/watch?v=wEoJN2o_LY4
/et/202311081200,
/et/202311071000,https://www.youtube.com/watch?v=sgcDi2a-rok
/et/202311061500,https://www.youtube.com/watch?v=IjOzOEt8hVo
/et/202310261000,https://www.youtube.com/watch?v=daTTI_4L7N0
/et/202310251400,https://www.youtube.com/watch?v=RPzR_oJrmxE
/et/202310251200,https://www.youtube.com/watch?v=WgCxiK8jX0g
/et/202310241000,https://www.youtube.com/watch?v=6vbbPI2gaW8
/et/202310231500,https://www.youtube.com/watch?v=cHRVWpMyQQI
/et/202310191000,https://www.youtube.com/watch?v=OtPLrRCdXQU
/et/202310181400,https://www.youtube.com/watch?v=3jsZFsZcTes
/et/202310181400,https://www.youtube.com/watch?v=IWN7AtmsZcs
/et/202310181200,https://www.youtube.com/watch?v=YJKJ0UFaJxE
/et/202310171000,https://www.youtube.com/watch?v=rDClGsvX7j8
/et/202310161500,https://www.youtube.com/watch?v=lXufeDwBeWI
/et/202310121000,https://www.youtube.com/watch?v=dqsweKiM06w
/et/202310111400,
/et/202310111200,https://www.youtube.com/watch?v=B1ur5O2m6uA
/et/202310101000,https://www.youtube.com/watch?v=ijKrEJZpk6w
/et/202310091500,https://www.youtube.com/watch?v=cMrvkezHc-I
/et/202309281000,https://www.youtube.com/watch?v=LiJAg0e7eU0
/et/202309271400,https://www.youtube.com/watch?v=nRNDxE-oyy8
/et/202309271200,https://www.youtube.com/watch?v=7miTzSGalac
/et/202309261000,https://www.youtube.com/watch?v=T42HL105mzo
/et/202309251500,https://www.youtube.com/watch?v=W62rTe_lpYE
/et/202309211000,https://www.youtube.com/watch?v=tgCWDkgfJ6s
/et/202309201400,https://www.youtube.com/watch?v=NSzn_0ReUQ8
/et/202309201200,https://www.youtube.com/watch?v=bJSLK4GPd_E
/et/202309191000,https://www.youtube.com/watch?v=scA39kV9UQc
/et/202309181500,https://www.youtube.com/watch?v=RKzUV8QkySM
/et/202309141000,https://www.youtube.com/watch?v=D6YuOZML1pA
/et/202309131400,https://www.youtube.com/watch?v=dMBpP4I4GLE
/et/202309131200,https://www.youtube.com/watch?v=04YuoP-YBjk
/et/202309121000,https://www.youtube.com/watch?v=qv6pHT046kM
/et/202309111500,https://www.youtube.com/watch?v=tQ11rR1f0io
/et/202306201340,https://www.youtube.com/watch?v=zwe3hjQWtv0
/et/202306191000,https://www.youtube.com/watch?v=SKi6ymtVn7s
/et/202306191000,https://www.youtube.com/watch?v=CV5CrAinmIY
/et/202306191000,https://www.youtube.com/watch?v=OxbaNIPtGSg
/et/202306151000,https://www.youtube.com/watch?v=afOa7ok3ibU
/et/202306141400,https://www.youtube.com/watch?v=WpSWOGaTUto
/et/202306141400,https://www.youtube.com/watch?v=ifpsY9ficpE
/et/202306141200,https://www.youtube.com/watch?v=p9x1xnMppnc
/et/202306131000,https://www.youtube.com/watch?v=BOEfkVczuVU
/et/202306121500,https://www.youtube.com/watch?v=grFY-lVeHhU
/et/202306081000,https://www.youtube.com/watch?v=NuOMrmuxqFo
/et/202306071400,https://www.youtube.com/watch?v=9bn3N1tXvug
/et/202306071200,https://www.youtube.com/watch?v=9c2AVESblGY
/et/202306061000,https://www.youtube.com/watch?v=Y-sK7hpq80A
/et/202306051500,https://www.youtube.com/watch?v=RkPSHLI2Wkc
/et/202305251000,https://www.youtube.com/watch?v=UqRFvCVfxTc
/et/202305241400,https://www.youtube.com/watch?v=K-VQGrfMCdg
/et/202305241200,https://www.youtube.com/watch?v=dFhzgvMazV4
/et/202305231000,https://www.youtube.com/watch?v=kprjFOtepBo
/et/202305221500,https://www.youtube.com/watch?v=U-pbxTf4R3c
/et/202305181000,https://www.youtube.com/watch?v=QzLNHORS5MI
/et/202305171400,https://www.youtube.com/watch?v=UrnjyrwMZ8Q
/et/202305171200,https://www.youtube.com/watch?v=sk1HcSQX3jc
/et/202305161000,https://www.youtube.com/watch?v=pAPAPgjMGCo
/et/202305151500,
/et/202305121500,
/et/202305111000,
/et/202305101400,
/et/202305101200,https://www.youtube.com/watch?v=oJe9jzAC790
/et/202305091000,
/et/202305081500,
/et/202304271000,https://www.youtube.com/watch?v=6mBYUJQfft8
/et/202304261400,
/et/202304261200,https://www.youtube.com/watch?v=m9UJhvQh4Cs
/et/202304251000,
/et/202304241500,https://www.youtube.com/watch?v=bkB7PGU6mhg
/et/202304201000,
/et/202304191400,https://www.youtube.com/watch?v=CZRDiKBPPnI
/et/202304191200,https://www.youtube.com/watch?v=xLLy1puYcNM
/et/202304181000,https://www.youtube.com/watch?v=g2tIe-reujw
/et/202304171500,https://www.youtube.com/watch?v=ou0tvuRRSxo
/et/202304131000,
/et/202304121400,https://www.youtube.com/watch?v=I4e5-jaf_2M
/et/202304111000,https://www.youtube.com/watch?v=HnPgbtAF00g
/et/202304101400,https://www.youtube.com/watch?v=x3Meb-_7K8A
/et/202302231000,
/et/202302221400,https://www.youtube.com/watch?v=AeqDmT48_Ss
/et/202302221200,https://www.youtube.com/watch?v=5gAs8TPyjbA
/et/202302211000,https://www.youtube.com/watch?v=0wNptPbK6b0
/et/202302201500,https://www.youtube.com/watch?v=Li_fH3kAdlI
/et/202302161000,https://www.youtube.com/watch?v=nyKzPXyLezw
/et/202302151400,https://www.youtube.com/watch?v=um-sGLA7aWg
/et/202302151200,https://www.youtube.com/watch?v=dAN_0Y0BEmM
/et/202302141000,https://www.youtube.com/watch?v=zcVHztwxbhU
/et/202302131500,https://www.youtube.com/watch?v=QsQCsRgxJYk
/et/202302091000,https://www.youtube.com/watch?v=zoPyogWdPLo
/et/202302081400,https://www.youtube.com/watch?v=5XYqD1wxJwc
/et/202302081200,https://www.youtube.com/watch?v=S8GpxBju4_w
/et/202302071000,https://www.youtube.com/watch?v=RdsLjqLgR-4
/et/202302061500,https://www.youtube.com/watch?v=Wd0XcPf90dY
/et/202301261000,https://www.youtube.com/watch?v=TeY95yr6d_s
/et/202301251400,https://www.youtube.com/watch?v=b78niJM5nd4
/et/202301251200,https://www.youtube.com/watch?v=UG7s6vIqRdc
/et/202301241000,https://www.youtube.com/watch?v=jXfGYGxcBT0
/et/202301231500,https://www.youtube.com/watch?v=I0HawMQiEdg
/et/202301191000,https://www.youtube.com/watch?v=ZLegwkN8Fwo
/et/202301181400,https://www.youtube.com/watch?v=rM98XlT7a4s
/et/202301181200,https://www.youtube.com/watch?v=xwz_e7UyUHo
/et/202301171000,https://www.youtube.com/watch?v=uEokOwjCnCk
/et/202301161500,https://www.youtube.com/watch?v=mSUNrWxgEc0
/et/202301121000,https://www.youtube.com/watch?v=oCEsf196T8g
/et/202301111400,https://www.youtube.com/watch?v=xZzk31uR20o
/et/202301111200,https://www.youtube.com/watch?v=Zk2imR4oiEk
/et/202301101000,https://www.youtube.com/watch?v=VSFIMVBmXLI
/et/202301091500,https://www.youtube.com/watch?v=FBVBcxDWztA
/et/202412191000,https://www.youtube.com/watch?v=lwF-qiud-i0
/et/202412181400,https://www.youtube.com/watch?v=-nWG420HIxo
/et/202412181200,https://www.youtube.com/watch?v=YNw-yDaKTjk
/et/202412171000,https://www.youtube.com/watch?v=k9uo_h5e9Ik
/et/202412161500,https://www.youtube.com/watch?v=jYt3lfmFr-w
/et/202412121000,https://www.youtube.com/watch?v=E9_h86rXTMU
/et/202412111400,https://www.youtube.com/watch?v=LKhhLJ5fySc
/et/202412111200,https://www.youtube.com/watch?v=KIGBDGS6dIU
/et/202412101000,https://www.youtube.com/watch?v=2iLp0_GaNgI
/et/202412091500,https://www.youtube.com/watch?v=h0THZnUMNEo
/et/202412051000,https://www.youtube.com/watch?v=Q2Hju_Y0IiQ
/et/202412041400,https://www.youtube.com/watch?v=NplrhmfARAo
/et/202412041400,https://www.youtube.com/watch?v=tORWLHDRxzk
/et/202412041200,https://www.youtube.com/watch?v=pzkuWzTCL1g
/et/202412031000,https://www.youtube.com/watch?v=cSktnA4cNIE
/et/202412021500,https://www.youtube.com/watch?v=_B24ePhJrmY
/et/202411211000,https://www.youtube.com/watch?v=wGHUI7APtqM
/et/202411201400,https://www.youtube.com/watch?v=onN7KCTCtbg
/et/202411201200,https://www.youtube.com/watch?v=NShXX_Q4okE
/et/202411191000,https://www.youtube.com/watch?v=U09NFJINsB0
/et/202411181500,https://www.youtube.com/watch?v=IFJt34_GpDU
/et/202411141000,
/et/202411131400,https://www.youtube.com/watch?v=M4_zbfHrZxw
/et/202411131400,https://www.youtube.com/watch?v=pg1WWgZb1HU
/et/202411131200,https://www.youtube.com/watch?v=YotaQ_cUvWs
/et/202411121000,https://www.youtube.com/watch?v=i3nNVq8PMA8
/et/202411111500,https://www.youtube.com/watch?v=qfJLsKcgigk
/et/202411071000,https://www.youtube.com/watch?v=BWjK18K6Iv8
/et/202411061400,https://www.youtube.com/watch?v=BEv9yCt8170
/et/202411061200,https://www.youtube.com/watch?v=e-q4ifiXKSo
/et/202411051000,https://www.youtube.com/watch?v=Y2ZyObo_atM
/et/202411041500,https://www.youtube.com/watch?v=pSU8OGCBhlQ
/et/202410241000,https://www.youtube.com/watch?v=bKLho2-NIgM
/et/202410231400,
/et/202410231200,https://www.youtube.com/watch?v=wG3rDRBJKSs
/et/202410221000,https://www.youtube.com/watch?v=eNbgXNlzF0g
/et/202410211500,https://www.youtube.com/watch?v=pNXkhjDDL2o
/et/202410171000,https://www.youtube.com/watch?v=B9R60RhwnsE
/et/202410161400,https://www.youtube.com/watch?v=/zTQrIDYKPGw
/et/202410161200,https://www.youtube.com/watch?v=76PaBDSEFdE
/et/202410151000,https://www.youtube.com/watch?v=FVlNNfJoezQ
/et/202410141500,
/et/202410101000,https://www.youtube.com/watch?v=gdVV9Zw9cX0
/et/202410091400,https://www.youtube.com/watch?v=XDMqtw63OMU
/et/202410091200,https://www.youtube.com/watch?v=OvN36VPa3vw
/et/202410081000,https://www.youtube.com/watch?v=2vxyRvmJ9N0
/et/202410071500,https://www.youtube.com/watch?v=BfZQQ7H6rEI
/et/202409261000,
/et/202409251400,https://www.youtube.com/watch?v=tEoL6p8r8HI
/et/202409251200,https://www.youtube.com/watch?v=oP6HGjqp9rQ
/et/202409241000,
/et/202409231500,https://www.youtube.com/watch?v=U27l1xBNwp4
/et/202409191000,https://www.youtube.com/watch?v=h0oFtx_6sso
/et/202409181400,https://www.youtube.com/watch?v=hbM-5W7PQng
/et/202409181200,https://www.youtube.com/watch?v=Wvlr9FHQXn0
/et/202409171000,
/et/202409161500,https://www.youtube.com/watch?v=zV0M4eUDTeE
/et/202409121000,
/et/202409111400,https://www.youtube.com/watch?v=pu3qOwJHIaM
/et/202409111200,
/et/202409101000,https://www.youtube.com/watch?v=Ud6nwwbbNVQ
/et/202409091500,https://www.youtube.com/watch?v=1LpY0NvNhM0
/et/202407291856,https://www.youtube.com/watch?v=Jl1_w2kircg
/et/202407291734,https://www.youtube.com/watch?v=vwk0CJl0TIo
/et/202407291000,https://www.youtube.com/watch?v=CsXuxT8mDOw
/et/202407231000,https://www.youtube.com/watch?v=G7CVZoWsQlg
/et/202407221100,https://www.youtube.com/watch?v=1GwkEhhNPY0
/et/202407151000,
/et/202406191000,https://www.youtube.com/watch?v=gdEWLKwAqh4
/et/202406141000,https://www.youtube.com/watch?v=Ix0NaNhkdIs
/et/202406131000,https://www.youtube.com/watch?v=fDAmBpuy7ws
/et/202406121400,https://www.youtube.com/watch?v=aDDTpBgiXzw
/et/202406121200,https://www.youtube.com/watch?v=L6xier4sECo
/et/202406111000,https://www.youtube.com/watch?v=olUUYYSlyv4
/et/202406101500,https://www.youtube.com/watch?v=0FNMLl90-gU
/et/202406061000,https://www.youtube.com/watch?v=xkuUcxEdwJE
/et/202406051400,https://www.youtube.com/watch?v=FZeDB5DLtW8
/et/202406051400,https://www.youtube.com/watch?v=4x7leJ-PEi0
/et/202406051200,https://www.youtube.com/watch?v=rZ4Pq4-R-yE
/et/202406041000,https://www.youtube.com/watch?v=WwiUmCIJo48
/et/202406031500,https://www.youtube.com/watch?v=eBFoYqyVTyU
/et/202405301000,https://www.youtube.com/watch?v=3KFivi4-NOk
/et/202405291400,https://www.youtube.com/watch?v=_lk3UzRRleY
/et/202405291200,
/et/202405281000,
/et/202405271500,https://www.youtube.com/watch?v=TCF27pYAxx8
/et/202405161000,
/et/202405151400,https://www.youtube.com/watch?v=1cAR1LsWqQA
/et/202405151200,https://www.youtube.com/watch?v=HF5rTq-O0pQ
/et/202405141000,https://www.youtube.com/watch?v=9zq2a6vMAPs
/et/202405131500,https://www.youtube.com/watch?v=sxjR2w5fJtg
/et/202405091000,
/et/202405081400,https://www.youtube.com/watch?v=7f882Adr6cw
/et/202405081200,https://www.youtube.com/watch?v=pnwB0Oeprdw
/et/202405071000,https://www.youtube.com/watch?v=gZwi2ym4mHg
/et/202405061500,https://www.youtube.com/watch?v=Ln2v5FU42h4
/et/202405021000,https://www.youtube.com/watch?v=ote_LTLo50E
/et/202404301000,
/et/202404291500,https://www.youtube.com/watch?v=E4CXLvfjh0w
/et/202404181000,https://www.youtube.com/watch?v=cP-1_E2AbbE
/et/202404171400,https://www.youtube.com/watch?v=6sR4gkqmbbk
/et/202404171200,https://www.youtube.com/watch?v=kmZCr9an_P0
/et/202404161000,https://www.youtube.com/watch?v=r7xo4eYWopc
/et/202404151500,https://www.youtube.com/watch?v=ErDlyv5xedI
/et/202404111000,https://www.youtube.com/watch?v=DdyBLNXLnh4
/et/202404101400,https://www.youtube.com/watch?v=eK9_5moezXQ
/et/202404101200,
/et/202404091000,https://www.youtube.com/watch?v=1m8SrGST1qM
/et/202404081500,https://www.youtube.com/watch?v=AMAzCDM42Lw
/et/202404041000,https://www.youtube.com/watch?v=7J1tFFcawwg
/et/202404031400,https://www.youtube.com/watch?v=gCq6Nvyg7QM
/et/202404031200,https://www.youtube.com/watch?v=uZ0ekZaUVSw
/et/202404021000,https://www.youtube.com/watch?v=-HW5JJN4ziE
/et/202404011500,https://www.youtube.com/watch?v=WYAp57-vFQo
/et/202403211000,
/et/202403201400,https://www.youtube.com/watch?v=-L9mh0pv3DQ
/et/202403201200,
/et/202403191000,https://www.youtube.com/watch?v=U9s2z_wsl7k
/et/202403181500,https://www.youtube.com/watch?v=xnNdX-zwKxU
/et/202403141000,https://www.youtube.com/watch?v=DvpBZNzN3ew
/et/202403131400,https://www.youtube.com/watch?v=Lmw3x6WXepc
/et/202403131200,https://www.youtube.com/watch?v=6yUz3CawWuM
/et/202403121000,https://www.youtube.com/watch?v=DajcKvYFNOE
/et/202403111500,https://www.youtube.com/watch?v=nIMo1TbUNss
/et/202403071000,https://www.youtube.com/watch?v=KIfkBHHVy1E
/et/202403061400,https://www.youtube.com/watch?v=lKFuqwAhsN4
/et/202403061200,https://www.youtube.com/watch?v=JhpqONrMgc4
/et/202403051000,
/et/202403041500,https://www.youtube.com/watch?v=2bj5Mw2vliY
/et/202402221000,https://www.youtube.com/watch?v=Bfue021o-fM
/et/202402211400,https://www.youtube.com/watch?v=59u0oSN_0N8
/et/202402211200,
/et/202402201000,https://www.youtube.com/watch?v=RsC5KhNpcYo
/et/202402191500,https://www.youtube.com/watch?v=B7x2fYCD5Uo
/et/202402151000,
/et/202402141400,https://www.youtube.com/watch?v=kcPw7WK9TzA
/et/202402141200,https://www.youtube.com/watch?v=BY7iaHFmlhU
/et/202402131000,https://www.youtube.com/watch?v=dNTu86UHtdA
/et/202402121500,https://www.youtube.com/watch?v=NubIg6M4t50
/et/202402081000,https://www.youtube.com/watch?v=-pepnC5xobM
/et/202402071400,https://www.youtube.com/watch?v=3-8pIt09qow
/et/202402071200,https://www.youtube.com/watch?v=oetSZWGTBZM
/et/202402061000,https://www.youtube.com/watch?v=9feIeG-xy68
/et/202402051500,https://www.youtube.com/watch?v=ejUgzsYsCVc
/et/202401251000,https://www.youtube.com/watch?v=W8sOdhVn2hk
/et/202401241400,https://www.youtube.com/watch?v=YeDTMAOYzKs
/et/202401241200,https://www.youtube.com/watch?v=j-WV5PHpdgw
/et/202401231000,https://www.youtube.com/watch?v=VeKC0iw7Kw4
/et/202401221500,https://www.youtube.com/watch?v=mgwv_U9GOEQ
/et/202401181000,https://www.youtube.com/watch?v=OEqWQbpVM7U
/et/202401171400,https://www.youtube.com/watch?v=YWkt0gr2jhw
/et/202401171200,https://www.youtube.com/watch?v=iUYUG6jyJMk
/et/202401161000,
/et/202401151500,https://www.youtube.com/watch?v=6xqoHr_WMLE
/et/202401111400,
/et/202401111000,https://www.youtube.com/watch?v=F0DBP1MUjDM
/et/202401101400,https://www.youtube.com/watch?v=O07eW7gW8nA
/et/202401101200,https://www.youtube.com/watch?v=B3tN56zlaSQ
/et/202401091000,https://www.youtube.com/watch?v=IcJGAV2dKjA
/et/202401081500,https://www.youtube.com/watch?v=kpezfKdYfqE
