transcript_link,youtube_link,date,normalized_youtube_link
/et/202411141000,https://www.youtube.com/watch?v=ZpmjjTHRZzw,2024-11-14 10:00:00,
/et/202410231400,https://www.youtube.com/watch?v=nM-yrUmswkY,2024-10-23 14:00:00,
/et/202410231200,https://www.youtube.com/watch?v=nM-yrUmswkY,2024-10-23 12:00:00,wG3rDRBJKSs
/et/202410141500,https://www.youtube.com/watch?v=K1qIcso_4j8,2024-10-14 15:00:00,
/et/202409241000,https://www.youtube.com/watch?v=GqC6n8J1Wz0,2024-09-24 10:00:00,
/et/202409171000,https://www.youtube.com/watch?v=vIoL6FzTmVI,2024-09-17 10:00:00,
/et/202409121000,https://www.youtube.com/watch?v=MUbyCr3tWpM,2024-09-12 10:00:00,
/et/202409111400,https://www.youtube.com/watch?v=t24FbyhjWqo,2024-09-11 14:00:00,pu3qOwJHIaM
/et/202409111200,https://www.youtube.com/watch?v=t24FbyhjWqo,2024-09-11 12:00:00,
/et/202407151000,https://www.youtube.com/watch?v=_BrIjy1LL6I,2024-07-15 10:00:00,
/et/202405291400,https://www.youtube.com/watch?v=TqdCqMYcI5c,2024-05-29 14:00:00,_lk3UzRRleY
/et/202405291200,https://www.youtube.com/watch?v=TqdCqMYcI5c,2024-05-29 12:00:00,
/et/202405281000,https://www.youtube.com/watch?v=yhX0Qb1AYHM,2024-05-28 10:00:00,
/et/202405161000,https://www.youtube.com/watch?v=iXl1urmokGs,2024-05-16 10:00:00,
/et/202405091000,https://www.youtube.com/watch?v=NKUVMTSpbls,2024-05-09 10:00:00,
/et/202404301000,https://www.youtube.com/watch?v=HKRWsQlUaXo,2024-04-30 10:00:00,
/et/202404101400,https://www.youtube.com/watch?v=-t5vNcTUTXc,2024-04-10 14:00:00,eK9_5moezXQ
/et/202404101200,https://www.youtube.com/watch?v=-t5vNcTUTXc,2024-04-10 12:00:00,
/et/202403211000,https://www.youtube.com/watch?v=mRBOJ-ayLNo,2024-03-21 10:00:00,
/et/202403201400,https://www.youtube.com/watch?v=xWcYyqcM3TA,2024-03-20 14:00:00,-L9mh0pv3DQ
/et/202403201200,https://www.youtube.com/watch?v=xWcYyqcM3TA,2024-03-20 12:00:00,
/et/202403051000,https://www.youtube.com/watch?v=xN9jDkkKgcw,2024-03-05 10:00:00,
/et/202402211400,https://www.youtube.com/watch?v=7FMSfHo3IGw,2024-02-21 14:00:00,59u0oSN_0N8
/et/202402211200,https://www.youtube.com/watch?v=7FMSfHo3IGw,2024-02-21 12:00:00,
/et/202402151000,https://www.youtube.com/watch?v=pFPZBjllztQ,2024-02-15 10:00:00,
/et/202401161000,https://www.youtube.com/watch?v=VbFBwHQJbRc,2024-01-16 10:00:00,
/et/202311201500,https://www.youtube.com/watch?v=EejYkCV1rZI,2023-11-20 15:00:00,WS01aqP6uhQ
/et/202311081400,https://www.youtube.com/watch?v=bHZUg5OWCXk,2023-11-08 14:00:00,eZYZ76AMz4k
/et/202311081400,https://www.youtube.com/watch?v=bHZUg5OWCXk,2023-11-08 14:00:00,wEoJN2o_LY4
/et/202311081200,https://www.youtube.com/watch?v=bHZUg5OWCXk,2023-11-08 12:00:00,
/et/202310111400,https://www.youtube.com/watch?v=OAsZbH0v8m8,2023-10-11 14:00:00,
/et/202310111200,https://www.youtube.com/watch?v=OAsZbH0v8m8,2023-10-11 12:00:00,B1ur5O2m6uA
/et/202305151500,https://www.youtube.com/watch?v=l9FeUMO-_Y0,2023-05-15 15:00:00,
/et/202305121500,https://www.youtube.com/watch?v=oYNmI4NXL20,2023-05-12 15:00:00,
/et/202305121500,https://www.youtube.com/watch?v=J1yyf8jm_g8,2023-05-12 15:00:00,
/et/202305121500,https://www.youtube.com/watch?v=9X135PQcpgI,2023-05-12 15:00:00,
/et/202305121500,https://www.youtube.com/watch?v=o4bEH6L36qk,2023-05-12 15:00:00,
/et/202305111000,https://www.youtube.com/watch?v=ll_7-imsm-0,2023-05-11 10:00:00,
/et/202305101400,https://www.youtube.com/watch?v=oUEiPIsuJRQ,2023-05-10 14:00:00,
/et/202305101200,https://www.youtube.com/watch?v=oUEiPIsuJRQ,2023-05-10 12:00:00,oJe9jzAC790
/et/202305101400,https://www.youtube.com/watch?v=gOlhmcqTOFo,2023-05-10 14:00:00,
/et/202305101200,https://www.youtube.com/watch?v=gOlhmcqTOFo,2023-05-10 12:00:00,oJe9jzAC790
/et/202305101400,https://www.youtube.com/watch?v=MQO3zZni1kY,2023-05-10 14:00:00,
/et/202305101200,https://www.youtube.com/watch?v=MQO3zZni1kY,2023-05-10 12:00:00,oJe9jzAC790
/et/202305091000,https://www.youtube.com/watch?v=s2pygDgucXY,2023-05-09 10:00:00,
/et/202305081500,https://www.youtube.com/watch?v=qx8QNDKnT9M,2023-05-08 15:00:00,
/et/202304261400,https://www.youtube.com/watch?v=6zmCHHFxMrI,2023-04-26 14:00:00,
/et/202304261200,https://www.youtube.com/watch?v=6zmCHHFxMrI,2023-04-26 12:00:00,m9UJhvQh4Cs
/et/202304251000,https://www.youtube.com/watch?v=6p_jJGhaKgE,2023-04-25 10:00:00,
/et/202304201000,https://www.youtube.com/watch?v=l7eM3rs9WDM,2023-04-20 10:00:00,
/et/202304131000,https://www.youtube.com/watch?v=KsBOsLrnAbM,2023-04-13 10:00:00,
/et/202302231000,https://www.youtube.com/watch?v=zl3HkeAj-OU,2023-02-23 10:00:00,
/et/202212281623,https://www.youtube.com/watch?v=SKkBeSzSuPU,2022-12-28 16:23:00,
/et/202212281435,https://www.youtube.com/watch?v=SKkBeSzSuPU,2022-12-28 14:35:00,qIJ7OQKH6qA
/et/202212281228,https://www.youtube.com/watch?v=SKkBeSzSuPU,2022-12-28 12:28:00,lAoe_GuUW-g
/et/202212281100,https://www.youtube.com/watch?v=SKkBeSzSuPU,2022-12-28 11:00:00,ojXYg50HEPU
/et/202212280900,https://www.youtube.com/watch?v=SKkBeSzSuPU,2022-12-28 09:00:00,s7EysRyCEKM
/et/202209271000,https://www.youtube.com/watch?v=butNoAMh74I,2022-09-27 10:00:00,4zdDZpC4F4w
/et/202207061530,https://www.youtube.com/watch?v=j43gHaI8RLM,2022-07-06 15:30:00,
/et/202207061200,https://www.youtube.com/watch?v=j43gHaI8RLM,2022-07-06 12:00:00,i-fSQGELAHQ
/et/202206170900,https://www.youtube.com/watch?v=LOgP8PiGoXQ,2022-06-17 09:00:00,
/et/202206081400,https://www.youtube.com/watch?v=B1riq2U8PXo,2022-06-08 14:00:00,zfS7XPdDgdU
/et/202206081200,https://www.youtube.com/watch?v=B1riq2U8PXo,2022-06-08 12:00:00,nepNeQNmPXo
/et/202206081400,https://www.youtube.com/watch?v=hNd1Ax0TZK0,2022-06-08 14:00:00,zfS7XPdDgdU
/et/202206081200,https://www.youtube.com/watch?v=hNd1Ax0TZK0,2022-06-08 12:00:00,nepNeQNmPXo
/et/202204141000,https://www.youtube.com/watch?v=CTvyM457z7E,2022-04-14 10:00:00,
/et/202203171000,https://www.youtube.com/watch?v=3BMfmbHd5mw,2022-03-17 10:00:00,
/et/202201131000,https://www.youtube.com/watch?v=T-coyiz6Tn0,2022-01-13 10:00:00,
/et/202112071000,https://www.youtube.com/watch?v=2aTbvo7SZ54,2021-12-07 10:00:00,
/et/202111241400,https://www.youtube.com/watch?v=EkjJsk9XeFA,2021-11-24 14:00:00,
/et/202111241200,https://www.youtube.com/watch?v=EkjJsk9XeFA,2021-11-24 12:00:00,
/et/202111241400,https://www.youtube.com/watch?v=43gQiivnPh0,2021-11-24 14:00:00,
/et/202111241200,https://www.youtube.com/watch?v=43gQiivnPh0,2021-11-24 12:00:00,
/et/202111111000,https://www.youtube.com/watch?v=NT-4rhTQc8E,2021-11-11 10:00:00,
/et/202111081500,https://www.youtube.com/watch?v=rOTKGWj4uBE,2021-11-08 15:00:00,
/et/202109281000,https://www.youtube.com/watch?v=t1KgUBr9H5A,2021-09-28 10:00:00,
/et/202106011000,https://www.youtube.com/watch?v=JlnBVH9-Isg,2021-06-01 10:00:00,
/et/202105051400,https://www.youtube.com/watch?v=P_WHexOcJMw,2021-05-05 14:00:00,
/et/202105051200,https://www.youtube.com/watch?v=P_WHexOcJMw,2021-05-05 12:00:00,MluzRPhCUCY
/et/202104081000,https://www.youtube.com/watch?v=En-gER_oWP4,2021-04-08 10:00:00,
/et/202104071400,https://www.youtube.com/watch?v=rXFuoVM2DNA,2021-04-07 14:00:00,JaTIkBJqjeQ
/et/202104071200,https://www.youtube.com/watch?v=rXFuoVM2DNA,2021-04-07 12:00:00,
/et/202103171400,https://www.youtube.com/watch?v=RPY_mlNcYqE,2021-03-17 14:00:00,
/et/202103171200,https://www.youtube.com/watch?v=RPY_mlNcYqE,2021-03-17 12:00:00,
/et/202103171400,https://www.youtube.com/watch?v=wYdkHw6IEDw,2021-03-17 14:00:00,
/et/202103171200,https://www.youtube.com/watch?v=wYdkHw6IEDw,2021-03-17 12:00:00,
/et/202103161000,https://www.youtube.com/watch?v=EOpqipgYnrs,2021-03-16 10:00:00,
/et/202101211000,https://www.youtube.com/watch?v=YHMK-9xn4U0,2021-01-21 10:00:00,
/et/202101191000,https://www.youtube.com/watch?v=K1obLY77oOo,2021-01-19 10:00:00,
/et/202101141000,https://www.youtube.com/watch?v=YTM6tVHJ87U,2021-01-14 10:00:00,
/et/202101131400,https://www.youtube.com/watch?v=xnq2idERUac,2021-01-13 14:00:00,FTwX-Ixwjvw
/et/202101131200,https://www.youtube.com/watch?v=xnq2idERUac,2021-01-13 12:00:00,pfiegquF_nQ
/et/202012091400,https://www.youtube.com/watch?v=7CDWm3nNk4I,2020-12-09 14:00:00,
/et/202012091200,https://www.youtube.com/watch?v=7CDWm3nNk4I,2020-12-09 12:00:00,JdKsz0x17zo
/et/202011251400,https://www.youtube.com/watch?v=dQvaTmKqLOQ,2020-11-25 14:00:00,
/et/202011251200,https://www.youtube.com/watch?v=dQvaTmKqLOQ,2020-11-25 12:00:00,uwFm3c-dPGk
/et/202011171000,https://www.youtube.com/watch?v=I_QfENH_P-A,2020-11-17 10:00:00,80FzlUQ3Apg
/et/202011111400,https://www.youtube.com/watch?v=TOhnxqN5uXQ,2020-11-11 14:00:00,
/et/202011111200,https://www.youtube.com/watch?v=TOhnxqN5uXQ,2020-11-11 12:00:00,bCRBXL3kLeI
/et/202009171000,https://www.youtube.com/watch?v=iCOISxnRSao,2020-09-17 10:00:00,
/et/202009151000,https://www.youtube.com/watch?v=zkLaLNecwNY,2020-09-15 10:00:00,
/et/202007061200,https://www.youtube.com/watch?v=qiTeoS2IojA,2020-07-06 12:00:00,
/et/202004221400,https://www.youtube.com/watch?v=LqVk3dWVT-o,2020-04-22 14:00:00,
/et/202004221200,https://www.youtube.com/watch?v=LqVk3dWVT-o,2020-04-22 12:00:00,RULBFMJhXmo
/et/201911051000,https://www.youtube.com/watch?v=8uGN9EOa9Ik,2019-11-05 10:00:00,H4F0IicwDBQ
/et/201910211500,https://www.youtube.com/watch?v=bH-pKI2iti8,2019-10-21 15:00:00,
/et/201909191000,https://www.youtube.com/watch?v=9kC7W5CdW70,2019-09-19 10:00:00,
/et/201909181400,https://www.youtube.com/watch?v=CSAjoRmBy7s,2019-09-18 14:00:00,
/et/201909181200,https://www.youtube.com/watch?v=CSAjoRmBy7s,2019-09-18 12:00:00,w2isiXgNbrk
/et/201909121000,https://www.youtube.com/watch?v=rgFD9U-z3lk,2019-09-12 10:00:00,
/et/201908301000,https://www.youtube.com/watch?v=bGW1WRXpusU,2019-08-30 10:00:00,
/et/201905151400,https://www.youtube.com/watch?v=n--o0wd8h8U,2019-05-15 14:00:00,
/et/201905151200,https://www.youtube.com/watch?v=n--o0wd8h8U,2019-05-15 12:00:00,cVG1ce8VVvs
/et/201905091000,https://www.youtube.com/watch?v=5_wHM_BlWg0,2019-05-09 10:00:00,
/et/201905081400,https://www.youtube.com/watch?v=lHVS22zKKhw,2019-05-08 14:00:00,
/et/201905081200,https://www.youtube.com/watch?v=lHVS22zKKhw,2019-05-08 12:00:00,
/et/201905081400,https://www.youtube.com/watch?v=fmba9C_BeUM,2019-05-08 14:00:00,
/et/201905081200,https://www.youtube.com/watch?v=fmba9C_BeUM,2019-05-08 12:00:00,
/et/201905071000,https://www.youtube.com/watch?v=gCan3PUF_Bk,2019-05-07 10:00:00,
/et/201905021000,https://www.youtube.com/watch?v=iFs_pvyZsSM,2019-05-02 10:00:00,
/et/201904231200,https://www.youtube.com/watch?v=5S1SdfOyalw,2019-04-23 12:00:00,
/et/201904181000,https://www.youtube.com/watch?v=ccU2iv9HvhI,2019-04-18 10:00:00,
/et/201904161000,https://www.youtube.com/watch?v=dzLF_9JOuS0,2019-04-16 10:00:00,
/et/201904101400,https://www.youtube.com/watch?v=UhHcf0Q0oxo,2019-04-10 14:00:00,
/et/201904091000,https://www.youtube.com/watch?v=2h0mqFgVWd8,2019-04-09 10:00:00,
/et/201902201400,https://www.youtube.com/watch?v=0bZ1qxbSiQc,2019-02-20 14:00:00,
/et/201902201300,https://www.youtube.com/watch?v=0bZ1qxbSiQc,2019-02-20 13:00:00,TlE8xtVCGH4
/et/201812041000,https://www.youtube.com/watch?v=E6B5twMO0Gs,2018-12-04 10:00:00,
/et/201805171000,https://www.youtube.com/watch?v=dZDrqMYtPGM,2018-05-17 10:00:00,
/et/201805141500,https://www.youtube.com/watch?v=Vv_mwJDIMw4,2018-05-14 15:00:00,
/et/201805071500,https://www.youtube.com/watch?v=m99muox9Bb4,2018-05-07 15:00:00,
/et/201801091000,https://www.youtube.com/watch?v=mNXdL-Ltt3Y,2018-01-09 10:00:00,
/et/201712211000,https://www.youtube.com/watch?v=-g9icHcmqL0,2017-12-21 10:00:00,
/et/201712191000,https://www.youtube.com/watch?v=WacB4IsphNw,2017-12-19 10:00:00,
/et/201712181500,https://www.youtube.com/watch?v=HnfPfMGFbDw,2017-12-18 15:00:00,
/et/201712141000,https://www.youtube.com/watch?v=NZiPUcebxjA,2017-12-14 10:00:00,
/et/201712131400,https://www.youtube.com/watch?v=aJrXlwBkhAw,2017-12-13 14:00:00,
/et/201712131300,https://www.youtube.com/watch?v=aJrXlwBkhAw,2017-12-13 13:00:00,
/et/201712131400,https://www.youtube.com/watch?v=lSbuqiVGhpM,2017-12-13 14:00:00,
/et/201712131300,https://www.youtube.com/watch?v=lSbuqiVGhpM,2017-12-13 13:00:00,
/et/201712121000,https://www.youtube.com/watch?v=k9VKoLbAcWE,2017-12-12 10:00:00,
/et/201712111500,https://www.youtube.com/watch?v=KzIVUV_i0Zc,2017-12-11 15:00:00,
/et/201712071000,https://www.youtube.com/watch?v=MKIwikOw-yQ,2017-12-07 10:00:00,
/et/201712061400,https://www.youtube.com/watch?v=HtYWvCR-VwU,2017-12-06 14:00:00,
/et/201712061300,https://www.youtube.com/watch?v=HtYWvCR-VwU,2017-12-06 13:00:00,
/et/201712061400,https://www.youtube.com/watch?v=nK76u8_6lw4,2017-12-06 14:00:00,
/et/201712061300,https://www.youtube.com/watch?v=nK76u8_6lw4,2017-12-06 13:00:00,
/et/201712051000,https://www.youtube.com/watch?v=Fv1Kmq69s9E,2017-12-05 10:00:00,
/et/201712041500,https://www.youtube.com/watch?v=Ycp9QA4KrfM,2017-12-04 15:00:00,
/et/201711231000,https://www.youtube.com/watch?v=wKby1gQN46c,2017-11-23 10:00:00,
/et/201711221400,https://www.youtube.com/watch?v=MFDcaGVDaCQ,2017-11-22 14:00:00,
/et/201711221300,https://www.youtube.com/watch?v=MFDcaGVDaCQ,2017-11-22 13:00:00,
/et/201711221400,https://www.youtube.com/watch?v=WJcXQ9yCLlE,2017-11-22 14:00:00,
/et/201711221300,https://www.youtube.com/watch?v=WJcXQ9yCLlE,2017-11-22 13:00:00,
/et/201612141400,https://www.youtube.com/watch?v=mZIBfkHa4Ac,2016-12-14 14:00:00,
/et/201612141300,https://www.youtube.com/watch?v=mZIBfkHa4Ac,2016-12-14 13:00:00,
/et/201711211000,https://www.youtube.com/watch?v=lVj8GSfXM4c,2017-11-21 10:00:00,
/et/201711201500,https://www.youtube.com/watch?v=73WCuviODHc,2017-11-20 15:00:00,
/et/201711161000,https://www.youtube.com/watch?v=p1_LEM-wIhU,2017-11-16 10:00:00,
/et/201711151400,https://www.youtube.com/watch?v=yDZBsnS3C70,2017-11-15 14:00:00,
/et/201711151300,https://www.youtube.com/watch?v=yDZBsnS3C70,2017-11-15 13:00:00,
/et/201711151400,https://www.youtube.com/watch?v=5H2PvkC2G4Q,2017-11-15 14:00:00,
/et/201711151300,https://www.youtube.com/watch?v=5H2PvkC2G4Q,2017-11-15 13:00:00,
/et/201711141000,https://www.youtube.com/watch?v=fF8h9a7ua1A,2017-11-14 10:00:00,
/et/201711131500,https://www.youtube.com/watch?v=nX9hJnWzvHs,2017-11-13 15:00:00,
/et/201612141400,https://www.youtube.com/watch?v=BmhjduMwpRE,2016-12-14 14:00:00,
/et/201612141300,https://www.youtube.com/watch?v=BmhjduMwpRE,2016-12-14 13:00:00,
/et/201612141400,https://www.youtube.com/watch?v=sV7UAHzJli0,2016-12-14 14:00:00,
/et/201612141300,https://www.youtube.com/watch?v=sV7UAHzJli0,2016-12-14 13:00:00,
/et/201711081400,https://www.youtube.com/watch?v=zYVkQF8AlfI,2017-11-08 14:00:00,
/et/201711081300,https://www.youtube.com/watch?v=zYVkQF8AlfI,2017-11-08 13:00:00,
/et/201711091000,https://www.youtube.com/watch?v=anM-Sr3fWqA,2017-11-09 10:00:00,
/et/201711081400,https://www.youtube.com/watch?v=i5FmEw2n7M0,2017-11-08 14:00:00,
/et/201711081300,https://www.youtube.com/watch?v=i5FmEw2n7M0,2017-11-08 13:00:00,
/et/201711071000,https://www.youtube.com/watch?v=htLizow6IlQ,2017-11-07 10:00:00,
/et/201711061500,https://www.youtube.com/watch?v=21geWS-8JNs,2017-11-06 15:00:00,
/et/201710261000,https://www.youtube.com/watch?v=8NqxCsGccJ8,2017-10-26 10:00:00,
/et/201710251400,https://www.youtube.com/watch?v=JFKubvJUQwE,2017-10-25 14:00:00,
/et/201710251300,https://www.youtube.com/watch?v=JFKubvJUQwE,2017-10-25 13:00:00,
/et/201710251400,https://www.youtube.com/watch?v=RP0nNPWIgMc,2017-10-25 14:00:00,
/et/201710251300,https://www.youtube.com/watch?v=RP0nNPWIgMc,2017-10-25 13:00:00,
/et/201710241000,https://www.youtube.com/watch?v=64xn7POcHFI,2017-10-24 10:00:00,
/et/201710231500,https://www.youtube.com/watch?v=v4ZPjyNZi3M,2017-10-23 15:00:00,
/et/201710191000,https://www.youtube.com/watch?v=O_ceZmjSG1Y,2017-10-19 10:00:00,
/et/201710181400,https://www.youtube.com/watch?v=bqvoSIvo2-s,2017-10-18 14:00:00,
/et/201710181300,https://www.youtube.com/watch?v=bqvoSIvo2-s,2017-10-18 13:00:00,
/et/201710181400,https://www.youtube.com/watch?v=dk9YjYttXKU,2017-10-18 14:00:00,
/et/201710181300,https://www.youtube.com/watch?v=dk9YjYttXKU,2017-10-18 13:00:00,
/et/201710171000,https://www.youtube.com/watch?v=VXyADPIkrIQ,2017-10-17 10:00:00,
/et/201710161500,https://www.youtube.com/watch?v=Ib65lUlBTOM,2017-10-16 15:00:00,
/et/201710121000,https://www.youtube.com/watch?v=-pU4tc4i1_I,2017-10-12 10:00:00,
/et/201710111400,https://www.youtube.com/watch?v=zEwYGI0d3bc,2017-10-11 14:00:00,
/et/201710111300,https://www.youtube.com/watch?v=zEwYGI0d3bc,2017-10-11 13:00:00,
/et/201710111400,https://www.youtube.com/watch?v=84RlbL6palQ,2017-10-11 14:00:00,
/et/201710111300,https://www.youtube.com/watch?v=84RlbL6palQ,2017-10-11 13:00:00,
/et/201710101000,https://www.youtube.com/watch?v=IcNMWA6A31M,2017-10-10 10:00:00,
/et/201710091500,https://www.youtube.com/watch?v=6khIyD_Lq68,2017-10-09 15:00:00,
/et/201709281000,https://www.youtube.com/watch?v=wNATQ0LKF8o,2017-09-28 10:00:00,
/et/201709271400,https://www.youtube.com/watch?v=4ZhwfRmcK7g,2017-09-27 14:00:00,
/et/201709271300,https://www.youtube.com/watch?v=4ZhwfRmcK7g,2017-09-27 13:00:00,
/et/201709271400,https://www.youtube.com/watch?v=S_vnKGUog9E,2017-09-27 14:00:00,
/et/201709271300,https://www.youtube.com/watch?v=S_vnKGUog9E,2017-09-27 13:00:00,
/et/201709261000,https://www.youtube.com/watch?v=sy6UvmnWimA,2017-09-26 10:00:00,
/et/201709251500,https://www.youtube.com/watch?v=F3Rr6C7gzP0,2017-09-25 15:00:00,
/et/201709201400,https://www.youtube.com/watch?v=fgValsObxYY,2017-09-20 14:00:00,
/et/201709201300,https://www.youtube.com/watch?v=fgValsObxYY,2017-09-20 13:00:00,
/et/201709191000,https://www.youtube.com/watch?v=1atVVn5xJ88,2017-09-19 10:00:00,
/et/201709181500,https://www.youtube.com/watch?v=gKOQlg_GQhM,2017-09-18 15:00:00,
/et/201709141000,https://www.youtube.com/watch?v=XTS60oUvV7o,2017-09-14 10:00:00,
/et/201709131400,https://www.youtube.com/watch?v=JNItczVnOoQ,2017-09-13 14:00:00,
/et/201709131300,https://www.youtube.com/watch?v=JNItczVnOoQ,2017-09-13 13:00:00,
/et/201709131400,https://www.youtube.com/watch?v=XglYu1Q9gdA,2017-09-13 14:00:00,
/et/201709131300,https://www.youtube.com/watch?v=XglYu1Q9gdA,2017-09-13 13:00:00,
/et/201709121000,https://www.youtube.com/watch?v=smLc4lvytx8,2017-09-12 10:00:00,
/et/201709111500,https://www.youtube.com/watch?v=KiwUz3aJ6pk,2017-09-11 15:00:00,
/et/201706191000,https://www.youtube.com/watch?v=ImdBHGGaZSo,2017-06-19 10:00:00,
/et/201706151000,https://www.youtube.com/watch?v=h1SJkqRnw6s,2017-06-15 10:00:00,
/et/201706141400,https://www.youtube.com/watch?v=REum1U1Fl6A,2017-06-14 14:00:00,
/et/201706141300,https://www.youtube.com/watch?v=REum1U1Fl6A,2017-06-14 13:00:00,
/et/201706141400,https://www.youtube.com/watch?v=GWz7iaf8lWU,2017-06-14 14:00:00,
/et/201706141300,https://www.youtube.com/watch?v=GWz7iaf8lWU,2017-06-14 13:00:00,
/et/201706131000,https://www.youtube.com/watch?v=O9Zri1E2XDI,2017-06-13 10:00:00,
/et/201706121500,https://www.youtube.com/watch?v=zFhYCquGdPQ,2017-06-12 15:00:00,
/et/201706081000,https://www.youtube.com/watch?v=XWeaaeZaCSY,2017-06-08 10:00:00,
/et/201706071400,https://www.youtube.com/watch?v=35agOYQB6Y8,2017-06-07 14:00:00,
/et/201706071300,https://www.youtube.com/watch?v=35agOYQB6Y8,2017-06-07 13:00:00,
/et/201706071400,https://www.youtube.com/watch?v=_sZtsbakuFY,2017-06-07 14:00:00,
/et/201706071300,https://www.youtube.com/watch?v=_sZtsbakuFY,2017-06-07 13:00:00,
/et/201706061000,https://www.youtube.com/watch?v=o8HyZZmI_QE,2017-06-06 10:00:00,
/et/201706051500,https://www.youtube.com/watch?v=6w6nFnCpkqY,2017-06-05 15:00:00,
/et/201706011000,https://www.youtube.com/watch?v=IWhnxCEy6QA,2017-06-01 10:00:00,
/et/201705311400,https://www.youtube.com/watch?v=7ieCVT1UkAo,2017-05-31 14:00:00,
/et/201705311300,https://www.youtube.com/watch?v=7ieCVT1UkAo,2017-05-31 13:00:00,
/et/201705311400,https://www.youtube.com/watch?v=Pe5PEoObI10,2017-05-31 14:00:00,
/et/201705311300,https://www.youtube.com/watch?v=Pe5PEoObI10,2017-05-31 13:00:00,
/et/201705301000,https://www.youtube.com/watch?v=c9YrtDjz5NE,2017-05-30 10:00:00,
/et/201705291500,https://www.youtube.com/watch?v=zD6aqDglaoE,2017-05-29 15:00:00,
/et/201705171400,https://www.youtube.com/watch?v=Oue__EVIh_4,2017-05-17 14:00:00,
/et/201705171300,https://www.youtube.com/watch?v=Oue__EVIh_4,2017-05-17 13:00:00,
/et/201705171400,https://www.youtube.com/watch?v=PUfHH4RNOc8,2017-05-17 14:00:00,
/et/201705171300,https://www.youtube.com/watch?v=PUfHH4RNOc8,2017-05-17 13:00:00,
/et/201705181000,https://www.youtube.com/watch?v=UJcqcR6ml5E,2017-05-18 10:00:00,
/et/201605171000,https://www.youtube.com/watch?v=sqg40KINoLA,2016-05-17 10:00:00,
/et/201705171400,https://www.youtube.com/watch?v=seMP9xUYyqk,2017-05-17 14:00:00,
/et/201705171300,https://www.youtube.com/watch?v=seMP9xUYyqk,2017-05-17 13:00:00,
/et/201705161000,https://www.youtube.com/watch?v=tjm31kWhiyY,2017-05-16 10:00:00,
/et/201705151500,https://www.youtube.com/watch?v=ImjXv0B3t6E,2017-05-15 15:00:00,
/et/201705111000,https://www.youtube.com/watch?v=qW_URU5la6I,2017-05-11 10:00:00,
/et/201705101400,https://www.youtube.com/watch?v=7jrRM6ce5Zs,2017-05-10 14:00:00,
/et/201705101300,https://www.youtube.com/watch?v=7jrRM6ce5Zs,2017-05-10 13:00:00,
/et/201705101400,https://www.youtube.com/watch?v=UpHqt-vKPGw,2017-05-10 14:00:00,
/et/201705101300,https://www.youtube.com/watch?v=UpHqt-vKPGw,2017-05-10 13:00:00,
/et/201705091000,https://www.youtube.com/watch?v=s-1jRsqv0AA,2017-05-09 10:00:00,
/et/201705081500,https://www.youtube.com/watch?v=mEB_mT0kDpg,2017-05-08 15:00:00,
/et/201705041000,https://www.youtube.com/watch?v=LDFk6MGPWIY,2017-05-04 10:00:00,
/et/201705031400,https://www.youtube.com/watch?v=KzJaKuZvIGM,2017-05-03 14:00:00,
/et/201705021300,https://www.youtube.com/watch?v=H6N94wEvdF4,2017-05-02 13:00:00,
/et/201705021000,https://www.youtube.com/watch?v=H6N94wEvdF4,2017-05-02 10:00:00,
/et/201705021300,https://www.youtube.com/watch?v=yOhSn9vfjto,2017-05-02 13:00:00,
/et/201705021000,https://www.youtube.com/watch?v=yOhSn9vfjto,2017-05-02 10:00:00,
/et/201704201000,https://www.youtube.com/watch?v=Rarw7YbHU9Q,2017-04-20 10:00:00,
/et/201704191400,https://www.youtube.com/watch?v=M2BLM2ISJoo,2017-04-19 14:00:00,
/et/201704191300,https://www.youtube.com/watch?v=M2BLM2ISJoo,2017-04-19 13:00:00,
/et/201704191400,https://www.youtube.com/watch?v=FbcyRALL-hI,2017-04-19 14:00:00,
/et/201704191300,https://www.youtube.com/watch?v=FbcyRALL-hI,2017-04-19 13:00:00,
/et/201704181000,https://www.youtube.com/watch?v=8c_eR2a69jk,2017-04-18 10:00:00,
/et/201704171500,https://www.youtube.com/watch?v=CYEJr0sIOK0,2017-04-17 15:00:00,
/et/201704131000,https://www.youtube.com/watch?v=qDA8OyFzO8c,2017-04-13 10:00:00,
/et/201704121400,https://www.youtube.com/watch?v=rE9cLhZ_-ZU,2017-04-12 14:00:00,
/et/201704121300,https://www.youtube.com/watch?v=rE9cLhZ_-ZU,2017-04-12 13:00:00,
/et/201704121400,https://www.youtube.com/watch?v=Mrh0pDOvAXo,2017-04-12 14:00:00,
/et/201704121300,https://www.youtube.com/watch?v=Mrh0pDOvAXo,2017-04-12 13:00:00,
/et/201704111000,https://www.youtube.com/watch?v=yapO8xHdbKs,2017-04-11 10:00:00,
/et/201704101500,https://www.youtube.com/watch?v=EoJbpLdSCGA,2017-04-10 15:00:00,
/et/201704061000,https://www.youtube.com/watch?v=DyYCD6yIOEU,2017-04-06 10:00:00,
/et/201704051400,https://www.youtube.com/watch?v=iYbdkhOe8e4,2017-04-05 14:00:00,
/et/201704051300,https://www.youtube.com/watch?v=iYbdkhOe8e4,2017-04-05 13:00:00,
/et/201704051400,https://www.youtube.com/watch?v=tc0FFLDsZdg,2017-04-05 14:00:00,
/et/201704051300,https://www.youtube.com/watch?v=tc0FFLDsZdg,2017-04-05 13:00:00,
/et/201704041000,https://www.youtube.com/watch?v=_ohBdwdOZgk,2017-04-04 10:00:00,
/et/201703231000,https://www.youtube.com/watch?v=LgumBa3VCpk,2017-03-23 10:00:00,
/et/201703221400,https://www.youtube.com/watch?v=S1LY1H534Vs,2017-03-22 14:00:00,
/et/201703221300,https://www.youtube.com/watch?v=S1LY1H534Vs,2017-03-22 13:00:00,
/et/201703221400,https://www.youtube.com/watch?v=lsQmS2CEE84,2017-03-22 14:00:00,
/et/201703221300,https://www.youtube.com/watch?v=lsQmS2CEE84,2017-03-22 13:00:00,
/et/201703201500,https://www.youtube.com/watch?v=Z8GxjGQENwY,2017-03-20 15:00:00,
/et/201703211000,https://www.youtube.com/watch?v=dsZYwodmdBc,2017-03-21 10:00:00,
/et/201703161000,https://www.youtube.com/watch?v=BZBRhVqbkFA,2017-03-16 10:00:00,
/et/201703151400,https://www.youtube.com/watch?v=5QtbsHZeOvI,2017-03-15 14:00:00,
/et/201703151300,https://www.youtube.com/watch?v=5QtbsHZeOvI,2017-03-15 13:00:00,
/et/201703151400,https://www.youtube.com/watch?v=XGAfvz_Pfkw,2017-03-15 14:00:00,
/et/201703151300,https://www.youtube.com/watch?v=XGAfvz_Pfkw,2017-03-15 13:00:00,
/et/201703141000,https://www.youtube.com/watch?v=5C_qn8SxYtQ,2017-03-14 10:00:00,
/et/201703131500,https://www.youtube.com/watch?v=ALa5QaO1EOs,2017-03-13 15:00:00,
/et/201703091000,https://www.youtube.com/watch?v=cbfavbMA9AI,2017-03-09 10:00:00,
/et/201703081400,https://www.youtube.com/watch?v=qBFJN03J12k,2017-03-08 14:00:00,
/et/201703081300,https://www.youtube.com/watch?v=qBFJN03J12k,2017-03-08 13:00:00,
/et/201703081400,https://www.youtube.com/watch?v=895sb9dU1Oo,2017-03-08 14:00:00,
/et/201703081300,https://www.youtube.com/watch?v=895sb9dU1Oo,2017-03-08 13:00:00,
/et/201703071000,https://www.youtube.com/watch?v=FKKgbAKPmos,2017-03-07 10:00:00,
/et/201703061500,https://www.youtube.com/watch?v=tOgBnRcvj2g,2017-03-06 15:00:00,
/et/201702231000,https://www.youtube.com/watch?v=LoOz5uqxTs4,2017-02-23 10:00:00,
/et/201702221400,https://www.youtube.com/watch?v=2Kl6dX0tcTM,2017-02-22 14:00:00,
/et/201702221300,https://www.youtube.com/watch?v=2Kl6dX0tcTM,2017-02-22 13:00:00,
/et/201702221400,https://www.youtube.com/watch?v=ESVwJAMD010,2017-02-22 14:00:00,
/et/201702221300,https://www.youtube.com/watch?v=ESVwJAMD010,2017-02-22 13:00:00,
/et/201702211000,https://www.youtube.com/watch?v=u8joZtUocGo,2017-02-21 10:00:00,
/et/201702201500,https://www.youtube.com/watch?v=57NzQxr9QYQ,2017-02-20 15:00:00,
/et/201702161000,https://www.youtube.com/watch?v=cqa48djzuOY,2017-02-16 10:00:00,
/et/201702151400,https://www.youtube.com/watch?v=r39MoDl42FU,2017-02-15 14:00:00,
/et/201702151300,https://www.youtube.com/watch?v=r39MoDl42FU,2017-02-15 13:00:00,
/et/201702151400,https://www.youtube.com/watch?v=5ol0l5KbOe4,2017-02-15 14:00:00,
/et/201702151300,https://www.youtube.com/watch?v=5ol0l5KbOe4,2017-02-15 13:00:00,
/et/201702141000,https://www.youtube.com/watch?v=QnXLhJQNqMw,2017-02-14 10:00:00,
/et/201702131500,https://www.youtube.com/watch?v=NbR5Qd2eS-Y,2017-02-13 15:00:00,
/et/201702091000,https://www.youtube.com/watch?v=5ujy5FQqT84,2017-02-09 10:00:00,
/et/201702081400,https://www.youtube.com/watch?v=CAYWAyg2ISA,2017-02-08 14:00:00,
/et/201702081300,https://www.youtube.com/watch?v=CAYWAyg2ISA,2017-02-08 13:00:00,
/et/201602081500,https://www.youtube.com/watch?v=whHHkNrSySA,2016-02-08 15:00:00,
/et/201702071000,https://www.youtube.com/watch?v=O-zzxQa8uUQ,2017-02-07 10:00:00,
/et/201702061500,https://www.youtube.com/watch?v=Uu4u3mxdpnM,2017-02-06 15:00:00,
/et/201701261000,https://www.youtube.com/watch?v=4RUcM-Ll0GM,2017-01-26 10:00:00,
/et/201701251400,https://www.youtube.com/watch?v=7OUsywa8YQ8,2017-01-25 14:00:00,
/et/201701251300,https://www.youtube.com/watch?v=7OUsywa8YQ8,2017-01-25 13:00:00,
/et/201701251400,https://www.youtube.com/watch?v=Ew9-jL-Gw-s,2017-01-25 14:00:00,
/et/201701251300,https://www.youtube.com/watch?v=Ew9-jL-Gw-s,2017-01-25 13:00:00,
/et/201701241000,https://www.youtube.com/watch?v=ltLT5JUe_pE,2017-01-24 10:00:00,
/et/201701231500,https://www.youtube.com/watch?v=W1cqc2kPnM8,2017-01-23 15:00:00,
/et/201701191000,https://www.youtube.com/watch?v=CKYuKVGPOnM,2017-01-19 10:00:00,
/et/201701181400,https://www.youtube.com/watch?v=z-hr6b5qqAI,2017-01-18 14:00:00,
/et/201701181300,https://www.youtube.com/watch?v=z-hr6b5qqAI,2017-01-18 13:00:00,
/et/201701181400,https://www.youtube.com/watch?v=Fu8mSgEBduk,2017-01-18 14:00:00,
/et/201701181300,https://www.youtube.com/watch?v=Fu8mSgEBduk,2017-01-18 13:00:00,
/et/201701171000,https://www.youtube.com/watch?v=VsSoKu4b1E4,2017-01-17 10:00:00,
/et/201701161500,https://www.youtube.com/watch?v=QZUuF_k7t6Q,2017-01-16 15:00:00,
/et/201701121000,https://www.youtube.com/watch?v=taLFnEuXyXs,2017-01-12 10:00:00,
/et/201701111400,https://www.youtube.com/watch?v=C-SDV5woecs,2017-01-11 14:00:00,
/et/201701111300,https://www.youtube.com/watch?v=C-SDV5woecs,2017-01-11 13:00:00,
/et/201701111400,https://www.youtube.com/watch?v=5l-veA8uxMI,2017-01-11 14:00:00,
/et/201701111300,https://www.youtube.com/watch?v=5l-veA8uxMI,2017-01-11 13:00:00,
/et/201701101000,https://www.youtube.com/watch?v=aiBD2C-aJg4,2017-01-10 10:00:00,
/et/201612191100,https://www.youtube.com/watch?v=70YKSl95xYA,2016-12-19 11:00:00,
/et/201612141400,https://www.youtube.com/watch?v=oQ3MnFAxCZU,2016-12-14 14:00:00,
/et/201612141300,https://www.youtube.com/watch?v=oQ3MnFAxCZU,2016-12-14 13:00:00,
/et/201612141400,https://www.youtube.com/watch?v=CREVekS3eM4,2016-12-14 14:00:00,
/et/201612141300,https://www.youtube.com/watch?v=CREVekS3eM4,2016-12-14 13:00:00,
/et/201612151000,https://www.youtube.com/watch?v=MebN6ivLjro,2016-12-15 10:00:00,
/et/201612141400,https://www.youtube.com/watch?v=Gg7RMnxCnkQ,2016-12-14 14:00:00,
/et/201612141300,https://www.youtube.com/watch?v=Gg7RMnxCnkQ,2016-12-14 13:00:00,
/et/201612131000,https://www.youtube.com/watch?v=4f-gyaK94p8,2016-12-13 10:00:00,
/et/201612121500,https://www.youtube.com/watch?v=WScCNjxQZTU,2016-12-12 15:00:00,
/et/201612071400,https://www.youtube.com/watch?v=_q8ZAPRwnxA,2016-12-07 14:00:00,
/et/201612071300,https://www.youtube.com/watch?v=_q8ZAPRwnxA,2016-12-07 13:00:00,
/et/201612081000,https://www.youtube.com/watch?v=K6vLJa5aWpY,2016-12-08 10:00:00,
/et/201612071400,https://www.youtube.com/watch?v=SRRwyNnOm5k,2016-12-07 14:00:00,
/et/201612071300,https://www.youtube.com/watch?v=SRRwyNnOm5k,2016-12-07 13:00:00,
/et/201612061000,https://www.youtube.com/watch?v=BiKohZJ67qI,2016-12-06 10:00:00,
/et/201612051500,https://www.youtube.com/watch?v=RnbUricKryE,2016-12-05 15:00:00,
/et/201611231400,https://www.youtube.com/watch?v=PPKVF8KBVtQ,2016-11-23 14:00:00,
/et/201611241000,https://www.youtube.com/watch?v=T826uKE-t6k,2016-11-24 10:00:00,
/et/201611221000,https://www.youtube.com/watch?v=woyJWpbQG7I,2016-11-22 10:00:00,
/et/201611211500,https://www.youtube.com/watch?v=8RdpyTLWjME,2016-11-21 15:00:00,
/et/201611171000,https://www.youtube.com/watch?v=CrHjvIiLFCs,2016-11-17 10:00:00,
/et/201611161400,https://www.youtube.com/watch?v=9WgecYkhkYA,2016-11-16 14:00:00,
/et/201611161300,https://www.youtube.com/watch?v=9WgecYkhkYA,2016-11-16 13:00:00,
/et/201611161400,https://www.youtube.com/watch?v=JanXSmu_jNA,2016-11-16 14:00:00,
/et/201611161300,https://www.youtube.com/watch?v=JanXSmu_jNA,2016-11-16 13:00:00,
/et/201611151000,https://www.youtube.com/watch?v=evHM2EKvr7A,2016-11-15 10:00:00,
/et/201611141500,https://www.youtube.com/watch?v=Dnxb2LHupOk,2016-11-14 15:00:00,
/et/201611101000,https://www.youtube.com/watch?v=iwSmf3Y-Jho,2016-11-10 10:00:00,
/et/201611091400,https://www.youtube.com/watch?v=DX5_v_Au8kI,2016-11-09 14:00:00,
/et/201611091300,https://www.youtube.com/watch?v=DX5_v_Au8kI,2016-11-09 13:00:00,
/et/201611091400,https://www.youtube.com/watch?v=snnGSId7WNQ,2016-11-09 14:00:00,
/et/201611091300,https://www.youtube.com/watch?v=snnGSId7WNQ,2016-11-09 13:00:00,
/et/201611081000,https://www.youtube.com/watch?v=-Xtd75hfVmw,2016-11-08 10:00:00,
/et/201611071500,https://www.youtube.com/watch?v=auTIJ0IcI3A,2016-11-07 15:00:00,
/et/201610261400,https://www.youtube.com/watch?v=mMgl5iQ13tY,2016-10-26 14:00:00,
/et/201610261300,https://www.youtube.com/watch?v=mMgl5iQ13tY,2016-10-26 13:00:00,
/et/201610251000,https://www.youtube.com/watch?v=hfBunNFFwmA,2016-10-25 10:00:00,
/et/201610241500,https://www.youtube.com/watch?v=gKzuHE_INSU,2016-10-24 15:00:00,
/et/201610201000,https://www.youtube.com/watch?v=DN6bssL6eZs,2016-10-20 10:00:00,
/et/201610191400,https://www.youtube.com/watch?v=OJgnw6bNrDg,2016-10-19 14:00:00,
/et/201610191300,https://www.youtube.com/watch?v=OJgnw6bNrDg,2016-10-19 13:00:00,
/et/201610191400,https://www.youtube.com/watch?v=HRsVSIWhCog,2016-10-19 14:00:00,
/et/201610191300,https://www.youtube.com/watch?v=HRsVSIWhCog,2016-10-19 13:00:00,
/et/201610171500,https://www.youtube.com/watch?v=h6aWfa6VJYw,2016-10-17 15:00:00,
/et/201610131000,https://www.youtube.com/watch?v=s7O37dpKBaA,2016-10-13 10:00:00,
/et/201610121400,https://www.youtube.com/watch?v=kk9YDa6Bh0o,2016-10-12 14:00:00,
/et/201610121300,https://www.youtube.com/watch?v=kk9YDa6Bh0o,2016-10-12 13:00:00,
/et/201610121400,https://www.youtube.com/watch?v=jTWObJT4zSA,2016-10-12 14:00:00,
/et/201610121300,https://www.youtube.com/watch?v=jTWObJT4zSA,2016-10-12 13:00:00,
/et/201610111000,https://www.youtube.com/watch?v=nLidU55JOF0,2016-10-11 10:00:00,
/et/201610101500,https://www.youtube.com/watch?v=sePFwcWPkmI,2016-10-10 15:00:00,
/et/201610031300,https://www.youtube.com/watch?v=9egXLMJso6c,2016-10-03 13:00:00,
/et/201609291000,https://www.youtube.com/watch?v=E3w-XU0nbqA,2016-09-29 10:00:00,
/et/201609281400,https://www.youtube.com/watch?v=oKIAyTzEkjo,2016-09-28 14:00:00,
/et/201609281300,https://www.youtube.com/watch?v=oKIAyTzEkjo,2016-09-28 13:00:00,
/et/201609281400,https://www.youtube.com/watch?v=7dIrAfNtNeE,2016-09-28 14:00:00,
/et/201609281300,https://www.youtube.com/watch?v=7dIrAfNtNeE,2016-09-28 13:00:00,
/et/201609271000,https://www.youtube.com/watch?v=vNfvalWpYPg,2016-09-27 10:00:00,
/et/201609261500,https://www.youtube.com/watch?v=OjZMcrEj6p0,2016-09-26 15:00:00,
/et/201609221000,https://www.youtube.com/watch?v=_ABb7HMI_Q8,2016-09-22 10:00:00,
/et/201609211400,https://www.youtube.com/watch?v=Uf_zupOu4j4,2016-09-21 14:00:00,
/et/201609211300,https://www.youtube.com/watch?v=Uf_zupOu4j4,2016-09-21 13:00:00,
/et/201609201000,https://www.youtube.com/watch?v=rtAdMgQRQzU,2016-09-20 10:00:00,
/et/201609191500,https://www.youtube.com/watch?v=1Dps5PqYbUg,2016-09-19 15:00:00,
/et/201609151000,https://www.youtube.com/watch?v=CoKe-9N2qxc,2016-09-15 10:00:00,
/et/201609141400,https://www.youtube.com/watch?v=F6a8urvbjYE,2016-09-14 14:00:00,
/et/201609141300,https://www.youtube.com/watch?v=F6a8urvbjYE,2016-09-14 13:00:00,
/et/201609141400,https://www.youtube.com/watch?v=mNdHNSmW9B0,2016-09-14 14:00:00,
/et/201609141300,https://www.youtube.com/watch?v=mNdHNSmW9B0,2016-09-14 13:00:00,
/et/201609131000,https://www.youtube.com/watch?v=HxF0lDt1Cd0,2016-09-13 10:00:00,
/et/201609121500,https://www.youtube.com/watch?v=yx681vVPq0A,2016-09-12 15:00:00,
/et/201606151400,https://www.youtube.com/watch?v=G2X7OINgsFg,2016-06-15 14:00:00,
/et/201606151300,https://www.youtube.com/watch?v=G2X7OINgsFg,2016-06-15 13:00:00,
/et/201606161000,https://www.youtube.com/watch?v=v-nLhraacik,2016-06-16 10:00:00,
/et/201606141000,https://www.youtube.com/watch?v=QYYSJXQd9xg,2016-06-14 10:00:00,
/et/201606141000,https://www.youtube.com/watch?v=8MJAhkM-QoE,2016-06-14 10:00:00,
/et/201606131500,https://www.youtube.com/watch?v=oHdRUNQ3kfg,2016-06-13 15:00:00,
/et/201606091000,https://www.youtube.com/watch?v=FXic9uHMKR8,2016-06-09 10:00:00,
/et/201606081400,https://www.youtube.com/watch?v=RIgD_Gz0zIU,2016-06-08 14:00:00,
/et/201606081300,https://www.youtube.com/watch?v=RIgD_Gz0zIU,2016-06-08 13:00:00,
/et/201606081400,https://www.youtube.com/watch?v=HIzGE_Oh5PE,2016-06-08 14:00:00,
/et/201606081300,https://www.youtube.com/watch?v=HIzGE_Oh5PE,2016-06-08 13:00:00,
/et/201606071000,https://www.youtube.com/watch?v=LpkK7_sMHM0,2016-06-07 10:00:00,
/et/201606061500,https://www.youtube.com/watch?v=FjbyYNt4OvU,2016-06-06 15:00:00,
/et/201606021000,https://www.youtube.com/watch?v=TP_61GBlfcg,2016-06-02 10:00:00,
/et/201606011400,https://www.youtube.com/watch?v=crCqDHKdFEk,2016-06-01 14:00:00,
/et/201606011300,https://www.youtube.com/watch?v=crCqDHKdFEk,2016-06-01 13:00:00,
/et/201606011400,https://www.youtube.com/watch?v=dAqFlzDy5-c,2016-06-01 14:00:00,
/et/201606011300,https://www.youtube.com/watch?v=dAqFlzDy5-c,2016-06-01 13:00:00,
/et/201605311000,https://www.youtube.com/watch?v=i5Q4Rs3sA3I,2016-05-31 10:00:00,
/et/201605301500,https://www.youtube.com/watch?v=J2eQGYaNQAw,2016-05-30 15:00:00,
/et/201605181400,https://www.youtube.com/watch?v=9XzP2btZdUI,2016-05-18 14:00:00,
/et/201605181300,https://www.youtube.com/watch?v=9XzP2btZdUI,2016-05-18 13:00:00,
/et/201605181400,https://www.youtube.com/watch?v=Vz4HAJ1dbYo,2016-05-18 14:00:00,
/et/201605181300,https://www.youtube.com/watch?v=Vz4HAJ1dbYo,2016-05-18 13:00:00,
/et/201605191000,https://www.youtube.com/watch?v=nH9215n29A4,2016-05-19 10:00:00,
/et/201605181400,https://www.youtube.com/watch?v=AQKYFXEP4lc,2016-05-18 14:00:00,
/et/201605181300,https://www.youtube.com/watch?v=AQKYFXEP4lc,2016-05-18 13:00:00,
/et/201605171000,https://www.youtube.com/watch?v=m-EwuMmMOeM,2016-05-17 10:00:00,
/et/201605111400,https://www.youtube.com/watch?v=VPbxfsr5iDo,2016-05-11 14:00:00,
/et/201605111300,https://www.youtube.com/watch?v=VPbxfsr5iDo,2016-05-11 13:00:00,
/et/201605161500,https://www.youtube.com/watch?v=Jac_WFw_Am0,2016-05-16 15:00:00,
/et/201605111400,https://www.youtube.com/watch?v=IXkCmENJjlQ,2016-05-11 14:00:00,
/et/201605111300,https://www.youtube.com/watch?v=IXkCmENJjlQ,2016-05-11 13:00:00,
/et/201605121000,https://www.youtube.com/watch?v=dgm0gTJejD8,2016-05-12 10:00:00,
/et/201605111400,https://www.youtube.com/watch?v=vo0HTu8hVNo,2016-05-11 14:00:00,
/et/201605111300,https://www.youtube.com/watch?v=vo0HTu8hVNo,2016-05-11 13:00:00,
/et/201605101000,https://www.youtube.com/watch?v=8iQme3-CotU,2016-05-10 10:00:00,
/et/201605091500,https://www.youtube.com/watch?v=J2kerx1LuI4,2016-05-09 15:00:00,
/et/201605051000,https://www.youtube.com/watch?v=6iau5x1uf_U,2016-05-05 10:00:00,
/et/201605041400,https://www.youtube.com/watch?v=ufdm7q0ro0c,2016-05-04 14:00:00,
/et/201605041300,https://www.youtube.com/watch?v=ufdm7q0ro0c,2016-05-04 13:00:00,
/et/201605041400,https://www.youtube.com/watch?v=gRvF69vecyc,2016-05-04 14:00:00,
/et/201605041300,https://www.youtube.com/watch?v=gRvF69vecyc,2016-05-04 13:00:00,
/et/201605031000,https://www.youtube.com/watch?v=GxfR-r50OlQ,2016-05-03 10:00:00,
/et/201605021500,https://www.youtube.com/watch?v=lIKMozQrXT4,2016-05-02 15:00:00,
/et/201604211000,https://www.youtube.com/watch?v=Xc131tWD_h0,2016-04-21 10:00:00,
/et/201604201400,https://www.youtube.com/watch?v=zpONP0JIsh8,2016-04-20 14:00:00,
/et/201604201300,https://www.youtube.com/watch?v=zpONP0JIsh8,2016-04-20 13:00:00,
/et/201604201400,https://www.youtube.com/watch?v=E3n0nu8zQd4,2016-04-20 14:00:00,
/et/201604201300,https://www.youtube.com/watch?v=E3n0nu8zQd4,2016-04-20 13:00:00,
/et/201604191000,https://www.youtube.com/watch?v=oWV63iZ42VU,2016-04-19 10:00:00,
/et/201604181500,https://www.youtube.com/watch?v=_-t8YxIEuE8,2016-04-18 15:00:00,
/et/201604141000,https://www.youtube.com/watch?v=8Atxe1w2bIs,2016-04-14 10:00:00,
/et/201604131400,https://www.youtube.com/watch?v=eK9jQGgG2fI,2016-04-13 14:00:00,
/et/201604131300,https://www.youtube.com/watch?v=eK9jQGgG2fI,2016-04-13 13:00:00,
/et/201604131400,https://www.youtube.com/watch?v=xg_htFvOkaQ,2016-04-13 14:00:00,
/et/201604131300,https://www.youtube.com/watch?v=xg_htFvOkaQ,2016-04-13 13:00:00,
/et/201604121000,https://www.youtube.com/watch?v=yLM7jiQp0ko,2016-04-12 10:00:00,
/et/201604111500,https://www.youtube.com/watch?v=wytPElCO9OY,2016-04-11 15:00:00,
/et/201604071000,https://www.youtube.com/watch?v=EXJN6GMD1ZI,2016-04-07 10:00:00,
/et/201604061400,https://www.youtube.com/watch?v=2rTpM9NKDuo,2016-04-06 14:00:00,
/et/201604061300,https://www.youtube.com/watch?v=2rTpM9NKDuo,2016-04-06 13:00:00,
/et/201604061400,https://www.youtube.com/watch?v=EuPMGmkmolw,2016-04-06 14:00:00,
/et/201604061300,https://www.youtube.com/watch?v=EuPMGmkmolw,2016-04-06 13:00:00,
/et/201604051000,https://www.youtube.com/watch?v=VWZsVeVrMZ4,2016-04-05 10:00:00,
/et/201604041500,https://www.youtube.com/watch?v=7pFNx94UQrM,2016-04-04 15:00:00,
/et/201603241000,https://www.youtube.com/watch?v=1coddAZk7Fc,2016-03-24 10:00:00,
/et/201603231400,https://www.youtube.com/watch?v=57oLwR2W6UA,2016-03-23 14:00:00,
/et/201603231300,https://www.youtube.com/watch?v=57oLwR2W6UA,2016-03-23 13:00:00,
/et/201603231400,https://www.youtube.com/watch?v=vjZwNXh9xhE,2016-03-23 14:00:00,
/et/201603231300,https://www.youtube.com/watch?v=vjZwNXh9xhE,2016-03-23 13:00:00,
/et/201603221000,https://www.youtube.com/watch?v=Li9bWJda_4w,2016-03-22 10:00:00,
/et/201603211500,https://www.youtube.com/watch?v=4NOh_yjjniU,2016-03-21 15:00:00,
/et/201603171000,https://www.youtube.com/watch?v=SRZO8avlGMg,2016-03-17 10:00:00,
/et/201603161400,https://www.youtube.com/watch?v=9GDyO-p_D2c,2016-03-16 14:00:00,
/et/201603161300,https://www.youtube.com/watch?v=9GDyO-p_D2c,2016-03-16 13:00:00,
/et/201603161400,https://www.youtube.com/watch?v=dtgWu-EH1qg,2016-03-16 14:00:00,
/et/201603161300,https://www.youtube.com/watch?v=dtgWu-EH1qg,2016-03-16 13:00:00,
/et/201603151000,https://www.youtube.com/watch?v=2XTcJAZr6Xw,2016-03-15 10:00:00,
/et/201603141500,https://www.youtube.com/watch?v=-BGTBgrXYcY,2016-03-14 15:00:00,
/et/201603101000,https://www.youtube.com/watch?v=6SCKbHSPnsM,2016-03-10 10:00:00,
/et/201603091400,https://www.youtube.com/watch?v=LnimER3OJo4,2016-03-09 14:00:00,
/et/201603091300,https://www.youtube.com/watch?v=LnimER3OJo4,2016-03-09 13:00:00,
/et/201603091400,https://www.youtube.com/watch?v=tr3s5x5yvI8,2016-03-09 14:00:00,
/et/201603091300,https://www.youtube.com/watch?v=tr3s5x5yvI8,2016-03-09 13:00:00,
/et/201603071500,https://www.youtube.com/watch?v=wAX9m_2pw9o,2016-03-07 15:00:00,
/et/201603081000,https://www.youtube.com/watch?v=g7OnJhin1qw,2016-03-08 10:00:00,
/et/201602251000,https://www.youtube.com/watch?v=Aq02fSlk3U8,2016-02-25 10:00:00,
/et/201602231000,https://www.youtube.com/watch?v=CvfdnLCEEbg,2016-02-23 10:00:00,
/et/201602221500,https://www.youtube.com/watch?v=sy8clbGGsHA,2016-02-22 15:00:00,
/et/201602181000,https://www.youtube.com/watch?v=8TWEmn8xTyw,2016-02-18 10:00:00,
/et/201602171400,https://www.youtube.com/watch?v=M1jgoH4rfgg,2016-02-17 14:00:00,
/et/201602171300,https://www.youtube.com/watch?v=M1jgoH4rfgg,2016-02-17 13:00:00,
/et/201602171400,https://www.youtube.com/watch?v=SmhwXHvjnYs,2016-02-17 14:00:00,
/et/201602171300,https://www.youtube.com/watch?v=SmhwXHvjnYs,2016-02-17 13:00:00,
/et/201602161000,https://www.youtube.com/watch?v=3GWYHtnTrVk,2016-02-16 10:00:00,
/et/201602151500,https://www.youtube.com/watch?v=mj74clkFCpk,2016-02-15 15:00:00,
/et/201602111000,https://www.youtube.com/watch?v=ZoI_0N_-oKQ,2016-02-11 10:00:00,
/et/201602101400,https://www.youtube.com/watch?v=KV0j5Nqg9fE,2016-02-10 14:00:00,
/et/201602101300,https://www.youtube.com/watch?v=KV0j5Nqg9fE,2016-02-10 13:00:00,
/et/201602101400,https://www.youtube.com/watch?v=VJ7_D_rcMd4,2016-02-10 14:00:00,
/et/201602101300,https://www.youtube.com/watch?v=VJ7_D_rcMd4,2016-02-10 13:00:00,
/et/201602091000,https://www.youtube.com/watch?v=az36mUNXmjg,2016-02-09 10:00:00,
/et/201602081500,https://www.youtube.com/watch?v=S-miHspQ0S8,2016-02-08 15:00:00,
/et/201601281000,https://www.youtube.com/watch?v=qokV58XVxQ0,2016-01-28 10:00:00,
/et/201601271400,https://www.youtube.com/watch?v=rRMkeEB2Deo,2016-01-27 14:00:00,
/et/201601271300,https://www.youtube.com/watch?v=rRMkeEB2Deo,2016-01-27 13:00:00,
/et/201601261000,https://www.youtube.com/watch?v=6XoGjLT0QtU,2016-01-26 10:00:00,
/et/201601211000,https://www.youtube.com/watch?v=Te9Fqc3cvxQ,2016-01-21 10:00:00,
/et/201601201400,https://www.youtube.com/watch?v=P1LdFYTeLV4,2016-01-20 14:00:00,
/et/201601201300,https://www.youtube.com/watch?v=P1LdFYTeLV4,2016-01-20 13:00:00,
/et/201601131400,https://www.youtube.com/watch?v=YO8jvonvT58,2016-01-13 14:00:00,
/et/201601131300,https://www.youtube.com/watch?v=YO8jvonvT58,2016-01-13 13:00:00,
/et/201601191000,https://www.youtube.com/watch?v=KNgi2EPZNBc,2016-01-19 10:00:00,
/et/201601181500,https://www.youtube.com/watch?v=uBPQFO-GiEY,2016-01-18 15:00:00,
/et/201601141000,https://www.youtube.com/watch?v=8yM7yMCWGds,2016-01-14 10:00:00,
/et/201601131400,https://www.youtube.com/watch?v=LxmxqHZUEKQ,2016-01-13 14:00:00,
/et/201601131300,https://www.youtube.com/watch?v=LxmxqHZUEKQ,2016-01-13 13:00:00,
/et/201601131400,https://www.youtube.com/watch?v=TIiov79BA7I,2016-01-13 14:00:00,
/et/201601131300,https://www.youtube.com/watch?v=TIiov79BA7I,2016-01-13 13:00:00,
/et/201601121000,https://www.youtube.com/watch?v=Gtaxlcda1iI,2016-01-12 10:00:00,
/et/201601111500,https://www.youtube.com/watch?v=IyXU4KVnfRA,2016-01-11 15:00:00,
/et/201512171000,https://www.youtube.com/watch?v=_q5JW7QSobQ,2015-12-17 10:00:00,
/et/201512161400,https://www.youtube.com/watch?v=5c0fXVsHLVw,2015-12-16 14:00:00,
/et/201512161300,https://www.youtube.com/watch?v=5c0fXVsHLVw,2015-12-16 13:00:00,
/et/201512161400,https://www.youtube.com/watch?v=LnoF4ZArAT4,2015-12-16 14:00:00,
/et/201512161300,https://www.youtube.com/watch?v=LnoF4ZArAT4,2015-12-16 13:00:00,
/et/201512151000,https://www.youtube.com/watch?v=ryCpQtR-Gwo,2015-12-15 10:00:00,
/et/201512141500,https://www.youtube.com/watch?v=Ms6XRxkYZks,2015-12-14 15:00:00,
/et/201512101000,https://www.youtube.com/watch?v=M9gSqgxrEM8,2015-12-10 10:00:00,
/et/201512091400,https://www.youtube.com/watch?v=8VGDcggPMQE,2015-12-09 14:00:00,
/et/201512091300,https://www.youtube.com/watch?v=8VGDcggPMQE,2015-12-09 13:00:00,
/et/201512091400,https://www.youtube.com/watch?v=BcfxvBjm99I,2015-12-09 14:00:00,
/et/201512091300,https://www.youtube.com/watch?v=BcfxvBjm99I,2015-12-09 13:00:00,
/et/201512081000,https://www.youtube.com/watch?v=7jr0xwvEm-I,2015-12-08 10:00:00,
/et/201512071500,https://www.youtube.com/watch?v=pyCIeWGWgOM,2015-12-07 15:00:00,
/et/201511261000,https://www.youtube.com/watch?v=uMWbz2qWKcU,2015-11-26 10:00:00,
/et/201511251400,https://www.youtube.com/watch?v=T4idnTRk4bs,2015-11-25 14:00:00,
/et/201511251300,https://www.youtube.com/watch?v=T4idnTRk4bs,2015-11-25 13:00:00,
/et/201511251400,https://www.youtube.com/watch?v=MfrRtCd5CzM,2015-11-25 14:00:00,
/et/201511251300,https://www.youtube.com/watch?v=MfrRtCd5CzM,2015-11-25 13:00:00,
/et/201511241000,https://www.youtube.com/watch?v=w_dt88Gnnws,2015-11-24 10:00:00,
/et/201511231500,https://www.youtube.com/watch?v=3wOiF2tosJg,2015-11-23 15:00:00,
/et/201511191000,https://www.youtube.com/watch?v=DjoQQ9I0weo,2015-11-19 10:00:00,
/et/201511181400,https://www.youtube.com/watch?v=cU6IR6_1V6U,2015-11-18 14:00:00,
/et/201511181300,https://www.youtube.com/watch?v=cU6IR6_1V6U,2015-11-18 13:00:00,
/et/201511181400,https://www.youtube.com/watch?v=UtpyHhXskZw,2015-11-18 14:00:00,
/et/201511181300,https://www.youtube.com/watch?v=UtpyHhXskZw,2015-11-18 13:00:00,
/et/201511171000,https://www.youtube.com/watch?v=46WLRKOuE38,2015-11-17 10:00:00,
/et/201511161500,https://www.youtube.com/watch?v=IrCDa-12coA,2015-11-16 15:00:00,
/et/201511121000,https://www.youtube.com/watch?v=OXAIGsG-AXE,2015-11-12 10:00:00,
/et/201511111400,https://www.youtube.com/watch?v=7CbXfae3PXs,2015-11-11 14:00:00,
/et/201511111300,https://www.youtube.com/watch?v=7CbXfae3PXs,2015-11-11 13:00:00,
/et/201511111400,https://www.youtube.com/watch?v=I9Nj9kEKV5E,2015-11-11 14:00:00,
/et/201511111300,https://www.youtube.com/watch?v=I9Nj9kEKV5E,2015-11-11 13:00:00,
/et/201511101000,https://www.youtube.com/watch?v=SPgCanLjrXM,2015-11-10 10:00:00,
/et/201511091500,https://www.youtube.com/watch?v=82scpSg2HU8,2015-11-09 15:00:00,
/et/201510291000,https://www.youtube.com/watch?v=LXWa7EdW8TM,2015-10-29 10:00:00,
/et/201510281400,https://www.youtube.com/watch?v=7_2R1RJjCAc,2015-10-28 14:00:00,
/et/201510281300,https://www.youtube.com/watch?v=7_2R1RJjCAc,2015-10-28 13:00:00,
/et/201510281400,https://www.youtube.com/watch?v=VgrNvjUMAhw,2015-10-28 14:00:00,
/et/201510281300,https://www.youtube.com/watch?v=VgrNvjUMAhw,2015-10-28 13:00:00,
/et/201510271000,https://www.youtube.com/watch?v=xgPlg5ezDJ0,2015-10-27 10:00:00,
/et/201510261500,https://www.youtube.com/watch?v=NZ9wVeyx-AQ,2015-10-26 15:00:00,
/et/201510221000,https://www.youtube.com/watch?v=-MAX9YBx26I,2015-10-22 10:00:00,
/et/201510211400,https://www.youtube.com/watch?v=dRlEu9JLcUY,2015-10-21 14:00:00,
/et/201510211300,https://www.youtube.com/watch?v=dRlEu9JLcUY,2015-10-21 13:00:00,
/et/201510211400,https://www.youtube.com/watch?v=eOJaX-1TfOQ,2015-10-21 14:00:00,
/et/201510211300,https://www.youtube.com/watch?v=eOJaX-1TfOQ,2015-10-21 13:00:00,
/et/201510201000,https://www.youtube.com/watch?v=kglBhCVL51U,2015-10-20 10:00:00,
/et/201510191500,https://www.youtube.com/watch?v=dyn88kRAELs,2015-10-19 15:00:00,
/et/201510151000,https://www.youtube.com/watch?v=YYf7DLshqvs,2015-10-15 10:00:00,
/et/201510141400,https://www.youtube.com/watch?v=WgOJybXqh3c,2015-10-14 14:00:00,
/et/201510141300,https://www.youtube.com/watch?v=WgOJybXqh3c,2015-10-14 13:00:00,
/et/201510141400,https://www.youtube.com/watch?v=2u668h0jsFk,2015-10-14 14:00:00,
/et/201510141300,https://www.youtube.com/watch?v=2u668h0jsFk,2015-10-14 13:00:00,
/et/201510131000,https://www.youtube.com/watch?v=uwLLHOp0MxQ,2015-10-13 10:00:00,
/et/201510121500,https://www.youtube.com/watch?v=DrZigO-WnpE,2015-10-12 15:00:00,
/et/201510011000,https://www.youtube.com/watch?v=uX1OVNH3RF0,2015-10-01 10:00:00,
/et/201509301400,https://www.youtube.com/watch?v=q9fhFdoFX4E,2015-09-30 14:00:00,
/et/201509301300,https://www.youtube.com/watch?v=q9fhFdoFX4E,2015-09-30 13:00:00,
/et/201509301400,https://www.youtube.com/watch?v=mIpwWuR3Yoc,2015-09-30 14:00:00,
/et/201509301300,https://www.youtube.com/watch?v=mIpwWuR3Yoc,2015-09-30 13:00:00,
/et/201509281500,https://www.youtube.com/watch?v=Epsh7aDLdwQ,2015-09-28 15:00:00,
/et/201509291000,https://www.youtube.com/watch?v=dC9BnKgMqxY,2015-09-29 10:00:00,
/et/201509231400,https://www.youtube.com/watch?v=plUAmbugm3M,2015-09-23 14:00:00,
/et/201509231300,https://www.youtube.com/watch?v=plUAmbugm3M,2015-09-23 13:00:00,
/et/201509241000,https://www.youtube.com/watch?v=Rqn_0PNEKBk,2015-09-24 10:00:00,
/et/201509231400,https://www.youtube.com/watch?v=kWWs1rFk6OA,2015-09-23 14:00:00,
/et/201509231300,https://www.youtube.com/watch?v=kWWs1rFk6OA,2015-09-23 13:00:00,
/et/201509221000,https://www.youtube.com/watch?v=SVIGJlPF2w8,2015-09-22 10:00:00,
/et/201509211500,https://www.youtube.com/watch?v=y0sYoYlmDo8,2015-09-21 15:00:00,
/et/201509211500,https://www.youtube.com/watch?v=L9X1M3OBPaA,2015-09-21 15:00:00,
/et/201509171000,https://www.youtube.com/watch?v=XVmydd60IdQ,2015-09-17 10:00:00,
/et/201509161400,https://www.youtube.com/watch?v=25634zea4C8,2015-09-16 14:00:00,
/et/201509161300,https://www.youtube.com/watch?v=25634zea4C8,2015-09-16 13:00:00,
/et/201509161400,https://www.youtube.com/watch?v=kVdq4ZyLPE8,2015-09-16 14:00:00,
/et/201509161300,https://www.youtube.com/watch?v=kVdq4ZyLPE8,2015-09-16 13:00:00,
/et/201509151000,https://www.youtube.com/watch?v=FsqTdxooW0U,2015-09-15 10:00:00,
/et/201509141500,https://www.youtube.com/watch?v=Gi6QKRhHgwk,2015-09-14 15:00:00,
/et/201509141500,https://www.youtube.com/watch?v=f1iXB9K0F30,2015-09-14 15:00:00,
/et/201508181400,https://www.youtube.com/watch?v=JACPe37qMsE,2015-08-18 14:00:00,
/et/201507161300,https://www.youtube.com/watch?v=kPPdpfo2Eyc,2015-07-16 13:00:00,
/et/201506152320,https://www.youtube.com/watch?v=g1mEa84Y4f8,2015-06-15 23:20:00,
/et/201506151100,https://www.youtube.com/watch?v=g1mEa84Y4f8,2015-06-15 11:00:00,
/et/201506152320,https://www.youtube.com/watch?v=8Hfp-jl82uA,2015-06-15 23:20:00,
/et/201506151100,https://www.youtube.com/watch?v=8Hfp-jl82uA,2015-06-15 11:00:00,
/et/201506152320,https://www.youtube.com/watch?v=1kxDHH3Q-KQ,2015-06-15 23:20:00,
/et/201506151100,https://www.youtube.com/watch?v=1kxDHH3Q-KQ,2015-06-15 11:00:00,
/et/201506101400,https://www.youtube.com/watch?v=90RdS-jt180,2015-06-10 14:00:00,
/et/201506101300,https://www.youtube.com/watch?v=90RdS-jt180,2015-06-10 13:00:00,
/et/201506101400,https://www.youtube.com/watch?v=IHdU4jxTCJ0,2015-06-10 14:00:00,
/et/201506101300,https://www.youtube.com/watch?v=IHdU4jxTCJ0,2015-06-10 13:00:00,
/et/201506091000,https://www.youtube.com/watch?v=7kxd7TPq8QA,2015-06-09 10:00:00,
/et/201506081500,https://www.youtube.com/watch?v=PfxhPx3pkd0,2015-06-08 15:00:00,
/et/201506031400,https://www.youtube.com/watch?v=5FAXiecrl_w,2015-06-03 14:00:00,
/et/201506031300,https://www.youtube.com/watch?v=5FAXiecrl_w,2015-06-03 13:00:00,
/et/201506041000,https://www.youtube.com/watch?v=qCM43UsSez8,2015-06-04 10:00:00,
/et/201506031400,https://www.youtube.com/watch?v=a4jh9_ja4Dk,2015-06-03 14:00:00,
/et/201506031300,https://www.youtube.com/watch?v=a4jh9_ja4Dk,2015-06-03 13:00:00,
/et/201506031400,https://www.youtube.com/watch?v=cga4VSLQvZE,2015-06-03 14:00:00,
/et/201506031300,https://www.youtube.com/watch?v=cga4VSLQvZE,2015-06-03 13:00:00,
/et/201506021000,https://www.youtube.com/watch?v=F1WNoU3N7SQ,2015-06-02 10:00:00,
/et/201506011500,https://www.youtube.com/watch?v=wp6uECXeXPs,2015-06-01 15:00:00,
/et/201505281000,https://www.youtube.com/watch?v=fqZvC8E7BO0,2015-05-28 10:00:00,
/et/201505271400,https://www.youtube.com/watch?v=5rEcGAGfYE8,2015-05-27 14:00:00,
/et/201505271300,https://www.youtube.com/watch?v=5rEcGAGfYE8,2015-05-27 13:00:00,
/et/201505271400,https://www.youtube.com/watch?v=qdPworYffUc,2015-05-27 14:00:00,
/et/201505271300,https://www.youtube.com/watch?v=qdPworYffUc,2015-05-27 13:00:00,
/et/201505251500,https://www.youtube.com/watch?v=DzOWzUy-3rE,2015-05-25 15:00:00,
/et/201505261000,https://www.youtube.com/watch?v=Sp8ZH2ABaok,2015-05-26 10:00:00,
/et/201505141000,https://www.youtube.com/watch?v=0AZvOiHf5lo,2015-05-14 10:00:00,
/et/201505131400,https://www.youtube.com/watch?v=hKVAhDbRsT4,2015-05-13 14:00:00,
/et/201505131300,https://www.youtube.com/watch?v=hKVAhDbRsT4,2015-05-13 13:00:00,
/et/201505131400,https://www.youtube.com/watch?v=lVH9CcK11O4,2015-05-13 14:00:00,
/et/201505131300,https://www.youtube.com/watch?v=lVH9CcK11O4,2015-05-13 13:00:00,
/et/201505111500,https://www.youtube.com/watch?v=fqONOBOwFsQ,2015-05-11 15:00:00,
/et/201505061400,https://www.youtube.com/watch?v=fspOxoaN5CA,2015-05-06 14:00:00,
/et/201505061300,https://www.youtube.com/watch?v=fspOxoaN5CA,2015-05-06 13:00:00,
/et/201505071000,https://www.youtube.com/watch?v=A_Hz7zukuXU,2015-05-07 10:00:00,
/et/201505061400,https://www.youtube.com/watch?v=O20SZX2MChA,2015-05-06 14:00:00,
/et/201505061300,https://www.youtube.com/watch?v=O20SZX2MChA,2015-05-06 13:00:00,
/et/201505051000,https://www.youtube.com/watch?v=0xPbT0P0Bpg,2015-05-05 10:00:00,
/et/201505041500,https://www.youtube.com/watch?v=jyGynR9W0Ic,2015-05-04 15:00:00,
/et/201504301000,https://www.youtube.com/watch?v=pDcO7EXj7Lo,2015-04-30 10:00:00,
/et/201504291400,https://www.youtube.com/watch?v=q7kOMGxRxpY,2015-04-29 14:00:00,
/et/201504291300,https://www.youtube.com/watch?v=q7kOMGxRxpY,2015-04-29 13:00:00,
/et/201504291400,https://www.youtube.com/watch?v=Zvqp66CuAyw,2015-04-29 14:00:00,
/et/201504291300,https://www.youtube.com/watch?v=Zvqp66CuAyw,2015-04-29 13:00:00,
/et/201504281000,https://www.youtube.com/watch?v=XFptls9Fqxo,2015-04-28 10:00:00,
/et/201504271500,https://www.youtube.com/watch?v=YWAk2MYclJA,2015-04-27 15:00:00,
/et/201504161000,https://www.youtube.com/watch?v=0eP6mPk1thk,2015-04-16 10:00:00,
/et/201504141000,https://www.youtube.com/watch?v=CFazNr5OI-s,2015-04-14 10:00:00,
/et/201504131500,https://www.youtube.com/watch?v=n0dzjHZqnI0,2015-04-13 15:00:00,
/et/201504081400,https://www.youtube.com/watch?v=ZLBOerXFKhE,2015-04-08 14:00:00,
/et/201504091000,https://www.youtube.com/watch?v=TIVNowYyGn8,2015-04-09 10:00:00,
/et/201504071000,https://www.youtube.com/watch?v=Yw9u83aSlfk,2015-04-07 10:00:00,
/et/201504061500,https://www.youtube.com/watch?v=eDknGrPY320,2015-04-06 15:00:00,
/et/201504021000,https://www.youtube.com/watch?v=VzPRHrZKFm8,2015-04-02 10:00:00,
/et/201504011400,https://www.youtube.com/watch?v=67YlmFv6yR8,2015-04-01 14:00:00,
/et/201503301500,https://www.youtube.com/watch?v=iPJpeEkUjsQ,2015-03-30 15:00:00,
/et/201503311000,https://www.youtube.com/watch?v=v7dRh8vkoKI,2015-03-31 10:00:00,
/et/201502191000,https://www.youtube.com/watch?v=kitDHnz15UI,2015-02-19 10:00:00,
/et/201502181400,https://www.youtube.com/watch?v=UCLMFJcWa7Q,2015-02-18 14:00:00,
/et/201502181300,https://www.youtube.com/watch?v=UCLMFJcWa7Q,2015-02-18 13:00:00,
/et/201502181400,https://www.youtube.com/watch?v=_OwcTTzZujw,2015-02-18 14:00:00,
/et/201502181300,https://www.youtube.com/watch?v=_OwcTTzZujw,2015-02-18 13:00:00,
/et/201502171000,https://www.youtube.com/watch?v=dPThto1wEKc,2015-02-17 10:00:00,
/et/201502161500,https://www.youtube.com/watch?v=g4ABnundLs0,2015-02-16 15:00:00,
/et/201502121000,https://www.youtube.com/watch?v=O2wAgOQ6Qvg,2015-02-12 10:00:00,
/et/201502111400,https://www.youtube.com/watch?v=6mdIDsRIoC8,2015-02-11 14:00:00,
/et/201502111300,https://www.youtube.com/watch?v=6mdIDsRIoC8,2015-02-11 13:00:00,
/et/201502101000,https://www.youtube.com/watch?v=KPis2Mq9mLA,2015-02-10 10:00:00,
/et/201502091500,https://www.youtube.com/watch?v=rtHWD-lgZFU,2015-02-09 15:00:00,
/et/201501291000,https://www.youtube.com/watch?v=qjc5SclDnZY,2015-01-29 10:00:00,
/et/201501281400,https://www.youtube.com/watch?v=kf7yNpe0iQQ,2015-01-28 14:00:00,
/et/201501281300,https://www.youtube.com/watch?v=kf7yNpe0iQQ,2015-01-28 13:00:00,
/et/201501281400,https://www.youtube.com/watch?v=Hahr-R4VZgU,2015-01-28 14:00:00,
/et/201501281300,https://www.youtube.com/watch?v=Hahr-R4VZgU,2015-01-28 13:00:00,
/et/201501271000,https://www.youtube.com/watch?v=lCqOSrs4Aaw,2015-01-27 10:00:00,
/et/201501261500,https://www.youtube.com/watch?v=Ln2Hw7GGoi8,2015-01-26 15:00:00,
/et/201501201000,https://www.youtube.com/watch?v=qX7-ba-2NGc,2015-01-20 10:00:00,
/et/201501211400,https://www.youtube.com/watch?v=Adp877qVzho,2015-01-21 14:00:00,
/et/201501211300,https://www.youtube.com/watch?v=Adp877qVzho,2015-01-21 13:00:00,
/et/201501221000,https://www.youtube.com/watch?v=ugqqtQzooy8,2015-01-22 10:00:00,
/et/201501211400,https://www.youtube.com/watch?v=UW7sSxuKG28,2015-01-21 14:00:00,
/et/201501211300,https://www.youtube.com/watch?v=UW7sSxuKG28,2015-01-21 13:00:00,
/et/201501191500,https://www.youtube.com/watch?v=_u19kGkt0eI,2015-01-19 15:00:00,
/et/201411031500,https://www.youtube.com/watch?v=ueAYAy1FWVE,2014-11-03 15:00:00,
/et/201501151000,https://www.youtube.com/watch?v=XduL8Nxiveo,2015-01-15 10:00:00,
/et/201501141400,https://www.youtube.com/watch?v=_xgJ8OnXoEA,2015-01-14 14:00:00,
/et/201501141300,https://www.youtube.com/watch?v=_xgJ8OnXoEA,2015-01-14 13:00:00,
/et/201501141400,https://www.youtube.com/watch?v=DXu3u91_2Jk,2015-01-14 14:00:00,
/et/201501141300,https://www.youtube.com/watch?v=DXu3u91_2Jk,2015-01-14 13:00:00,
/et/201501131000,https://www.youtube.com/watch?v=x9sgKc5ranI,2015-01-13 10:00:00,
/et/201501121500,https://www.youtube.com/watch?v=ogOZf22qgwc,2015-01-12 15:00:00,
/et/201412021000,https://www.youtube.com/watch?v=_anLvpm5WC0,2014-12-02 10:00:00,
/et/201412091000,https://www.youtube.com/watch?v=g5teDaWtjTQ,2014-12-09 10:00:00,
/et/201412181000,https://www.youtube.com/watch?v=1VUo-s90EGY,2014-12-18 10:00:00,
/et/201412171400,https://www.youtube.com/watch?v=LzDcx33yG00,2014-12-17 14:00:00,
/et/201412171300,https://www.youtube.com/watch?v=LzDcx33yG00,2014-12-17 13:00:00,
/et/201412161000,https://www.youtube.com/watch?v=_gJ0nK_4wFU,2014-12-16 10:00:00,
/et/201412151500,https://www.youtube.com/watch?v=Fxvcf54iKYM,2014-12-15 15:00:00,
/et/201412111000,https://www.youtube.com/watch?v=fQZ3BZ1D5qc,2014-12-11 10:00:00,
/et/201412101400,https://www.youtube.com/watch?v=1zuJUGfvnq0,2014-12-10 14:00:00,
/et/201412101300,https://www.youtube.com/watch?v=1zuJUGfvnq0,2014-12-10 13:00:00,
/et/201412101400,https://www.youtube.com/watch?v=abR97iTRCio,2014-12-10 14:00:00,
/et/201412101300,https://www.youtube.com/watch?v=abR97iTRCio,2014-12-10 13:00:00,
/et/201412031400,https://www.youtube.com/watch?v=3LL_KeB31u8,2014-12-03 14:00:00,
/et/201412031300,https://www.youtube.com/watch?v=3LL_KeB31u8,2014-12-03 13:00:00,
/et/201412041000,https://www.youtube.com/watch?v=zFMI2iZDWCw,2014-12-04 10:00:00,
/et/201412031400,https://www.youtube.com/watch?v=NbL7494wemI,2014-12-03 14:00:00,
/et/201412031300,https://www.youtube.com/watch?v=NbL7494wemI,2014-12-03 13:00:00,
/et/201412011500,https://www.youtube.com/watch?v=CjYM_9Mtnlc,2014-12-01 15:00:00,
/et/201411191400,https://www.youtube.com/watch?v=NrdV3bD312Y,2014-11-19 14:00:00,
/et/201411191300,https://www.youtube.com/watch?v=NrdV3bD312Y,2014-11-19 13:00:00,
/et/201411201000,https://www.youtube.com/watch?v=xyX6DOJl3ZU,2014-11-20 10:00:00,
/et/201411191400,https://www.youtube.com/watch?v=_PLgzY1ussw,2014-11-19 14:00:00,
/et/201411191300,https://www.youtube.com/watch?v=_PLgzY1ussw,2014-11-19 13:00:00,
/et/201411171500,https://www.youtube.com/watch?v=pVViuAs13Fo,2014-11-17 15:00:00,
/et/201411181000,https://www.youtube.com/watch?v=icSULDmPkp4,2014-11-18 10:00:00,
/et/201411121400,https://www.youtube.com/watch?v=DQnvoWB2V8M,2014-11-12 14:00:00,
/et/201411121300,https://www.youtube.com/watch?v=DQnvoWB2V8M,2014-11-12 13:00:00,
/et/201411131000,https://www.youtube.com/watch?v=O2yyRfdr1k0,2014-11-13 10:00:00,
/et/201411121400,https://www.youtube.com/watch?v=aKptgCMulKI,2014-11-12 14:00:00,
/et/201411121300,https://www.youtube.com/watch?v=aKptgCMulKI,2014-11-12 13:00:00,
/et/201411121400,https://www.youtube.com/watch?v=1dzrIYo3ztw,2014-11-12 14:00:00,
/et/201411121300,https://www.youtube.com/watch?v=1dzrIYo3ztw,2014-11-12 13:00:00,
/et/201411121400,https://www.youtube.com/watch?v=KbjiEkkBbrU,2014-11-12 14:00:00,
/et/201411121300,https://www.youtube.com/watch?v=KbjiEkkBbrU,2014-11-12 13:00:00,
/et/201411101500,https://www.youtube.com/watch?v=qBvqNSr18rg,2014-11-10 15:00:00,
/et/201411061000,https://www.youtube.com/watch?v=nIwU1LDOxOw,2014-11-06 10:00:00,
/et/201411051400,https://www.youtube.com/watch?v=MZMgLsj_kUc,2014-11-05 14:00:00,
/et/201411051300,https://www.youtube.com/watch?v=MZMgLsj_kUc,2014-11-05 13:00:00,
/et/201411051400,https://www.youtube.com/watch?v=BZ_6ZKKOG5k,2014-11-05 14:00:00,
/et/201411051300,https://www.youtube.com/watch?v=BZ_6ZKKOG5k,2014-11-05 13:00:00,
/et/201411041000,https://www.youtube.com/watch?v=ed5ShI1AoCU,2014-11-04 10:00:00,
/et/201410221400,https://www.youtube.com/watch?v=TryFdAh54vo,2014-10-22 14:00:00,
/et/201410221300,https://www.youtube.com/watch?v=TryFdAh54vo,2014-10-22 13:00:00,
/et/201410231000,https://www.youtube.com/watch?v=dxjo_dYGcYU,2014-10-23 10:00:00,
/et/201410221400,https://www.youtube.com/watch?v=kWCTY9_PHqM,2014-10-22 14:00:00,
/et/201410221300,https://www.youtube.com/watch?v=kWCTY9_PHqM,2014-10-22 13:00:00,
/et/201410201500,https://www.youtube.com/watch?v=cihX2UIwbSI,2014-10-20 15:00:00,
/et/201410211000,https://www.youtube.com/watch?v=SxoK99hByqw,2014-10-21 10:00:00,
/et/201410151400,https://www.youtube.com/watch?v=t7oodTBrefA,2014-10-15 14:00:00,
/et/201410151300,https://www.youtube.com/watch?v=t7oodTBrefA,2014-10-15 13:00:00,
/et/201410161000,https://www.youtube.com/watch?v=2Jis10lCy4w,2014-10-16 10:00:00,
/et/201410151400,https://www.youtube.com/watch?v=zSURApZj_w8,2014-10-15 14:00:00,
/et/201410151300,https://www.youtube.com/watch?v=zSURApZj_w8,2014-10-15 13:00:00,
/et/201410141000,https://www.youtube.com/watch?v=kAH354L7ZIo,2014-10-14 10:00:00,
/et/201410131500,https://www.youtube.com/watch?v=AOydjh2L8_E,2014-10-13 15:00:00,
/et/201410091000,https://www.youtube.com/watch?v=DkTX517OW4I,2014-10-09 10:00:00,
/et/201410081400,https://www.youtube.com/watch?v=M9afabmKLM4,2014-10-08 14:00:00,
/et/201410081300,https://www.youtube.com/watch?v=M9afabmKLM4,2014-10-08 13:00:00,
/et/201410081400,https://www.youtube.com/watch?v=R_1SHohL-lw,2014-10-08 14:00:00,
/et/201410081300,https://www.youtube.com/watch?v=R_1SHohL-lw,2014-10-08 13:00:00,
/et/201410071000,https://www.youtube.com/watch?v=A16sFTjlbm4,2014-10-07 10:00:00,
/et/201410061500,https://www.youtube.com/watch?v=vC9XpYprmLM,2014-10-06 15:00:00,
/et/201409251000,https://www.youtube.com/watch?v=8BigeEw0FbE,2014-09-25 10:00:00,
/et/201409241400,https://www.youtube.com/watch?v=wo-lnTTAINs,2014-09-24 14:00:00,
/et/201409241300,https://www.youtube.com/watch?v=wo-lnTTAINs,2014-09-24 13:00:00,
/et/201409241400,https://www.youtube.com/watch?v=x6_d1X9Mft4,2014-09-24 14:00:00,
/et/201409241300,https://www.youtube.com/watch?v=x6_d1X9Mft4,2014-09-24 13:00:00,
/et/201409231000,https://www.youtube.com/watch?v=wF43kI8lGtw,2014-09-23 10:00:00,
/et/201409221500,https://www.youtube.com/watch?v=wJbCM2uPW1o,2014-09-22 15:00:00,
/et/201409181000,https://www.youtube.com/watch?v=JTShW4_oJpg,2014-09-18 10:00:00,
/et/201409171400,https://www.youtube.com/watch?v=Dec9dg6WsFo,2014-09-17 14:00:00,
/et/201409171300,https://www.youtube.com/watch?v=Dec9dg6WsFo,2014-09-17 13:00:00,
/et/201409171400,https://www.youtube.com/watch?v=4ryIWftskPM,2014-09-17 14:00:00,
/et/201409171300,https://www.youtube.com/watch?v=4ryIWftskPM,2014-09-17 13:00:00,
/et/201409161000,https://www.youtube.com/watch?v=B6nRzfFvjwg,2014-09-16 10:00:00,
/et/201409151500,https://www.youtube.com/watch?v=5HsO2PqXvak,2014-09-15 15:00:00,
/et/201409111000,https://www.youtube.com/watch?v=P2dHL7JA4Jg,2014-09-11 10:00:00,
/et/201409101400,https://www.youtube.com/watch?v=8A67A1wtBLs,2014-09-10 14:00:00,
/et/201409101300,https://www.youtube.com/watch?v=8A67A1wtBLs,2014-09-10 13:00:00,
/et/201409101400,https://www.youtube.com/watch?v=DN5F2wdPfII,2014-09-10 14:00:00,
/et/201409101300,https://www.youtube.com/watch?v=DN5F2wdPfII,2014-09-10 13:00:00,
/et/201409081500,https://www.youtube.com/watch?v=Wtk_785HIf8,2014-09-08 15:00:00,
/et/201409091000,https://www.youtube.com/watch?v=vXImxKd1yrc,2014-09-09 10:00:00,
/et/201406201000,https://www.youtube.com/watch?v=TCFRcON93Lw,2014-06-20 10:00:00,
/et/201401301000,https://www.youtube.com/watch?v=U1YmcWdwgtQ,2014-01-30 10:00:00,
/et/201406301000,https://www.youtube.com/watch?v=U3UE4SdAewQ,2014-06-30 10:00:00,
/et/201406181400,https://www.youtube.com/watch?v=8To0LvPCApM,2014-06-18 14:00:00,
/et/201406181300,https://www.youtube.com/watch?v=8To0LvPCApM,2014-06-18 13:00:00,
/et/201407011200,https://www.youtube.com/watch?v=L-sjgU6zIg8,2014-07-01 12:00:00,
/et/201406191000,https://www.youtube.com/watch?v=chDPmouHk2k,2014-06-19 10:00:00,
/et/201406181400,https://www.youtube.com/watch?v=RTtgZ4IgdxA,2014-06-18 14:00:00,
/et/201406181300,https://www.youtube.com/watch?v=RTtgZ4IgdxA,2014-06-18 13:00:00,
/et/201406181400,https://www.youtube.com/watch?v=UMPqzUZUT8w,2014-06-18 14:00:00,
/et/201406181300,https://www.youtube.com/watch?v=UMPqzUZUT8w,2014-06-18 13:00:00,
/et/201406181400,https://www.youtube.com/watch?v=W0ns-PQjNJ4,2014-06-18 14:00:00,
/et/201406181300,https://www.youtube.com/watch?v=W0ns-PQjNJ4,2014-06-18 13:00:00,
/et/201406171000,https://www.youtube.com/watch?v=46t-kifPX34,2014-06-17 10:00:00,
/et/201406121000,https://www.youtube.com/watch?v=1U10aFSDR84,2014-06-12 10:00:00,
/et/201406111400,https://www.youtube.com/watch?v=s5-EFmr2aQ8,2014-06-11 14:00:00,
/et/201406111300,https://www.youtube.com/watch?v=s5-EFmr2aQ8,2014-06-11 13:00:00,
/et/201406091500,https://www.youtube.com/watch?v=hMX-41y8R-c,2014-06-09 15:00:00,
/et/201406051000,https://www.youtube.com/watch?v=MOWL1VpBxeM,2014-06-05 10:00:00,
/et/201406041400,https://www.youtube.com/watch?v=xNqjnavOWx8,2014-06-04 14:00:00,
/et/201406041300,https://www.youtube.com/watch?v=xNqjnavOWx8,2014-06-04 13:00:00,
/et/201406041400,https://www.youtube.com/watch?v=TT6UYU27GSI,2014-06-04 14:00:00,
/et/201406041300,https://www.youtube.com/watch?v=TT6UYU27GSI,2014-06-04 13:00:00,
/et/201406021500,https://www.youtube.com/watch?v=emsKbAPi8zM,2014-06-02 15:00:00,
/et/201406031000,https://www.youtube.com/watch?v=8roochxT_MM,2014-06-03 10:00:00,
/et/201405211400,https://www.youtube.com/watch?v=FMqBuGn7uqA,2014-05-21 14:00:00,
/et/201405211300,https://www.youtube.com/watch?v=FMqBuGn7uqA,2014-05-21 13:00:00,
/et/201405211400,https://www.youtube.com/watch?v=G4EqVkp8qlg,2014-05-21 14:00:00,
/et/201405211300,https://www.youtube.com/watch?v=G4EqVkp8qlg,2014-05-21 13:00:00,
/et/201405201000,https://www.youtube.com/watch?v=Hif0Y30Yy_c,2014-05-20 10:00:00,
/et/201405151000,https://www.youtube.com/watch?v=j13JTRO67os,2014-05-15 10:00:00,
/et/201405141400,https://www.youtube.com/watch?v=i61Os5VtlBk,2014-05-14 14:00:00,
/et/201405141300,https://www.youtube.com/watch?v=i61Os5VtlBk,2014-05-14 13:00:00,
/et/201405141400,https://www.youtube.com/watch?v=xcWu-1XSPv8,2014-05-14 14:00:00,
/et/201405141300,https://www.youtube.com/watch?v=xcWu-1XSPv8,2014-05-14 13:00:00,
/et/201405131000,https://www.youtube.com/watch?v=NWNN8K3lM0k,2014-05-13 10:00:00,
/et/201405121500,https://www.youtube.com/watch?v=TYmwqDu6Hac,2014-05-12 15:00:00,
/et/201405071400,https://www.youtube.com/watch?v=whkn7DrajlI,2014-05-07 14:00:00,
/et/201405071300,https://www.youtube.com/watch?v=whkn7DrajlI,2014-05-07 13:00:00,
/et/201405071400,https://www.youtube.com/watch?v=ZdDfygTNPE8,2014-05-07 14:00:00,
/et/201405071300,https://www.youtube.com/watch?v=ZdDfygTNPE8,2014-05-07 13:00:00,
/et/201405061000,https://www.youtube.com/watch?v=bIvlcvpgFVI,2014-05-06 10:00:00,
/et/201405051500,https://www.youtube.com/watch?v=yV7e4P2nHmM,2014-05-05 15:00:00,
/et/201404241000,https://www.youtube.com/watch?v=LBmKOyhVjaY,2014-04-24 10:00:00,
