video_id,generic_video_link,html_link,pdf_link,date,legislation,sitting_number,streaming_url
18_116,https://webtv.senato.it/webtv/assemblea/seduta-di-assemblea-n-116-0,https://www.senato.it/japp/bgt/showdoc/frame.jsp?tipodoc=Resaula&leg=18&id=1112214,https://www.senato.it/service/PDF/PDFServer/BGT/1112214.pdf,2019-05-30,18,116,https://senato-vod.morescreens.com/vod_hls/605110890_20190530_1200_aula_seduta_116.mp4/playlist.m3u8?id=605110890&video_id=12716&token=&authority_instance_id=empty&profile_id=empty&application_installation_id=empty&uuid=empty&subscriber_id=empty&application_id=empty&detected_delivery_method=hls&playlist_template=nginx
17_663,https://webtv.senato.it/webtv/assemblea/seduta-di-assemblea-n-663,https://www.senato.it/japp/bgt/showdoc/frame.jsp?tipodoc=Resaula&leg=17&id=983237,https://www.senato.it/service/PDF/PDFServer/BGT/983237.pdf,2016-07-20,17,663,https://senato-vod.morescreens.com/vod_hls/866495356_201607200930_aula_seduta_663.mp4/playlist.m3u8?id=866495356&video_id=5154&token=&authority_instance_id=empty&profile_id=empty&application_installation_id=empty&uuid=empty&subscriber_id=empty&application_id=empty&detected_delivery_method=hls&playlist_template=nginx
19_153,https://webtv.senato.it/webtv/assemblea/seduta-di-assemblea-n-153-1,https://www.senato.it/japp/bgt/showdoc/frame.jsp?tipodoc=Resaula&leg=19&id=1404524,https://www.senato.it/service/PDF/PDFServer/BGT/1404524.pdf,2024-02-01,19,153,"https://senato-vod.morescreens.com/vod_hls/20240201_1500_aula_seduta_153_1080p_,360p,480p,576p,720p,1080p,.mp4.urlset/playlist.m3u8?id=video_65bbbdcb1ab720.44200704&video_id=25175&token=&authority_instance_id=empty&profile_id=empty&application_installation_id=empty&uuid=empty&subscriber_id=empty&application_id=empty&detected_delivery_method=hls&playlist_template=nginx"
18_115,https://webtv.senato.it/webtv/assemblea/seduta-di-assemblea-n-115-0,https://www.senato.it/japp/bgt/showdoc/frame.jsp?tipodoc=Resaula&leg=18&id=1112104,https://www.senato.it/service/PDF/PDFServer/BGT/1112104.pdf,2019-05-29,18,115,https://senato-vod.morescreens.com/vod_hls/1696899850_20190529_1500_aula_seduta_115.mp4/playlist.m3u8?id=1696899850&video_id=12713&token=&authority_instance_id=empty&profile_id=empty&application_installation_id=empty&uuid=empty&subscriber_id=empty&application_id=empty&detected_delivery_method=hls&playlist_template=nginx
19_152,https://webtv.senato.it/webtv/assemblea/seduta-di-assemblea-n-152-0,https://www.senato.it/japp/bgt/showdoc/frame.jsp?tipodoc=Resaula&leg=19&id=1404279,https://www.senato.it/service/PDF/PDFServer/BGT/1404279.pdf,2024-01-31,19,152,"https://senato-vod.morescreens.com/vod_hls/20240131_1000_aula_seduta_152_,360p,480p,576p,720p,1080p,.mp4.urlset/playlist.m3u8?id=video_65ba94446ebbb4.68541254&video_id=25155&token=&authority_instance_id=empty&profile_id=empty&application_installation_id=empty&uuid=empty&subscriber_id=empty&application_id=empty&detected_delivery_method=hls&playlist_template=nginx"
17_467,https://webtv.senato.it/webtv/assemblea/seduta-di-assemblea-n-467,https://www.senato.it/japp/bgt/showdoc/frame.jsp?tipodoc=Resaula&leg=17&id=925832,https://www.senato.it/service/PDF/PDFServer/BGT/925832.pdf,2015-06-17,17,467,"https://senato-vod.morescreens.com/vod_hls/seduta_467_20150617_,300k,.mp4.urlset/playlist.m3u8?id=&video_id=3343&token=&authority_instance_id=empty&profile_id=empty&application_installation_id=empty&uuid=empty&subscriber_id=empty&application_id=empty&detected_delivery_method=hls&playlist_template=nginx"
17_662,https://webtv.senato.it/webtv/assemblea/seduta-di-assemblea-n-662,https://www.senato.it/japp/bgt/showdoc/frame.jsp?tipodoc=Resaula&leg=17&id=983148,https://www.senato.it/service/PDF/PDFServer/BGT/983148.pdf,2016-07-19,17,662,https://senato-vod.morescreens.com/vod_hls/1446048274_20160719_1630_aula_seduta_662.mp4/playlist.m3u8?id=1446048274&video_id=5151&token=&authority_instance_id=empty&profile_id=empty&application_installation_id=empty&uuid=empty&subscriber_id=empty&application_id=empty&detected_delivery_method=hls&playlist_template=nginx
19_151,https://webtv.senato.it/webtv/assemblea/seduta-di-assemblea-n-151-0,https://www.senato.it/japp/bgt/showdoc/frame.jsp?tipodoc=Resaula&leg=19&id=1404117,https://www.senato.it/service/PDF/PDFServer/BGT/1404117.pdf,2024-01-30,19,151,"https://senato-vod.morescreens.com/vod_hls/20240130_1630_aula_seduta_151_1080p_,360p,480p,576p,720p,1080p,.mp4.urlset/playlist.m3u8?id=video_65b94148754862.63211854&video_id=25132&token=&authority_instance_id=empty&profile_id=empty&application_installation_id=empty&uuid=empty&subscriber_id=empty&application_id=empty&detected_delivery_method=hls&playlist_template=nginx"
17_466,https://webtv.senato.it/webtv/assemblea/seduta-di-assemblea-n-466,https://www.senato.it/japp/bgt/showdoc/frame.jsp?tipodoc=Resaula&leg=17&id=925806,https://www.senato.it/service/PDF/PDFServer/BGT/925806.pdf,2015-06-17,17,466,"https://senato-vod.morescreens.com/vod_hls/seduta_466_20150617_,300k,.mp4.urlset/playlist.m3u8?id=&video_id=3341&token=&authority_instance_id=empty&profile_id=empty&application_installation_id=empty&uuid=empty&subscriber_id=empty&application_id=empty&detected_delivery_method=hls&playlist_template=nginx"
18_114,https://webtv.senato.it/webtv/assemblea/seduta-di-assemblea-n-114-0,https://www.senato.it/japp/bgt/showdoc/frame.jsp?tipodoc=Resaula&leg=18&id=1111985,https://www.senato.it/service/PDF/PDFServer/BGT/1111985.pdf,2019-05-28,18,114,https://senato-vod.morescreens.com/vod_hls/1174281033_20190528_1630_Aula_seduta114.mp4/playlist.m3u8?id=1174281033&video_id=12702&token=&authority_instance_id=empty&profile_id=empty&application_installation_id=empty&uuid=empty&subscriber_id=empty&application_id=empty&detected_delivery_method=hls&playlist_template=nginx
17_661,https://webtv.senato.it/webtv/assemblea/seduta-di-assemblea-n-661,https://www.senato.it/japp/bgt/showdoc/frame.jsp?tipodoc=Resaula&leg=17&id=982806,https://www.senato.it/service/PDF/PDFServer/BGT/982806.pdf,2016-07-14,17,661,https://senato-vod.morescreens.com/vod_hls/1606963963_20160714_1600_aula_661.mp4/playlist.m3u8?id=1606963963&video_id=5124&token=&authority_instance_id=empty&profile_id=empty&application_installation_id=empty&uuid=empty&subscriber_id=empty&application_id=empty&detected_delivery_method=hls&playlist_template=nginx
19_150,https://webtv.senato.it/webtv/assemblea/seduta-di-assemblea-n-150-1,https://www.senato.it/japp/bgt/showdoc/frame.jsp?tipodoc=Resaula&leg=19&id=1403062,https://www.senato.it/service/PDF/PDFServer/BGT/1403062.pdf,2024-01-25,19,150,"https://senato-vod.morescreens.com/vod_hls/20240125_1000_aula_seduta_150_,360p,480p,576p,720p,1080p,.mp4.urlset/playlist.m3u8?id=video_65b27b4cb100c2.23064613&video_id=25070&token=&authority_instance_id=empty&profile_id=empty&application_installation_id=empty&uuid=empty&subscriber_id=empty&application_id=empty&detected_delivery_method=hls&playlist_template=nginx"
17_465,https://webtv.senato.it/webtv/assemblea/seduta-di-assemblea-n-465,https://www.senato.it/japp/bgt/showdoc/frame.jsp?tipodoc=Resaula&leg=17&id=925746,https://www.senato.it/service/PDF/PDFServer/BGT/925746.pdf,2015-06-16,17,465,"https://senato-vod.morescreens.com/vod_hls/seduta_465_20150616_,300k,.mp4.urlset/playlist.m3u8?id=&video_id=3340&token=&authority_instance_id=empty&profile_id=empty&application_installation_id=empty&uuid=empty&subscriber_id=empty&application_id=empty&detected_delivery_method=hls&playlist_template=nginx"
18_113,https://webtv.senato.it/webtv/assemblea/seduta-di-assemblea-n-113,https://www.senato.it/japp/bgt/showdoc/frame.jsp?tipodoc=Resaula&leg=18&id=1111564,https://www.senato.it/service/PDF/PDFServer/BGT/1111564.pdf,2019-05-15,18,113,https://senato-vod.morescreens.com/vod_hls/522433109_20190515_0930_aula_seduta_113(1).mp4/playlist.m3u8?id=522433109&video_id=12687&token=&authority_instance_id=empty&profile_id=empty&application_installation_id=empty&uuid=empty&subscriber_id=empty&application_id=empty&detected_delivery_method=hls&playlist_template=nginx
17_660,https://webtv.senato.it/webtv/assemblea/seduta-di-assemblea-n-660,https://www.senato.it/japp/bgt/showdoc/frame.jsp?tipodoc=Resaula&leg=17&id=982808,https://www.senato.it/service/PDF/PDFServer/BGT/982808.pdf,2016-07-14,17,660,https://senato-vod.morescreens.com/vod_hls/1378518438_20160714_0930_aula_seduta_660.mp4/playlist.m3u8?id=1378518438&video_id=5118&token=&authority_instance_id=empty&profile_id=empty&application_installation_id=empty&uuid=empty&subscriber_id=empty&application_id=empty&detected_delivery_method=hls&playlist_template=nginx
18_112,https://webtv.senato.it/webtv/assemblea/seduta-di-assemblea-n-112-0,https://www.senato.it/japp/bgt/showdoc/frame.jsp?tipodoc=Resaula&leg=18&id=1111304,https://www.senato.it/service/PDF/PDFServer/BGT/1111304.pdf,2019-05-14,18,112,https://senato-vod.morescreens.com/vod_hls/946519332_20190514_1630_aula_seduta_112.mp4/playlist.m3u8?id=946519332&video_id=12677&token=&authority_instance_id=empty&profile_id=empty&application_installation_id=empty&uuid=empty&subscriber_id=empty&application_id=empty&detected_delivery_method=hls&playlist_template=nginx
17_464,https://webtv.senato.it/webtv/assemblea/seduta-di-assemblea-n-464,https://www.senato.it/japp/bgt/showdoc/frame.jsp?tipodoc=Resaula&leg=17&id=925133,https://www.senato.it/service/PDF/PDFServer/BGT/925133.pdf,2015-06-11,17,464,"https://senato-vod.morescreens.com/vod_hls/seduta_464_20150611_,300k,600k,.mp4.urlset/playlist.m3u8?id=&video_id=3334&token=&authority_instance_id=empty&profile_id=empty&application_installation_id=empty&uuid=empty&subscriber_id=empty&application_id=empty&detected_delivery_method=hls&playlist_template=nginx"
19_149,https://webtv.senato.it/webtv/assemblea/seduta-di-assemblea-n-149-1,https://www.senato.it/japp/bgt/showdoc/frame.jsp?tipodoc=Resaula&leg=19&id=1402968,https://www.senato.it/service/PDF/PDFServer/BGT/1402968.pdf,2024-01-24,19,149,"https://senato-vod.morescreens.com/vod_hls/20240124_1000_aula_seduta_149_,360p,480p,576p,720p,1080p,.mp4.urlset/playlist.m3u8?id=video_65b1637b2228d6.91499146&video_id=25052&token=&authority_instance_id=empty&profile_id=empty&application_installation_id=empty&uuid=empty&subscriber_id=empty&application_id=empty&detected_delivery_method=hls&playlist_template=nginx"
19_148,https://webtv.senato.it/webtv/assemblea/seduta-di-assemblea-n-148-2,https://www.senato.it/japp/bgt/showdoc/frame.jsp?tipodoc=Resaula&leg=19&id=1402910,https://www.senato.it/service/PDF/PDFServer/BGT/1402910.pdf,2024-01-23,19,148,"https://senato-vod.morescreens.com/vod_hls/20240123_1630_aula_seduta_148_,360p,480p,576p,720p,1080p,.mp4.urlset/playlist.m3u8?id=video_65b001c6f20043.49299753&video_id=25020&token=&authority_instance_id=empty&profile_id=empty&application_installation_id=empty&uuid=empty&subscriber_id=empty&application_id=empty&detected_delivery_method=hls&playlist_template=nginx"
17_659,https://webtv.senato.it/webtv/assemblea/seduta-di-assemblea-n-659,https://www.senato.it/japp/bgt/showdoc/frame.jsp?tipodoc=Resaula&leg=17&id=982696,https://www.senato.it/service/PDF/PDFServer/BGT/982696.pdf,2016-07-13,17,659,https://senato-vod.morescreens.com/vod_hls/1470847749_20160713_0930_aula_seduta_659_full.mp4/playlist.m3u8?id=1470847749&video_id=5115&token=&authority_instance_id=empty&profile_id=empty&application_installation_id=empty&uuid=empty&subscriber_id=empty&application_id=empty&detected_delivery_method=hls&playlist_template=nginx
17_463,https://webtv.senato.it/webtv/assemblea/seduta-di-assemblea-n-463,https://www.senato.it/japp/bgt/showdoc/frame.jsp?tipodoc=Resaula&leg=17&id=925110,https://www.senato.it/service/PDF/PDFServer/BGT/925110.pdf,2015-06-10,17,463,"https://senato-vod.morescreens.com/vod_hls/seduta_463_20150610_,100k,300k,300k,.mp4.urlset/playlist.m3u8?id=&video_id=3333&token=&authority_instance_id=empty&profile_id=empty&application_installation_id=empty&uuid=empty&subscriber_id=empty&application_id=empty&detected_delivery_method=hls&playlist_template=nginx"
18_111,https://webtv.senato.it/webtv/assemblea/seduta-di-assemblea-n-111-0,https://www.senato.it/japp/bgt/showdoc/frame.jsp?tipodoc=Resaula&leg=18&id=1108015,https://www.senato.it/service/PDF/PDFServer/BGT/1108015.pdf,2019-04-29,18,111,https://senato-vod.morescreens.com/vod_hls/821410015_20190429_1700_Aula_seduta111.mp4/playlist.m3u8?id=821410015&video_id=12590&token=&authority_instance_id=empty&profile_id=empty&application_installation_id=empty&uuid=empty&subscriber_id=empty&application_id=empty&detected_delivery_method=hls&playlist_template=nginx
17_658,https://webtv.senato.it/webtv/assemblea/seduta-di-assemblea-n-658,https://www.senato.it/japp/bgt/showdoc/frame.jsp?tipodoc=Resaula&leg=17&id=982532,https://www.senato.it/service/PDF/PDFServer/BGT/982532.pdf,2016-07-12,17,658,https://senato-vod.morescreens.com/vod_hls/1879877901_20160712_1630_aula_seduta_658.mp4/playlist.m3u8?id=1879877901&video_id=5097&token=&authority_instance_id=empty&profile_id=empty&application_installation_id=empty&uuid=empty&subscriber_id=empty&application_id=empty&detected_delivery_method=hls&playlist_template=nginx
17_462,https://webtv.senato.it/webtv/assemblea/seduta-di-assemblea-n-462,https://www.senato.it/japp/bgt/showdoc/frame.jsp?tipodoc=Resaula&leg=17&id=925064,https://www.senato.it/service/PDF/PDFServer/BGT/925064.pdf,2015-06-10,17,462,"https://senato-vod.morescreens.com/vod_hls/seduta_462_20150610_,100k,300k,300k,.mp4.urlset/playlist.m3u8?id=&video_id=3329&token=&authority_instance_id=empty&profile_id=empty&application_installation_id=empty&uuid=empty&subscriber_id=empty&application_id=empty&detected_delivery_method=hls&playlist_template=nginx"
18_110,https://webtv.senato.it/webtv/assemblea/seduta-di-assemblea-n-110-0,https://www.senato.it/japp/bgt/showdoc/frame.jsp?tipodoc=Resaula&leg=18&id=1107872,https://www.senato.it/service/PDF/PDFServer/BGT/1107872.pdf,2019-04-18,18,110,https://senato-vod.morescreens.com/vod_hls/1440269427_20190418_1500_aula_seduta_110.mp4/playlist.m3u8?id=1440269427&video_id=12577&token=&authority_instance_id=empty&profile_id=empty&application_installation_id=empty&uuid=empty&subscriber_id=empty&application_id=empty&detected_delivery_method=hls&playlist_template=nginx
19_147,https://webtv.senato.it/webtv/assemblea/seduta-di-assemblea-n-147-1,https://www.senato.it/japp/bgt/showdoc/frame.jsp?tipodoc=Resaula&leg=19&id=1402819,https://www.senato.it/service/PDF/PDFServer/BGT/1402819.pdf,2024-01-18,19,147,"https://senato-vod.morescreens.com/vod_hls/20240118_1000_aula_seduta_147_,360p,480p,576p,720p,1080p,.mp4.urlset/playlist.m3u8?id=video_65a94347a6b9f8.71239898&video_id=24977&token=&authority_instance_id=empty&profile_id=empty&application_installation_id=empty&uuid=empty&subscriber_id=empty&application_id=empty&detected_delivery_method=hls&playlist_template=nginx"
17_657,https://webtv.senato.it/webtv/assemblea/seduta-di-assemblea-n-657,https://www.senato.it/japp/bgt/showdoc/frame.jsp?tipodoc=Resaula&leg=17&id=982365,https://www.senato.it/service/PDF/PDFServer/BGT/982365.pdf,2016-07-07,17,657,https://senato-vod.morescreens.com/vod_hls/510934116_20160707_1600_aula_seduta_657.mp4/playlist.m3u8?id=510934116&video_id=5067&token=&authority_instance_id=empty&profile_id=empty&application_installation_id=empty&uuid=empty&subscriber_id=empty&application_id=empty&detected_delivery_method=hls&playlist_template=nginx
19_146,https://webtv.senato.it/webtv/assemblea/seduta-di-assemblea-n-146-0,https://www.senato.it/japp/bgt/showdoc/frame.jsp?tipodoc=Resaula&leg=19&id=1402782,https://www.senato.it/service/PDF/PDFServer/BGT/1402782.pdf,2024-01-17,19,146,"https://senato-vod.morescreens.com/vod_hls/20240117_1000_aula_seduta_146_,360p,480p,576p,720p,1080p,.mp4.urlset/playlist.m3u8?id=video_65a8d622ba15e9.49359998&video_id=24964&token=&authority_instance_id=empty&profile_id=empty&application_installation_id=empty&uuid=empty&subscriber_id=empty&application_id=empty&detected_delivery_method=hls&playlist_template=nginx"
17_461,https://webtv.senato.it/webtv/assemblea/seduta-di-assemblea-n-461,https://www.senato.it/japp/bgt/showdoc/frame.jsp?tipodoc=Resaula&leg=17&id=925012,https://www.senato.it/service/PDF/PDFServer/BGT/925012.pdf,2015-06-09,17,461,"https://senato-vod.morescreens.com/vod_hls/seduta_461_20150609_,100k,300k,300k,.mp4.urlset/playlist.m3u8?id=&video_id=3327&token=&authority_instance_id=empty&profile_id=empty&application_installation_id=empty&uuid=empty&subscriber_id=empty&application_id=empty&detected_delivery_method=hls&playlist_template=nginx"
18_109,https://webtv.senato.it/webtv/assemblea/seduta-di-assemblea-n-109-0,https://www.senato.it/japp/bgt/showdoc/frame.jsp?tipodoc=Resaula&leg=18&id=1107796,https://www.senato.it/service/PDF/PDFServer/BGT/1107796.pdf,2019-04-17,18,109,https://senato-vod.morescreens.com/vod_hls/337340861_20190417_1600_aula_seduta_109.mp4/playlist.m3u8?id=337340861&video_id=12568&token=&authority_instance_id=empty&profile_id=empty&application_installation_id=empty&uuid=empty&subscriber_id=empty&application_id=empty&detected_delivery_method=hls&playlist_template=nginx
17_656,https://webtv.senato.it/webtv/assemblea/seduta-di-assemblea-n-656,https://www.senato.it/japp/bgt/showdoc/frame.jsp?tipodoc=Resaula&leg=17&id=982363,https://www.senato.it/service/PDF/PDFServer/BGT/982363.pdf,2016-07-07,17,656,https://senato-vod.morescreens.com/vod_hls/2020584455_20160707_0930_aula_seduta_656.mp4/playlist.m3u8?id=2020584455&video_id=5061&token=&authority_instance_id=empty&profile_id=empty&application_installation_id=empty&uuid=empty&subscriber_id=empty&application_id=empty&detected_delivery_method=hls&playlist_template=nginx
19_145,https://webtv.senato.it/webtv/assemblea/seduta-di-assemblea-n-145-0,https://www.senato.it/japp/bgt/showdoc/frame.jsp?tipodoc=Resaula&leg=19&id=1402679,https://www.senato.it/service/PDF/PDFServer/BGT/1402679.pdf,2024-01-16,19,145,"https://senato-vod.morescreens.com/vod_hls/20240116_1630_aula_seduta_145_1080p_,360p,480p,576p,720p,1080p,.mp4.urlset/playlist.m3u8?id=video_65a6c6668a1cc6.26873621&video_id=24932&token=&authority_instance_id=empty&profile_id=empty&application_installation_id=empty&uuid=empty&subscriber_id=empty&application_id=empty&detected_delivery_method=hls&playlist_template=nginx"
17_460,https://webtv.senato.it/webtv/assemblea/seduta-di-assemblea-n-460,https://www.senato.it/japp/bgt/showdoc/frame.jsp?tipodoc=Resaula&leg=17&id=921111,https://www.senato.it/service/PDF/PDFServer/BGT/921111.pdf,2015-06-04,17,460,"https://senato-vod.morescreens.com/vod_hls/seduta_460_20150604_,100k,300k,600k,.mp4.urlset/playlist.m3u8?id=&video_id=3325&token=&authority_instance_id=empty&profile_id=empty&application_installation_id=empty&uuid=empty&subscriber_id=empty&application_id=empty&detected_delivery_method=hls&playlist_template=nginx"
18_108,https://webtv.senato.it/webtv/assemblea/seduta-di-assemblea-n-108-0,https://www.senato.it/japp/bgt/showdoc/frame.jsp?tipodoc=Resaula&leg=18&id=1107678,https://www.senato.it/service/PDF/PDFServer/BGT/1107678.pdf,2019-04-16,18,108,https://senato-vod.morescreens.com/vod_hls/102490308_20190416_1600_aula_seduta_108.mp4/playlist.m3u8?id=102490308&video_id=12562&token=&authority_instance_id=empty&profile_id=empty&application_installation_id=empty&uuid=empty&subscriber_id=empty&application_id=empty&detected_delivery_method=hls&playlist_template=nginx
17_655,https://webtv.senato.it/webtv/assemblea/seduta-di-assemblea-n-655,https://www.senato.it/japp/bgt/showdoc/frame.jsp?tipodoc=Resaula&leg=17&id=982311,https://www.senato.it/service/PDF/PDFServer/BGT/982311.pdf,2016-07-06,17,655,https://senato-vod.morescreens.com/vod_hls/710086625_20160706_1630_aula_seduta_655.mp4/playlist.m3u8?id=710086625&video_id=5055&token=&authority_instance_id=empty&profile_id=empty&application_installation_id=empty&uuid=empty&subscriber_id=empty&application_id=empty&detected_delivery_method=hls&playlist_template=nginx
19_144,https://webtv.senato.it/webtv/assemblea/seduta-di-assemblea-n-144-1,https://www.senato.it/japp/bgt/showdoc/frame.jsp?tipodoc=Resaula&leg=19&id=1402576,https://www.senato.it/service/PDF/PDFServer/BGT/1402576.pdf,2024-01-11,19,144,"https://senato-vod.morescreens.com/vod_hls/20240111_1000_aula_seduta_144_,360p,480p,576p,720p,1080p,.mp4.urlset/playlist.m3u8?id=video_65a011be628aa8.11470162&video_id=24892&token=&authority_instance_id=empty&profile_id=empty&application_installation_id=empty&uuid=empty&subscriber_id=empty&application_id=empty&detected_delivery_method=hls&playlist_template=nginx"
17_459,https://webtv.senato.it/webtv/assemblea/seduta-di-assemblea-n-459,https://www.senato.it/japp/bgt/showdoc/frame.jsp?tipodoc=Resaula&leg=17&id=921076,https://www.senato.it/service/PDF/PDFServer/BGT/921076.pdf,2015-06-04,17,459,"https://senato-vod.morescreens.com/vod_hls/seduta_459_20150604_,100k,300k,600k,.mp4.urlset/playlist.m3u8?id=&video_id=3320&token=&authority_instance_id=empty&profile_id=empty&application_installation_id=empty&uuid=empty&subscriber_id=empty&application_id=empty&detected_delivery_method=hls&playlist_template=nginx"
18_107,https://webtv.senato.it/webtv/assemblea/seduta-di-assemblea-n-107-0,https://www.senato.it/japp/bgt/showdoc/frame.jsp?tipodoc=Resaula&leg=18&id=1107165,https://www.senato.it/service/PDF/PDFServer/BGT/1107165.pdf,2019-04-04,18,107,https://senato-vod.morescreens.com/vod_hls/229503242_20190404_1000_aula_seduta_107.mp4/playlist.m3u8?id=229503242&video_id=12461&token=&authority_instance_id=empty&profile_id=empty&application_installation_id=empty&uuid=empty&subscriber_id=empty&application_id=empty&detected_delivery_method=hls&playlist_template=nginx
17_654,https://webtv.senato.it/webtv/assemblea/seduta-di-assemblea-n-654,https://www.senato.it/japp/bgt/showdoc/frame.jsp?tipodoc=Resaula&leg=17&id=982269,https://www.senato.it/service/PDF/PDFServer/BGT/982269.pdf,2016-07-06,17,654,https://senato-vod.morescreens.com/vod_hls/504844757_20160706_0930_aula_seduta_654.mp4/playlist.m3u8?id=504844757&video_id=5043&token=&authority_instance_id=empty&profile_id=empty&application_installation_id=empty&uuid=empty&subscriber_id=empty&application_id=empty&detected_delivery_method=hls&playlist_template=nginx
17_458,https://webtv.senato.it/webtv/assemblea/seduta-di-assemblea-n-458,https://www.senato.it/japp/bgt/showdoc/frame.jsp?tipodoc=Resaula&leg=17&id=921036,https://www.senato.it/service/PDF/PDFServer/BGT/921036.pdf,2015-06-03,17,458,"https://senato-vod.morescreens.com/vod_hls/seduta_458_20150603_,100k,300k,600k,.mp4.urlset/playlist.m3u8?id=&video_id=3319&token=&authority_instance_id=empty&profile_id=empty&application_installation_id=empty&uuid=empty&subscriber_id=empty&application_id=empty&detected_delivery_method=hls&playlist_template=nginx"
19_143,https://webtv.senato.it/webtv/assemblea/seduta-di-assemblea-n-143-1,https://www.senato.it/japp/bgt/showdoc/frame.jsp?tipodoc=Resaula&leg=19&id=1402157,https://www.senato.it/service/PDF/PDFServer/BGT/1402157.pdf,2024-01-10,19,143,"https://senato-vod.morescreens.com/vod_hls/20240110_1000_aula_seduta_143_,360p,480p,576p,720p,1080p,.mp4.urlset/playlist.m3u8?id=video_659eca3edf2fb6.04109105&video_id=24880&token=&authority_instance_id=empty&profile_id=empty&application_installation_id=empty&uuid=empty&subscriber_id=empty&application_id=empty&detected_delivery_method=hls&playlist_template=nginx"
18_106,https://webtv.senato.it/webtv/assemblea/seduta-di-assemblea-n-106-0,https://www.senato.it/japp/bgt/showdoc/frame.jsp?tipodoc=Resaula&leg=18&id=1107137,https://www.senato.it/service/PDF/PDFServer/BGT/1107137.pdf,2019-04-03,18,106,https://senato-vod.morescreens.com/vod_hls/771948409_20190403_0930_aula_seduta_106_v3a.mp4/playlist.m3u8?id=771948409&video_id=12469&token=&authority_instance_id=empty&profile_id=empty&application_installation_id=empty&uuid=empty&subscriber_id=empty&application_id=empty&detected_delivery_method=hls&playlist_template=nginx
19_142,https://webtv.senato.it/webtv/assemblea/seduta-di-assemblea-n-142-0,https://www.senato.it/japp/bgt/showdoc/frame.jsp?tipodoc=Resaula&leg=19&id=1402106,https://www.senato.it/service/PDF/PDFServer/BGT/1402106.pdf,2024-01-09,19,142,"https://senato-vod.morescreens.com/vod_hls/20240109_1700_aula_seduta_142_1080p_,360p,480p,576p,720p,1080p,.mp4.urlset/playlist.m3u8?id=video_659d885089e299.08878047&video_id=24875&token=&authority_instance_id=empty&profile_id=empty&application_installation_id=empty&uuid=empty&subscriber_id=empty&application_id=empty&detected_delivery_method=hls&playlist_template=nginx"
17_653,https://webtv.senato.it/webtv/assemblea/seduta-di-assemblea-n-653,https://www.senato.it/japp/bgt/showdoc/frame.jsp?tipodoc=Resaula&leg=17&id=982200,https://www.senato.it/service/PDF/PDFServer/BGT/982200.pdf,2016-07-05,17,653,https://senato-vod.morescreens.com/vod_hls/1541274405_20160705_1630_aula_seduta_653.mp4/playlist.m3u8?id=1541274405&video_id=5037&token=&authority_instance_id=empty&profile_id=empty&application_installation_id=empty&uuid=empty&subscriber_id=empty&application_id=empty&detected_delivery_method=hls&playlist_template=nginx
17_457,https://webtv.senato.it/webtv/assemblea/seduta-di-assemblea-n-457,https://www.senato.it/japp/bgt/showdoc/frame.jsp?tipodoc=Resaula&leg=17&id=920989,https://www.senato.it/service/PDF/PDFServer/BGT/920989.pdf,2015-06-03,17,457,"https://senato-vod.morescreens.com/vod_hls/seduta_457_20150603_,100k,300k,600k,.mp4.urlset/playlist.m3u8?id=&video_id=3317&token=&authority_instance_id=empty&profile_id=empty&application_installation_id=empty&uuid=empty&subscriber_id=empty&application_id=empty&detected_delivery_method=hls&playlist_template=nginx"
18_105,https://webtv.senato.it/webtv/assemblea/seduta-di-assemblea-n-105-0,https://www.senato.it/japp/bgt/showdoc/frame.jsp?tipodoc=Resaula&leg=18&id=1107094,https://www.senato.it/service/PDF/PDFServer/BGT/1107094.pdf,2019-04-02,18,105,https://senato-vod.morescreens.com/vod_hls/702600527_seduta_105_v2.mp4/playlist.m3u8?id=702600527&video_id=12471&token=&authority_instance_id=empty&profile_id=empty&application_installation_id=empty&uuid=empty&subscriber_id=empty&application_id=empty&detected_delivery_method=hls&playlist_template=nginx
17_652,https://webtv.senato.it/webtv/assemblea/seduta-di-assemblea-n-652,https://www.senato.it/japp/bgt/showdoc/frame.jsp?tipodoc=Resaula&leg=17&id=981984,https://www.senato.it/service/PDF/PDFServer/BGT/981984.pdf,2016-06-30,17,652,https://senato-vod.morescreens.com/vod_hls/1842930647_20160630_1600_aula_seduta_652.mp4/playlist.m3u8?id=1842930647&video_id=5022&token=&authority_instance_id=empty&profile_id=empty&application_installation_id=empty&uuid=empty&subscriber_id=empty&application_id=empty&detected_delivery_method=hls&playlist_template=nginx
17_456,https://webtv.senato.it/webtv/assemblea/seduta-di-assemblea-n-456,https://www.senato.it/japp/bgt/showdoc/frame.jsp?tipodoc=Resaula&leg=17&id=917283,https://www.senato.it/service/PDF/PDFServer/BGT/917283.pdf,2015-05-21,17,456,"https://senato-vod.morescreens.com/vod_hls/seduta_456_20150521_,100k,300k,300k,.mp4.urlset/playlist.m3u8?id=&video_id=3298&token=&authority_instance_id=empty&profile_id=empty&application_installation_id=empty&uuid=empty&subscriber_id=empty&application_id=empty&detected_delivery_method=hls&playlist_template=nginx"
19_141,https://webtv.senato.it/webtv/assemblea/seduta-di-assemblea-n-141-0,https://www.senato.it/japp/bgt/showdoc/frame.jsp?tipodoc=Resaula&leg=19&id=1401997,https://www.senato.it/service/PDF/PDFServer/BGT/1401997.pdf,2023-12-22,19,141,"https://senato-vod.morescreens.com/vod_hls/20231222_1000_aula_seduta_141_,360p,480p,576p,720p,1080p,.mp4.urlset/playlist.m3u8?id=video_65857faabc44e2.73322761&video_id=24857&token=&authority_instance_id=empty&profile_id=empty&application_installation_id=empty&uuid=empty&subscriber_id=empty&application_id=empty&detected_delivery_method=hls&playlist_template=nginx"
18_104,https://webtv.senato.it/webtv/assemblea/seduta-di-assemblea-n-104-0,https://www.senato.it/japp/bgt/showdoc/frame.jsp?tipodoc=Resaula&leg=18&id=1106877,https://www.senato.it/service/PDF/PDFServer/BGT/1106877.pdf,2019-03-28,18,104,https://senato-vod.morescreens.com/vod_hls/355693053_20190328_0930_aula_seduta_104.mp4/playlist.m3u8?id=355693053&video_id=12435&token=&authority_instance_id=empty&profile_id=empty&application_installation_id=empty&uuid=empty&subscriber_id=empty&application_id=empty&detected_delivery_method=hls&playlist_template=nginx
17_651,https://webtv.senato.it/webtv/assemblea/seduta-di-assemblea-n-651,https://www.senato.it/japp/bgt/showdoc/frame.jsp?tipodoc=Resaula&leg=17&id=981960,https://www.senato.it/service/PDF/PDFServer/BGT/981960.pdf,2016-06-30,17,651,https://senato-vod.morescreens.com/vod_hls/1665618189_20160630_0930_aula_seduta_651.mp4/playlist.m3u8?id=1665618189&video_id=5013&token=&authority_instance_id=empty&profile_id=empty&application_installation_id=empty&uuid=empty&subscriber_id=empty&application_id=empty&detected_delivery_method=hls&playlist_template=nginx
19_140,https://webtv.senato.it/webtv/assemblea/seduta-di-assemblea-n-140-1,https://www.senato.it/japp/bgt/showdoc/frame.jsp?tipodoc=Resaula&leg=19&id=1401969,https://www.senato.it/service/PDF/PDFServer/BGT/1401969.pdf,2023-12-21,19,140,"https://senato-vod.morescreens.com/vod_hls/20231221_1000_aula_seduta_140_1080p_,360p,480p,576p,720p,1080p,.mp4.urlset/playlist.m3u8?id=video_65847f32f3b462.96573842&video_id=24855&token=&authority_instance_id=empty&profile_id=empty&application_installation_id=empty&uuid=empty&subscriber_id=empty&application_id=empty&detected_delivery_method=hls&playlist_template=nginx"
17_455,https://webtv.senato.it/webtv/assemblea/seduta-di-assemblea-n-455,https://www.senato.it/japp/bgt/showdoc/frame.jsp?tipodoc=Resaula&leg=17&id=917267,https://www.senato.it/service/PDF/PDFServer/BGT/917267.pdf,2015-05-21,17,455,"https://senato-vod.morescreens.com/vod_hls/seduta_455_20150521_,100k,300k,600k,.mp4.urlset/playlist.m3u8?id=&video_id=3295&token=&authority_instance_id=empty&profile_id=empty&application_installation_id=empty&uuid=empty&subscriber_id=empty&application_id=empty&detected_delivery_method=hls&playlist_template=nginx"
18_103,https://webtv.senato.it/webtv/assemblea/seduta-di-assemblea-n-103-0,https://www.senato.it/japp/bgt/showdoc/frame.jsp?tipodoc=Resaula&leg=18&id=1106786,https://www.senato.it/service/PDF/PDFServer/BGT/1106786.pdf,2019-03-27,18,103,https://senato-vod.morescreens.com/vod_hls/1247341669_20190327_0930_aula_seduta_103.mp4/playlist.m3u8?id=1247341669&video_id=12432&token=&authority_instance_id=empty&profile_id=empty&application_installation_id=empty&uuid=empty&subscriber_id=empty&application_id=empty&detected_delivery_method=hls&playlist_template=nginx
17_650,https://webtv.senato.it/webtv/assemblea/seduta-di-assemblea-n-650,https://www.senato.it/japp/bgt/showdoc/frame.jsp?tipodoc=Resaula&leg=17&id=981918,https://www.senato.it/service/PDF/PDFServer/BGT/981918.pdf,2016-06-29,17,650,https://senato-vod.morescreens.com/vod_hls/1834134816_20160629_1630_aula_seduta_650.mp4/playlist.m3u8?id=1834134816&video_id=5007&token=&authority_instance_id=empty&profile_id=empty&application_installation_id=empty&uuid=empty&subscriber_id=empty&application_id=empty&detected_delivery_method=hls&playlist_template=nginx
19_139,https://webtv.senato.it/webtv/assemblea/seduta-di-assemblea-n-139-1,https://www.senato.it/japp/bgt/showdoc/frame.jsp?tipodoc=Resaula&leg=19&id=1401940,https://www.senato.it/service/PDF/PDFServer/BGT/1401940.pdf,2023-12-20,19,139,"https://senato-vod.morescreens.com/vod_hls/20231220_1000_aula_seduta_139_,360p,480p,576p,720p,1080p,.mp4.urlset/playlist.m3u8?id=video_658348080d15d5.56697845&video_id=24845&token=&authority_instance_id=empty&profile_id=empty&application_installation_id=empty&uuid=empty&subscriber_id=empty&application_id=empty&detected_delivery_method=hls&playlist_template=nginx"
17_454,https://webtv.senato.it/webtv/assemblea/seduta-di-assemblea-n-454,https://www.senato.it/japp/bgt/showdoc/frame.jsp?tipodoc=Resaula&leg=17&id=916042,https://www.senato.it/service/PDF/PDFServer/BGT/916042.pdf,2015-05-20,17,454,"https://senato-vod.morescreens.com/vod_hls/seduta_454_20150520_,100k,300k,300k,.mp4.urlset/playlist.m3u8?id=&video_id=3294&token=&authority_instance_id=empty&profile_id=empty&application_installation_id=empty&uuid=empty&subscriber_id=empty&application_id=empty&detected_delivery_method=hls&playlist_template=nginx"
18_102,https://webtv.senato.it/webtv/assemblea/seduta-di-assemblea-n-102-0,https://www.senato.it/japp/bgt/showdoc/frame.jsp?tipodoc=Resaula&leg=18&id=1106718,https://www.senato.it/service/PDF/PDFServer/BGT/1106718.pdf,2019-03-26,18,102,https://senato-vod.morescreens.com/vod_hls/680230827_20190326_1200_aula_seduta_102.mp4/playlist.m3u8?id=680230827&video_id=12421&token=&authority_instance_id=empty&profile_id=empty&application_installation_id=empty&uuid=empty&subscriber_id=empty&application_id=empty&detected_delivery_method=hls&playlist_template=nginx
17_649,https://webtv.senato.it/webtv/assemblea/seduta-di-assemblea-n-649,https://www.senato.it/japp/bgt/showdoc/frame.jsp?tipodoc=Resaula&leg=17&id=981880,https://www.senato.it/service/PDF/PDFServer/BGT/981880.pdf,2016-06-29,17,649,https://senato-vod.morescreens.com/vod_hls/833376993_20160629_0930_aula_seduta_649_2.mp4/playlist.m3u8?id=833376993&video_id=5001&token=&authority_instance_id=empty&profile_id=empty&application_installation_id=empty&uuid=empty&subscriber_id=empty&application_id=empty&detected_delivery_method=hls&playlist_template=nginx
19_138,https://webtv.senato.it/webtv/assemblea/seduta-di-assemblea-n-138-1,https://www.senato.it/japp/bgt/showdoc/frame.jsp?tipodoc=Resaula&leg=19&id=1401807,https://www.senato.it/service/PDF/PDFServer/BGT/1401807.pdf,2023-12-19,19,138,"https://senato-vod.morescreens.com/vod_hls/20231219_1600_aula_seduta_138_1080p_,360p,480p,576p,720p,1080p,.mp4.urlset/playlist.m3u8?id=video_6581f2ba2d90f9.03257114&video_id=24835&token=&authority_instance_id=empty&profile_id=empty&application_installation_id=empty&uuid=empty&subscriber_id=empty&application_id=empty&detected_delivery_method=hls&playlist_template=nginx"
17_453,https://webtv.senato.it/webtv/assemblea/seduta-di-assemblea-n-453,https://www.senato.it/japp/bgt/showdoc/frame.jsp?tipodoc=Resaula&leg=17&id=916009,https://www.senato.it/service/PDF/PDFServer/BGT/916009.pdf,2015-05-20,17,453,"https://senato-vod.morescreens.com/vod_hls/seduta_453_20150520_,100k,300k,600k,.mp4.urlset/playlist.m3u8?id=&video_id=3288&token=&authority_instance_id=empty&profile_id=empty&application_installation_id=empty&uuid=empty&subscriber_id=empty&application_id=empty&detected_delivery_method=hls&playlist_template=nginx"
18_101,https://webtv.senato.it/webtv/assemblea/seduta-di-assemblea-n-101-0,https://www.senato.it/japp/bgt/showdoc/frame.jsp?tipodoc=Resaula&leg=18&id=1106398,https://www.senato.it/service/PDF/PDFServer/BGT/1106398.pdf,2019-03-21,18,101,"https://senato-vod.morescreens.com/vod_hls/1739523739_20190321_0930_aula_seduta_101_,300k,500k,.mp4.urlset/playlist.m3u8?id=1739523739&video_id=12410&token=&authority_instance_id=empty&profile_id=empty&application_installation_id=empty&uuid=empty&subscriber_id=empty&application_id=empty&detected_delivery_method=hls&playlist_template=nginx"
17_648,https://webtv.senato.it/webtv/assemblea/seduta-di-assemblea-n-648,https://www.senato.it/japp/bgt/showdoc/frame.jsp?tipodoc=Resaula&leg=17&id=981722,https://www.senato.it/service/PDF/PDFServer/BGT/981722.pdf,2016-06-28,17,648,https://senato-vod.morescreens.com/vod_hls/341817267_20160628_1630_aula_seduta_648.mp4/playlist.m3u8?id=341817267&video_id=4986&token=&authority_instance_id=empty&profile_id=empty&application_installation_id=empty&uuid=empty&subscriber_id=empty&application_id=empty&detected_delivery_method=hls&playlist_template=nginx
19_137,https://webtv.senato.it/webtv/assemblea/seduta-di-assemblea-n-137-0,https://www.senato.it/japp/bgt/showdoc/frame.jsp?tipodoc=Resaula&leg=19&id=1400437,https://www.senato.it/service/PDF/PDFServer/BGT/1400437.pdf,2023-12-18,19,137,"https://senato-vod.morescreens.com/vod_hls/20231218_1630_aula_seduta_137_1080p_,360p,480p,576p,720p,1080p,.mp4.urlset/playlist.m3u8?id=video_65806d06b66df8.99499479&video_id=24819&token=&authority_instance_id=empty&profile_id=empty&application_installation_id=empty&uuid=empty&subscriber_id=empty&application_id=empty&detected_delivery_method=hls&playlist_template=nginx"
17_452,https://webtv.senato.it/webtv/assemblea/seduta-di-assemblea-n-452,https://www.senato.it/japp/bgt/showdoc/frame.jsp?tipodoc=Resaula&leg=17&id=915949,https://www.senato.it/service/PDF/PDFServer/BGT/915949.pdf,2015-05-19,17,452,"https://senato-vod.morescreens.com/vod_hls/seduta_452_20150519_,100k,300k,600k,.mp4.urlset/playlist.m3u8?id=&video_id=3286&token=&authority_instance_id=empty&profile_id=empty&application_installation_id=empty&uuid=empty&subscriber_id=empty&application_id=empty&detected_delivery_method=hls&playlist_template=nginx"
18_100,https://webtv.senato.it/webtv/assemblea/seduta-di-assemblea-n-100-0,https://www.senato.it/japp/bgt/showdoc/frame.jsp?tipodoc=Resaula&leg=18&id=1106321,https://www.senato.it/service/PDF/PDFServer/BGT/1106321.pdf,2019-03-20,18,100,https://senato-vod.morescreens.com/vod_hls/216427423_20190320_0900_aula_seduta_100.mp4/playlist.m3u8?id=216427423&video_id=12407&token=&authority_instance_id=empty&profile_id=empty&application_installation_id=empty&uuid=empty&subscriber_id=empty&application_id=empty&detected_delivery_method=hls&playlist_template=nginx
17_647,https://webtv.senato.it/webtv/assemblea/seduta-di-assemblea-n-647,https://www.senato.it/japp/bgt/showdoc/frame.jsp?tipodoc=Resaula&leg=17&id=981712,https://www.senato.it/service/PDF/PDFServer/BGT/981712.pdf,2016-06-28,17,647,https://senato-vod.morescreens.com/vod_hls/303971276_20160628_0930_aula_seduta_647.mp4/playlist.m3u8?id=303971276&video_id=4968&token=&authority_instance_id=empty&profile_id=empty&application_installation_id=empty&uuid=empty&subscriber_id=empty&application_id=empty&detected_delivery_method=hls&playlist_template=nginx
19_136,https://webtv.senato.it/webtv/assemblea/seduta-di-assemblea-n-136-1,https://www.senato.it/japp/bgt/showdoc/frame.jsp?tipodoc=Resaula&leg=19&id=1399619,https://www.senato.it/service/PDF/PDFServer/BGT/1399619.pdf,2023-12-13,19,136,"https://senato-vod.morescreens.com/vod_hls/20231213_0930_aula_seduta_136_1080p_,360p,480p,576p,720p,1080p,.mp4.urlset/playlist.m3u8?id=video_6579ae8c09ace0.56429617&video_id=24755&token=&authority_instance_id=empty&profile_id=empty&application_installation_id=empty&uuid=empty&subscriber_id=empty&application_id=empty&detected_delivery_method=hls&playlist_template=nginx"
17_451,https://webtv.senato.it/webtv/assemblea/seduta-di-assemblea-n-451,https://www.senato.it/japp/bgt/showdoc/frame.jsp?tipodoc=Resaula&leg=17&id=914604,https://www.senato.it/service/PDF/PDFServer/BGT/914604.pdf,2015-05-14,17,451,"https://senato-vod.morescreens.com/vod_hls/seduta_451_20150514_,300k,300k,.mp4.urlset/playlist.m3u8?id=&video_id=3274&token=&authority_instance_id=empty&profile_id=empty&application_installation_id=empty&uuid=empty&subscriber_id=empty&application_id=empty&detected_delivery_method=hls&playlist_template=nginx"
18_99,https://webtv.senato.it/webtv/assemblea/seduta-di-assemblea-n-99-0,https://www.senato.it/japp/bgt/showdoc/frame.jsp?tipodoc=Resaula&leg=18&id=1106315,https://www.senato.it/service/PDF/PDFServer/BGT/1106315.pdf,2019-03-19,18,99,https://senato-vod.morescreens.com/vod_hls/877023971_20190319_1530_aula_seduta_99.mp4/playlist.m3u8?id=877023971&video_id=12401&token=&authority_instance_id=empty&profile_id=empty&application_installation_id=empty&uuid=empty&subscriber_id=empty&application_id=empty&detected_delivery_method=hls&playlist_template=nginx
17_646,https://webtv.senato.it/webtv/assemblea/seduta-di-assemblea-n-646,https://www.senato.it/japp/bgt/showdoc/frame.jsp?tipodoc=Resaula&leg=17&id=980915,https://www.senato.it/service/PDF/PDFServer/BGT/980915.pdf,2016-06-27,17,646,https://senato-vod.morescreens.com/vod_hls/1575878961_20160627_1100_aula_seduta_646.mp4/playlist.m3u8?id=1575878961&video_id=4962&token=&authority_instance_id=empty&profile_id=empty&application_installation_id=empty&uuid=empty&subscriber_id=empty&application_id=empty&detected_delivery_method=hls&playlist_template=nginx
17_450,https://webtv.senato.it/webtv/assemblea/seduta-di-assemblea-n-450,https://www.senato.it/japp/bgt/showdoc/frame.jsp?tipodoc=Resaula&leg=17&id=914597,https://www.senato.it/service/PDF/PDFServer/BGT/914597.pdf,2015-05-14,17,450,"https://senato-vod.morescreens.com/vod_hls/seduta_450_20150514_,100k,300k,600k,.mp4.urlset/playlist.m3u8?id=&video_id=3272&token=&authority_instance_id=empty&profile_id=empty&application_installation_id=empty&uuid=empty&subscriber_id=empty&application_id=empty&detected_delivery_method=hls&playlist_template=nginx"
19_135,https://webtv.senato.it/webtv/assemblea/seduta-di-assemblea-n-135-1,https://www.senato.it/japp/bgt/showdoc/frame.jsp?tipodoc=Resaula&leg=19&id=1399476,https://www.senato.it/service/PDF/PDFServer/BGT/1399476.pdf,2023-12-12,19,135,"https://senato-vod.morescreens.com/vod_hls/20231212_1600_aula_seduta_135_,360p,480p,576p,720p,1080p,.mp4.urlset/playlist.m3u8?id=video_657895ddbbf122.28827120&video_id=24735&token=&authority_instance_id=empty&profile_id=empty&application_installation_id=empty&uuid=empty&subscriber_id=empty&application_id=empty&detected_delivery_method=hls&playlist_template=nginx"
18_98,https://webtv.senato.it/webtv/assemblea/seduta-di-assemblea-n-98-0,https://www.senato.it/japp/bgt/showdoc/frame.jsp?tipodoc=Resaula&leg=18&id=1105852,https://www.senato.it/service/PDF/PDFServer/BGT/1105852.pdf,2019-03-07,18,98,https://senato-vod.morescreens.com/vod_hls/1930249612_20190307_0930_aula_seduta_98.mp4/playlist.m3u8?id=1930249612&video_id=12286&token=&authority_instance_id=empty&profile_id=empty&application_installation_id=empty&uuid=empty&subscriber_id=empty&application_id=empty&detected_delivery_method=hls&playlist_template=nginx
17_645,https://webtv.senato.it/webtv/assemblea/seduta-di-assemblea-n-645,https://www.senato.it/japp/bgt/showdoc/frame.jsp?tipodoc=Resaula&leg=17&id=980668,https://www.senato.it/service/PDF/PDFServer/BGT/980668.pdf,2016-06-23,17,645,https://senato-vod.morescreens.com/vod_hls/1200427346_20160623_1600_aula_seduta_645.mp4/playlist.m3u8?id=1200427346&video_id=4953&token=&authority_instance_id=empty&profile_id=empty&application_installation_id=empty&uuid=empty&subscriber_id=empty&application_id=empty&detected_delivery_method=hls&playlist_template=nginx
17_449,https://webtv.senato.it/webtv/assemblea/seduta-di-assemblea-n-449,https://www.senato.it/japp/bgt/showdoc/frame.jsp?tipodoc=Resaula&leg=17&id=914555,https://www.senato.it/service/PDF/PDFServer/BGT/914555.pdf,2015-05-13,17,449,"https://senato-vod.morescreens.com/vod_hls/seduta_449_20150513_,100k,300k,600k,.mp4.urlset/playlist.m3u8?id=&video_id=3271&token=&authority_instance_id=empty&profile_id=empty&application_installation_id=empty&uuid=empty&subscriber_id=empty&application_id=empty&detected_delivery_method=hls&playlist_template=nginx"
19_134,https://webtv.senato.it/webtv/assemblea/seduta-di-assemblea-n-134-1,https://www.senato.it/japp/bgt/showdoc/frame.jsp?tipodoc=Resaula&leg=19&id=1399199,https://www.senato.it/service/PDF/PDFServer/BGT/1399199.pdf,2023-12-07,19,134,"https://senato-vod.morescreens.com/vod_hls/20231207_0930_aula_seduta_134_,360p,480p,576p,720p,1080p,.mp4.urlset/playlist.m3u8?id=video_6571d308f1f096.45500779&video_id=24681&token=&authority_instance_id=empty&profile_id=empty&application_installation_id=empty&uuid=empty&subscriber_id=empty&application_id=empty&detected_delivery_method=hls&playlist_template=nginx"
18_97,https://webtv.senato.it/webtv/assemblea/seduta-di-assemblea-n-97-0,https://www.senato.it/japp/bgt/showdoc/frame.jsp?tipodoc=Resaula&leg=18&id=1105808,https://www.senato.it/service/PDF/PDFServer/BGT/1105808.pdf,2019-03-06,18,97,https://senato-vod.morescreens.com/vod_hls/1469501429_20190306_0930_aula_seduta_97.mp4/playlist.m3u8?id=1469501429&video_id=12270&token=&authority_instance_id=empty&profile_id=empty&application_installation_id=empty&uuid=empty&subscriber_id=empty&application_id=empty&detected_delivery_method=hls&playlist_template=nginx
17_644,https://webtv.senato.it/webtv/assemblea/seduta-di-assemblea-n-644,https://www.senato.it/japp/bgt/showdoc/frame.jsp?tipodoc=Resaula&leg=17&id=980630,https://www.senato.it/service/PDF/PDFServer/BGT/980630.pdf,2016-06-23,17,644,https://senato-vod.morescreens.com/vod_hls/1939856565_20160623_0930_aula_seduta_644.mp4/playlist.m3u8?id=1939856565&video_id=4944&token=&authority_instance_id=empty&profile_id=empty&application_installation_id=empty&uuid=empty&subscriber_id=empty&application_id=empty&detected_delivery_method=hls&playlist_template=nginx
17_448,https://webtv.senato.it/webtv/assemblea/seduta-di-assemblea-n-448,https://www.senato.it/japp/bgt/showdoc/frame.jsp?tipodoc=Resaula&leg=17&id=914510,https://www.senato.it/service/PDF/PDFServer/BGT/914510.pdf,2015-05-13,17,448,"https://senato-vod.morescreens.com/vod_hls/seduta_448_20150513_,100k,300k,600k,.mp4.urlset/playlist.m3u8?id=&video_id=3268&token=&authority_instance_id=empty&profile_id=empty&application_installation_id=empty&uuid=empty&subscriber_id=empty&application_id=empty&detected_delivery_method=hls&playlist_template=nginx"
