transcript_link,date,youtube_link
/et/202105191400,2021-05-19 14:00:00,https://www.youtube.com/watch?v=o5mZYOSVe3I
/et/202105191400,2021-05-19 14:00:00,https://www.youtube.com/watch?v=5zMp7g3XAcE
/et/202105201000,2021-05-20 10:00:00,https://www.youtube.com/watch?v=crJVxpNkQB4
/et/202105311500,2021-05-31 15:00:00,https://www.youtube.com/watch?v=ML6WiBVr2EM
/et/202106011000,2021-06-01 10:00:00,
/et/202106021200,2021-06-02 12:00:00,https://www.youtube.com/watch?v=ZqxsxMbAgbw
/et/202106021400,2021-06-02 14:00:00,https://www.youtube.com/watch?v=kY2armlb2os
/et/202106031000,2021-06-03 10:00:00,https://www.youtube.com/watch?v=EOxGJsbiWDw
/et/202106071500,2021-06-07 15:00:00,https://www.youtube.com/watch?v=zVqguU0CO34
/et/202106081000,2021-06-08 10:00:00,https://www.youtube.com/watch?v=rXQza6sSAQM
/et/202106091200,2021-06-09 12:00:00,https://www.youtube.com/watch?v=7v-Qp0Q5XVA
/et/202106091400,2021-06-09 14:00:00,https://www.youtube.com/watch?v=oA1SYCBcsWI
/et/202106091400,2021-06-09 14:00:00,https://www.youtube.com/watch?v=GvvXrZfVBoQ
/et/202106101000,2021-06-10 10:00:00,https://www.youtube.com/watch?v=H-wIhRPWZkE
/et/202106120900,2021-06-12 09:00:00,https://www.youtube.com/watch?v=XexaRuacGTI
/et/202106131000,2021-06-13 10:00:00,https://www.youtube.com/watch?v=CaVUdro5Nbc
/et/202106131000,2021-06-13 10:00:00,https://www.youtube.com/watch?v=4dPLafve5jk
/et/202106141500,2021-06-14 15:00:00,https://www.youtube.com/watch?v=XgLm-unszzw
/et/202106151000,2021-06-15 10:00:00,https://www.youtube.com/watch?v=hDRNKfVrtm0
/et/202106161200,2021-06-16 12:00:00,https://www.youtube.com/watch?v=DWlwCo7yAxE
/et/202106161400,2021-06-16 14:00:00,https://www.youtube.com/watch?v=Q7mSbUW96sI
/et/202106161400,2021-06-16 14:00:00,https://www.youtube.com/watch?v=EEBZ7jxansk
/et/202106171000,2021-06-17 10:00:00,https://www.youtube.com/watch?v=StTo1NgIoCE
/et/202108201200,2021-08-20 12:00:00,
/et/202108301300,2021-08-30 13:00:00,https://www.youtube.com/watch?v=Vr_zZ8bLQSQ
/et/202108311200,2021-08-31 12:00:00,https://www.youtube.com/watch?v=xyLosdeO6ro
/et/202109131500,2021-09-13 15:00:00,https://www.youtube.com/watch?v=moK-a1GS6-M
/et/202109141000,2021-09-14 10:00:00,https://www.youtube.com/watch?v=UAHKHT1AucY
/et/202109151200,2021-09-15 12:00:00,https://www.youtube.com/watch?v=thGjMwwX-L8
/et/202109151400,2021-09-15 14:00:00,https://www.youtube.com/watch?v=buzCQN0SFbw
/et/202109161000,2021-09-16 10:00:00,https://www.youtube.com/watch?v=_1GENOaKYok
/et/202109201500,2021-09-20 15:00:00,https://www.youtube.com/watch?v=YGfK8K7dm9Q
/et/202109211000,2021-09-21 10:00:00,https://www.youtube.com/watch?v=mzCerMGxKsA
/et/202109221200,2021-09-22 12:00:00,https://www.youtube.com/watch?v=aZcePbP75IA
/et/202109221400,2021-09-22 14:00:00,https://www.youtube.com/watch?v=jhpF1Ji_U-A
/et/202109231000,2021-09-23 10:00:00,https://www.youtube.com/watch?v=9LUjvu-9vH0
/et/202109271500,2021-09-27 15:00:00,https://www.youtube.com/watch?v=RfLmNCqj47I
/et/202109281000,2021-09-28 10:00:00,
/et/202109291200,2021-09-29 12:00:00,https://www.youtube.com/watch?v=l4g6nv2wORw
/et/202109291400,2021-09-29 14:00:00,https://www.youtube.com/watch?v=fwTK9m0XnHM
/et/202109301000,2021-09-30 10:00:00,https://www.youtube.com/watch?v=i-M0F4EP3-I
/et/202110111500,2021-10-11 15:00:00,https://www.youtube.com/watch?v=Ba-bo5wxiyU
/et/202110121001,2021-10-12 10:01:00,https://www.youtube.com/watch?v=-T6_VSooeeo
/et/202110131200,2021-10-13 12:00:00,https://www.youtube.com/watch?v=RaLNsLr3-pU
/et/202110131400,2021-10-13 14:00:00,https://www.youtube.com/watch?v=ZIwDaVlHtO8
/et/202110141000,2021-10-14 10:00:00,https://www.youtube.com/watch?v=sdjL3x_RkSQ
/et/202110181500,2021-10-18 15:00:00,https://www.youtube.com/watch?v=owLERIcOEwo
/et/202110191000,2021-10-19 10:00:00,https://www.youtube.com/watch?v=qAySH26dpfs
/et/202110201200,2021-10-20 12:00:00,https://www.youtube.com/watch?v=gas6ylFaVVA
/et/202110201400,2021-10-20 14:00:00,https://www.youtube.com/watch?v=0up-nITZWz8
/et/202110211000,2021-10-21 10:00:00,https://www.youtube.com/watch?v=DvNHwTCgrbw
/et/202110251500,2021-10-25 15:00:00,https://www.youtube.com/watch?v=hVFA915xQu0
/et/202110261000,2021-10-26 10:00:00,https://www.youtube.com/watch?v=EPgipt9OWMw
/et/202110271200,2021-10-27 12:00:00,https://www.youtube.com/watch?v=2qtuGL9AXsY
/et/202110271400,2021-10-27 14:00:00,https://www.youtube.com/watch?v=olwaPIY3SbA
/et/202110281000,2021-10-28 10:00:00,https://www.youtube.com/watch?v=N8qAvHwkxgY
/et/202111081500,2021-11-08 15:00:00,
/et/202111091000,2021-11-09 10:00:00,https://www.youtube.com/watch?v=MC8-aJ76O78
/et/202111101200,2021-11-10 12:00:00,https://www.youtube.com/watch?v=kPt24TxdiPI
/et/202111101400,2021-11-10 14:00:00,https://www.youtube.com/watch?v=r6L57HJZlRI
/et/202111111000,2021-11-11 10:00:00,
/et/202111151500,2021-11-15 15:00:00,https://www.youtube.com/watch?v=wilmA9FRnQM
/et/202111161000,2021-11-16 10:00:00,https://www.youtube.com/watch?v=WANwq3fcnnw
/et/202111171200,2021-11-17 12:00:00,https://www.youtube.com/watch?v=JKvVTsNV568
/et/202111171400,2021-11-17 14:00:00,https://www.youtube.com/watch?v=GZuwxrusWRQ
/et/202111181000,2021-11-18 10:00:00,https://www.youtube.com/watch?v=KkKpL-aECmE
/et/202111221500,2021-11-22 15:00:00,https://www.youtube.com/watch?v=FJpDOnhp7X4
/et/202111231000,2021-11-23 10:00:00,https://www.youtube.com/watch?v=8LpWr3ys8-Q
/et/202111241200,2021-11-24 12:00:00,
/et/202111241400,2021-11-24 14:00:00,
/et/202111251000,2021-11-25 10:00:00,https://www.youtube.com/watch?v=iIG87oj4b6Q
/et/202112061500,2021-12-06 15:00:00,https://www.youtube.com/watch?v=cuw85Xy3aa0
/et/202112071000,2021-12-07 10:00:00,
/et/202112081200,2021-12-08 12:00:00,https://www.youtube.com/watch?v=YpeyhTrKkBE
/et/202112081400,2021-12-08 14:00:00,https://www.youtube.com/watch?v=ejVbrzc_29s
/et/202112091000,2021-12-09 10:00:00,https://www.youtube.com/watch?v=FqP5xjcqls0
/et/202112131500,2021-12-13 15:00:00,https://www.youtube.com/watch?v=L3ohKKEiDko
/et/202112141000,2021-12-14 10:00:00,https://www.youtube.com/watch?v=Bzp3_YUipSo
/et/202112151200,2021-12-15 12:00:00,https://www.youtube.com/watch?v=UfgQJgfzXYs
/et/202112151400,2021-12-15 14:00:00,https://www.youtube.com/watch?v=zDJHyLtXudk
/et/202112161000,2021-12-16 10:00:00,https://www.youtube.com/watch?v=2Pwfy9tMqT8
/et/202201101500,2022-01-10 15:00:00,https://www.youtube.com/watch?v=5iIiEw234bY
/et/202201111000,2022-01-11 10:00:00,https://www.youtube.com/watch?v=PNF1hRUsli0
/et/202201121200,2022-01-12 12:00:00,https://www.youtube.com/watch?v=XR34nEPl-bg
/et/202201121400,2022-01-12 14:00:00,https://www.youtube.com/watch?v=JwRrJA8UFXw
/et/202201131000,2022-01-13 10:00:00,
/et/202201171500,2022-01-17 15:00:00,https://www.youtube.com/watch?v=HYe8YT18uXs
/et/202201181000,2022-01-18 10:00:00,https://www.youtube.com/watch?v=IhyHipw6tXw
/et/202201191200,2022-01-19 12:00:00,https://www.youtube.com/watch?v=gX0pQ_AQLg8
/et/202201191400,2022-01-19 14:00:00,https://www.youtube.com/watch?v=oiUedKVChLU
/et/202201201000,2022-01-20 10:00:00,https://www.youtube.com/watch?v=2gMykBfbKBE
/et/202201241500,2022-01-24 15:00:00,https://www.youtube.com/watch?v=WqWQxrEdn1A
/et/202201251000,2022-01-25 10:00:00,https://www.youtube.com/watch?v=MX1NQNIvh9E
/et/202201261200,2022-01-26 12:00:00,https://www.youtube.com/watch?v=RB1cr2wZDRE
/et/202201261400,2022-01-26 14:00:00,https://www.youtube.com/watch?v=NaUkGTYFAVg
/et/202201261400,2022-01-26 14:00:00,https://www.youtube.com/watch?v=Qn_LrrAlT90
/et/202201271000,2022-01-27 10:00:00,https://www.youtube.com/watch?v=3tXByCYFWw4
/et/202202071500,2022-02-07 15:00:00,https://www.youtube.com/watch?v=Ug6M-WA32lA
/et/202202081000,2022-02-08 10:00:00,https://www.youtube.com/watch?v=3alCSqKZrvY
/et/202202091200,2022-02-09 12:00:00,https://www.youtube.com/watch?v=d7gzVlP7udA
/et/202202091400,2022-02-09 14:00:00,https://www.youtube.com/watch?v=DSgJLUWlsyI
/et/202202101000,2022-02-10 10:00:00,https://www.youtube.com/watch?v=RWT7If637tY
/et/202202141500,2022-02-14 15:00:00,https://www.youtube.com/watch?v=NwoHeHOz25Y
/et/202202151000,2022-02-15 10:00:00,https://www.youtube.com/watch?v=IEv9z5y_apc
/et/202202161200,2022-02-16 12:00:00,https://www.youtube.com/watch?v=Ot0SvQj_GwI
/et/202202161400,2022-02-16 14:00:00,https://www.youtube.com/watch?v=7-yeH41tj2s
/et/202202171000,2022-02-17 10:00:00,https://www.youtube.com/watch?v=aCWUJ7uO-YM
/et/202202211500,2022-02-21 15:00:00,https://www.youtube.com/watch?v=h1gX8Yz4pAk
/et/202202221000,2022-02-22 10:00:00,https://www.youtube.com/watch?v=qnrtqwZiPUk
/et/202202231200,2022-02-23 12:00:00,https://www.youtube.com/watch?v=pU4OMOR8MNM
/et/202202231400,2022-02-23 14:00:00,https://www.youtube.com/watch?v=ADUQxwQMuFQ
/et/202202231922,2022-02-23 19:22:00,https://www.youtube.com/watch?v=E4kIyK0ZRoc
/et/202203011000,2022-03-01 10:00:00,https://www.youtube.com/watch?v=2ztBc5LGlHs
/et/202203071500,2022-03-07 15:00:00,https://www.youtube.com/watch?v=u-sJuILp5d0
/et/202203081000,2022-03-08 10:00:00,https://www.youtube.com/watch?v=7pT4fdyMhjA
/et/202203091200,2022-03-09 12:00:00,https://www.youtube.com/watch?v=XNh_u_PgXBQ
/et/202203091400,2022-03-09 14:00:00,https://www.youtube.com/watch?v=PJ186ebQEME
/et/202203101000,2022-03-10 10:00:00,https://www.youtube.com/watch?v=uB0DFMoZSK8
/et/202203141500,2022-03-14 15:00:00,https://www.youtube.com/watch?v=gqmi7AdGqYA
/et/202203151000,2022-03-15 10:00:00,https://www.youtube.com/watch?v=lgj6_1-wiqo
/et/202203161200,2022-03-16 12:00:00,https://www.youtube.com/watch?v=j1QTCiWJ6Hw
/et/202203161400,2022-03-16 14:00:00,https://www.youtube.com/watch?v=Gc5CrQ2TbGU
/et/202203171000,2022-03-17 10:00:00,
/et/202203211500,2022-03-21 15:00:00,https://www.youtube.com/watch?v=8Ndim7Lm6b0
/et/202203221000,2022-03-22 10:00:00,https://www.youtube.com/watch?v=Z7dfSHvoka4
/et/202203231200,2022-03-23 12:00:00,https://www.youtube.com/watch?v=kiNsmt4wIGc
/et/202203231400,2022-03-23 14:00:00,https://www.youtube.com/watch?v=rFIXZB087KY
/et/202203231400,2022-03-23 14:00:00,https://www.youtube.com/watch?v=F0-4OtkZLOY
/et/202203241000,2022-03-24 10:00:00,https://www.youtube.com/watch?v=J-7DcWqNcJg
/et/202204041500,2022-04-04 15:00:00,https://www.youtube.com/watch?v=OlozJ4XlAJA
/et/202204051000,2022-04-05 10:00:00,https://www.youtube.com/watch?v=yZRsnzNX2I4
/et/202204061200,2022-04-06 12:00:00,https://www.youtube.com/watch?v=fvRKjuJ_8HE
/et/202204061400,2022-04-06 14:00:00,https://www.youtube.com/watch?v=kGe6q90o4oc
/et/202204071000,2022-04-07 10:00:00,https://www.youtube.com/watch?v=ud_R132khxI
/et/202204111500,2022-04-11 15:00:00,https://www.youtube.com/watch?v=jJ0VupWZGhg
/et/202204121000,2022-04-12 10:00:00,https://www.youtube.com/watch?v=VwPA4ZDwD_8
/et/202204131200,2022-04-13 12:00:00,
/et/202204131230,2022-04-13 12:30:00,https://www.youtube.com/watch?v=Ok4YYPRPWRI
/et/202204131400,2022-04-13 14:00:00,https://www.youtube.com/watch?v=bfihr3282ow
/et/202204131400,2022-04-13 14:00:00,https://www.youtube.com/watch?v=2IfjQXlcbIs
/et/202204141000,2022-04-14 10:00:00,
/et/202204181500,2022-04-18 15:00:00,https://www.youtube.com/watch?v=JewYY0Pn1mA
/et/202204191000,2022-04-19 10:00:00,https://www.youtube.com/watch?v=bzszROMK8EQ
/et/202204201200,2022-04-20 12:00:00,https://www.youtube.com/watch?v=JNCsVqmsXZI
/et/202204201400,2022-04-20 14:00:00,https://www.youtube.com/watch?v=MfgzluqB230
/et/202204211000,2022-04-21 10:00:00,https://www.youtube.com/watch?v=1NxP9Ln7_uY
/et/202204211143,2022-04-21 11:43:00,https://www.youtube.com/watch?v=06tmBhdCDAk
/et/202205021500,2022-05-02 15:00:00,https://www.youtube.com/watch?v=KG-OISDYn0I
/et/202205031000,2022-05-03 10:00:00,https://www.youtube.com/watch?v=4clE_x-nTBw
/et/202205041200,2022-05-04 12:00:00,https://www.youtube.com/watch?v=dY64E6q7SOQ
/et/202205041400,2022-05-04 14:00:00,https://www.youtube.com/watch?v=ioDRO8FWMkY
/et/202205041700,2022-05-04 17:00:00,https://www.youtube.com/watch?v=owShlViN528
/et/202205051000,2022-05-05 10:00:00,https://www.youtube.com/watch?v=CgJ9FuauPJE
/et/202205091500,2022-05-09 15:00:00,https://www.youtube.com/watch?v=VQrZFYGkzIM
/et/202205101000,2022-05-10 10:00:00,https://www.youtube.com/watch?v=8MeZgB2xx3U
/et/202205111200,2022-05-11 12:00:00,https://www.youtube.com/watch?v=uFkJIHZ73KM
/et/202205111400,2022-05-11 14:00:00,https://www.youtube.com/watch?v=y1FZMnOolro
/et/202205121000,2022-05-12 10:00:00,https://www.youtube.com/watch?v=t0F5vhc9mVw
/et/202205161500,2022-05-16 15:00:00,https://www.youtube.com/watch?v=acQzIY4DSWE
/et/202205171000,2022-05-17 10:00:00,https://www.youtube.com/watch?v=bfGtoSoY-KY
/et/202205181200,2022-05-18 12:00:00,https://www.youtube.com/watch?v=l02N7awTYig
/et/202205181400,2022-05-18 14:00:00,https://www.youtube.com/watch?v=YFtD5a0bhZw
/et/202205181400,2022-05-18 14:00:00,https://www.youtube.com/watch?v=Csj5B9njYh0
/et/202205191000,2022-05-19 10:00:00,https://www.youtube.com/watch?v=Yc_tUACAVDw
/et/202205301500,2022-05-30 15:00:00,https://www.youtube.com/watch?v=xMaQfDCKcFM
/et/202205311000,2022-05-31 10:00:00,https://www.youtube.com/watch?v=O6vjR7lrWUs
/et/202206011200,2022-06-01 12:00:00,https://www.youtube.com/watch?v=juMSrg8rP5k
/et/202206011400,2022-06-01 14:00:00,https://www.youtube.com/watch?v=1lJiuiSbhfY
/et/202206021000,2022-06-02 10:00:00,https://www.youtube.com/watch?v=lLLBIw8R3ss
/et/202206061500,2022-06-06 15:00:00,https://www.youtube.com/watch?v=IiHoaXCjkyc
/et/202206071000,2022-06-07 10:00:00,https://www.youtube.com/watch?v=9GVWuieb6MU
/et/202206081200,2022-06-08 12:00:00,https://www.youtube.com/watch?v=nepNeQNmPXo
/et/202206081400,2022-06-08 14:00:00,https://www.youtube.com/watch?v=zfS7XPdDgdU
/et/202206091000,2022-06-09 10:00:00,https://www.youtube.com/watch?v=aLMdTgjOmdM
/et/202206131500,2022-06-13 15:00:00,https://www.youtube.com/watch?v=Vqb5UIAfhHQ
/et/202206141000,2022-06-14 10:00:00,https://www.youtube.com/watch?v=PjKAk-tTZqQ
/et/202206151200,2022-06-15 12:00:00,https://www.youtube.com/watch?v=PF0xHwPccNc
/et/202206151400,2022-06-15 14:00:00,https://www.youtube.com/watch?v=GExHEGk8IYU
/et/202206161000,2022-06-16 10:00:00,https://www.youtube.com/watch?v=-7E-C73qJYM
/et/202206161045,2022-06-16 10:45:00,https://www.youtube.com/watch?v=6jknhH9z_pQ
/et/202206170900,2022-06-17 09:00:00,
/et/202207061200,2022-07-06 12:00:00,https://www.youtube.com/watch?v=i-fSQGELAHQ
/et/202207061530,2022-07-06 15:30:00,
/et/202207150900,2022-07-15 09:00:00,https://www.youtube.com/watch?v=UnSXQuzLCQo
/et/202207151007,2022-07-15 10:07:00,https://www.youtube.com/watch?v=iMObPjgogiY
/et/202207181500,2022-07-18 15:00:00,https://www.youtube.com/watch?v=ABioF5yc6Ug
/et/202207190900,2022-07-19 09:00:00,https://www.youtube.com/watch?v=1RmdkkHegN0
/et/202208311600,2022-08-31 16:00:00,https://www.youtube.com/watch?v=dCZ_JLWAw88
/et/202209121500,2022-09-12 15:00:00,https://www.youtube.com/watch?v=IcrFR-k8RsM
/et/202209131000,2022-09-13 10:00:00,https://www.youtube.com/watch?v=eBav4_EuP9s
/et/202209141200,2022-09-14 12:00:00,https://www.youtube.com/watch?v=HrD3oFXqRYQ
/et/202209141400,2022-09-14 14:00:00,https://www.youtube.com/watch?v=z7Sdvq1_FbQ
/et/202209151000,2022-09-15 10:00:00,https://www.youtube.com/watch?v=l9vLTft2AvQ
/et/202209191500,2022-09-19 15:00:00,https://www.youtube.com/watch?v=0-BkiMgGU9w
/et/202209201000,2022-09-20 10:00:00,https://www.youtube.com/watch?v=dfzjR0lbLNU
/et/202209211200,2022-09-21 12:00:00,https://www.youtube.com/watch?v=9KMD1XbjS0Y
/et/202209211400,2022-09-21 14:00:00,https://www.youtube.com/watch?v=FDwwCnLvD1w
/et/202209221000,2022-09-22 10:00:00,https://www.youtube.com/watch?v=EnG5flBzFVQ
/et/202209261500,2022-09-26 15:00:00,https://www.youtube.com/watch?v=kEKLPJqLD3U
/et/202209271000,2022-09-27 10:00:00,https://www.youtube.com/watch?v=4zdDZpC4F4w
/et/202209281200,2022-09-28 12:00:00,https://www.youtube.com/watch?v=XPn4Kfov_wU
/et/202209281400,2022-09-28 14:00:00,https://www.youtube.com/watch?v=fiH9djENbaE
/et/202209291000,2022-09-29 10:00:00,https://www.youtube.com/watch?v=F9JO7QEYCAY
/et/202210101500,2022-10-10 15:00:00,https://www.youtube.com/watch?v=JD1x3hCvLGw
/et/202210111000,2022-10-11 10:00:00,https://www.youtube.com/watch?v=PGZmsa6tMx0
/et/202210121200,2022-10-12 12:00:00,https://www.youtube.com/watch?v=5jsyXZZcDDE
/et/202210121400,2022-10-12 14:00:00,https://www.youtube.com/watch?v=K5NiiAGueak
/et/202210131000,2022-10-13 10:00:00,https://www.youtube.com/watch?v=mwKQi2yZHM0
/et/202210171500,2022-10-17 15:00:00,https://www.youtube.com/watch?v=rWHqjdxLVlw
/et/202210181000,2022-10-18 10:00:00,https://www.youtube.com/watch?v=V0wUSiwX4KI
/et/202210191200,2022-10-19 12:00:00,https://www.youtube.com/watch?v=g42eZnwbfzs
/et/202210191400,2022-10-19 14:00:00,https://www.youtube.com/watch?v=sKrjvnx3L8w
/et/202210201000,2022-10-20 10:00:00,https://www.youtube.com/watch?v=3p6c-ev5J9g
/et/202210241500,2022-10-24 15:00:00,https://www.youtube.com/watch?v=hbnJPrFsivI
/et/202210251000,2022-10-25 10:00:00,https://www.youtube.com/watch?v=1muK1MrZwx4
/et/202210261200,2022-10-26 12:00:00,https://www.youtube.com/watch?v=fsS30ex-ufQ
/et/202210261400,2022-10-26 14:00:00,https://www.youtube.com/watch?v=v3yMQrm_adU
/et/202210271000,2022-10-27 10:00:00,https://www.youtube.com/watch?v=3dmfcdk00UQ
/et/202211071500,2022-11-07 15:00:00,https://www.youtube.com/watch?v=LUQ4TMOFZdA
/et/202211081000,2022-11-08 10:00:00,https://www.youtube.com/watch?v=JllclLnV80o
/et/202211091200,2022-11-09 12:00:00,https://www.youtube.com/watch?v=7BNYx2tTZpI
/et/202211091400,2022-11-09 14:00:00,https://www.youtube.com/watch?v=I4psYiA-Mig
/et/202211101000,2022-11-10 10:00:00,https://www.youtube.com/watch?v=fquavXaCL3M
/et/202211141500,2022-11-14 15:00:00,https://www.youtube.com/watch?v=WMyNRmTlogE
/et/202211151000,2022-11-15 10:00:00,https://www.youtube.com/watch?v=IG1H20MAxhM
/et/202211161200,2022-11-16 12:00:00,https://www.youtube.com/watch?v=W_HgldWxsng
/et/202211161400,2022-11-16 14:00:00,https://www.youtube.com/watch?v=DWNv2adnx5E
/et/202211171000,2022-11-17 10:00:00,https://www.youtube.com/watch?v=mzykaSRQE4k
/et/202211211500,2022-11-21 15:00:00,https://www.youtube.com/watch?v=ZFNHffh8NJk
/et/202211221000,2022-11-22 10:00:00,https://www.youtube.com/watch?v=5HFnZ3qnVAg
/et/202211231200,2022-11-23 12:00:00,https://www.youtube.com/watch?v=QRVs6-b9HqQ
/et/202211231400,2022-11-23 14:00:00,https://www.youtube.com/watch?v=Ad2cqQLcYz8
/et/202211241000,2022-11-24 10:00:00,https://www.youtube.com/watch?v=1ed0SMEUmns
/et/202212051500,2022-12-05 15:00:00,https://www.youtube.com/watch?v=DOyGWiYJG-k
/et/202212061000,2022-12-06 10:00:00,https://www.youtube.com/watch?v=7iLtg6InT_s
/et/202212071200,2022-12-07 12:00:00,https://www.youtube.com/watch?v=bWYTOxmHYtE
/et/202212071400,2022-12-07 14:00:00,https://www.youtube.com/watch?v=fNDZJle3Xx4
/et/202212081000,2022-12-08 10:00:00,https://www.youtube.com/watch?v=ghdH1hdONcQ
/et/202212121500,2022-12-12 15:00:00,https://www.youtube.com/watch?v=V5KCxXLAVyc
/et/202212131000,2022-12-13 10:00:00,https://www.youtube.com/watch?v=oukCMmyzSvk
/et/202212141200,2022-12-14 12:00:00,https://www.youtube.com/watch?v=RhisS3-8ogw
/et/202212141400,2022-12-14 14:00:00,https://www.youtube.com/watch?v=xker_lBOjl8
/et/202212151000,2022-12-15 10:00:00,https://www.youtube.com/watch?v=Wxpvs5IFpn4
/et/202212280900,2022-12-28 09:00:00,https://www.youtube.com/watch?v=s7EysRyCEKM
/et/202212281100,2022-12-28 11:00:00,https://www.youtube.com/watch?v=ojXYg50HEPU
/et/202212281228,2022-12-28 12:28:00,https://www.youtube.com/watch?v=lAoe_GuUW-g
/et/202212281435,2022-12-28 14:35:00,https://www.youtube.com/watch?v=qIJ7OQKH6qA
/et/202212281623,2022-12-28 16:23:00,
/et/202301091500,2023-01-09 15:00:00,https://www.youtube.com/watch?v=FBVBcxDWztA
/et/202301101000,2023-01-10 10:00:00,https://www.youtube.com/watch?v=VSFIMVBmXLI
/et/202301111200,2023-01-11 12:00:00,https://www.youtube.com/watch?v=Zk2imR4oiEk
/et/202301111400,2023-01-11 14:00:00,https://www.youtube.com/watch?v=xZzk31uR20o
/et/202301121000,2023-01-12 10:00:00,https://www.youtube.com/watch?v=oCEsf196T8g
/et/202301161500,2023-01-16 15:00:00,https://www.youtube.com/watch?v=mSUNrWxgEc0
/et/202301171000,2023-01-17 10:00:00,https://www.youtube.com/watch?v=uEokOwjCnCk
/et/202301181200,2023-01-18 12:00:00,https://www.youtube.com/watch?v=xwz_e7UyUHo
/et/202301181400,2023-01-18 14:00:00,https://www.youtube.com/watch?v=rM98XlT7a4s
/et/202301191000,2023-01-19 10:00:00,https://www.youtube.com/watch?v=ZLegwkN8Fwo
/et/202301231500,2023-01-23 15:00:00,https://www.youtube.com/watch?v=I0HawMQiEdg
/et/202301241000,2023-01-24 10:00:00,https://www.youtube.com/watch?v=jXfGYGxcBT0
/et/202301251200,2023-01-25 12:00:00,https://www.youtube.com/watch?v=UG7s6vIqRdc
/et/202301251400,2023-01-25 14:00:00,https://www.youtube.com/watch?v=b78niJM5nd4
/et/202301261000,2023-01-26 10:00:00,https://www.youtube.com/watch?v=TeY95yr6d_s
/et/202302061500,2023-02-06 15:00:00,https://www.youtube.com/watch?v=Wd0XcPf90dY
/et/202302071000,2023-02-07 10:00:00,https://www.youtube.com/watch?v=RdsLjqLgR-4
/et/202302081200,2023-02-08 12:00:00,https://www.youtube.com/watch?v=S8GpxBju4_w
/et/202302081400,2023-02-08 14:00:00,https://www.youtube.com/watch?v=5XYqD1wxJwc
/et/202302091000,2023-02-09 10:00:00,https://www.youtube.com/watch?v=zoPyogWdPLo
/et/202302131500,2023-02-13 15:00:00,https://www.youtube.com/watch?v=QsQCsRgxJYk
/et/202302141000,2023-02-14 10:00:00,https://www.youtube.com/watch?v=zcVHztwxbhU
/et/202302151200,2023-02-15 12:00:00,https://www.youtube.com/watch?v=dAN_0Y0BEmM
/et/202302151400,2023-02-15 14:00:00,https://www.youtube.com/watch?v=um-sGLA7aWg
/et/202302161000,2023-02-16 10:00:00,https://www.youtube.com/watch?v=nyKzPXyLezw
/et/202302201500,2023-02-20 15:00:00,https://www.youtube.com/watch?v=Li_fH3kAdlI
/et/202302211000,2023-02-21 10:00:00,https://www.youtube.com/watch?v=0wNptPbK6b0
/et/202302221200,2023-02-22 12:00:00,https://www.youtube.com/watch?v=5gAs8TPyjbA
/et/202302221400,2023-02-22 14:00:00,https://www.youtube.com/watch?v=AeqDmT48_Ss
/et/202302231000,2023-02-23 10:00:00,
/et/202304101400,2023-04-10 14:00:00,https://www.youtube.com/watch?v=x3Meb-_7K8A
/et/202304111000,2023-04-11 10:00:00,https://www.youtube.com/watch?v=HnPgbtAF00g
/et/202304121400,2023-04-12 14:00:00,https://www.youtube.com/watch?v=I4e5-jaf_2M
/et/202304131000,2023-04-13 10:00:00,
/et/202304171500,2023-04-17 15:00:00,https://www.youtube.com/watch?v=ou0tvuRRSxo
/et/202304181000,2023-04-18 10:00:00,https://www.youtube.com/watch?v=g2tIe-reujw
/et/202304191200,2023-04-19 12:00:00,https://www.youtube.com/watch?v=xLLy1puYcNM
/et/202304191400,2023-04-19 14:00:00,https://www.youtube.com/watch?v=CZRDiKBPPnI
/et/202304201000,2023-04-20 10:00:00,
/et/202304241500,2023-04-24 15:00:00,https://www.youtube.com/watch?v=bkB7PGU6mhg
/et/202304251000,2023-04-25 10:00:00,
/et/202304261200,2023-04-26 12:00:00,https://www.youtube.com/watch?v=m9UJhvQh4Cs
/et/202304261400,2023-04-26 14:00:00,
/et/202304271000,2023-04-27 10:00:00,https://www.youtube.com/watch?v=6mBYUJQfft8
/et/202305081500,2023-05-08 15:00:00,
/et/202305091000,2023-05-09 10:00:00,
/et/202305101200,2023-05-10 12:00:00,https://www.youtube.com/watch?v=oJe9jzAC790
/et/202305101400,2023-05-10 14:00:00,
/et/202305111000,2023-05-11 10:00:00,
/et/202305121500,2023-05-12 15:00:00,
/et/202305151500,2023-05-15 15:00:00,
/et/202305161000,2023-05-16 10:00:00,https://www.youtube.com/watch?v=pAPAPgjMGCo
/et/202305171200,2023-05-17 12:00:00,https://www.youtube.com/watch?v=sk1HcSQX3jc
/et/202305171400,2023-05-17 14:00:00,https://www.youtube.com/watch?v=UrnjyrwMZ8Q
/et/202305181000,2023-05-18 10:00:00,https://www.youtube.com/watch?v=QzLNHORS5MI
/et/202305221500,2023-05-22 15:00:00,https://www.youtube.com/watch?v=U-pbxTf4R3c
/et/202305231000,2023-05-23 10:00:00,https://www.youtube.com/watch?v=kprjFOtepBo
/et/202305241200,2023-05-24 12:00:00,https://www.youtube.com/watch?v=dFhzgvMazV4
/et/202305241400,2023-05-24 14:00:00,https://www.youtube.com/watch?v=K-VQGrfMCdg
/et/202305251000,2023-05-25 10:00:00,https://www.youtube.com/watch?v=UqRFvCVfxTc
/et/202306051500,2023-06-05 15:00:00,https://www.youtube.com/watch?v=RkPSHLI2Wkc
/et/202306061000,2023-06-06 10:00:00,https://www.youtube.com/watch?v=Y-sK7hpq80A
/et/202306071200,2023-06-07 12:00:00,https://www.youtube.com/watch?v=9c2AVESblGY
/et/202306071400,2023-06-07 14:00:00,https://www.youtube.com/watch?v=9bn3N1tXvug
/et/202306081000,2023-06-08 10:00:00,https://www.youtube.com/watch?v=NuOMrmuxqFo
/et/202306121500,2023-06-12 15:00:00,https://www.youtube.com/watch?v=grFY-lVeHhU
/et/202306131000,2023-06-13 10:00:00,https://www.youtube.com/watch?v=BOEfkVczuVU
/et/202306141200,2023-06-14 12:00:00,https://www.youtube.com/watch?v=p9x1xnMppnc
/et/202306141400,2023-06-14 14:00:00,https://www.youtube.com/watch?v=ifpsY9ficpE
/et/202306141400,2023-06-14 14:00:00,https://www.youtube.com/watch?v=WpSWOGaTUto
/et/202306151000,2023-06-15 10:00:00,https://www.youtube.com/watch?v=afOa7ok3ibU
/et/202306191000,2023-06-19 10:00:00,https://www.youtube.com/watch?v=CV5CrAinmIY
/et/202306191000,2023-06-19 10:00:00,https://www.youtube.com/watch?v=OxbaNIPtGSg
/et/202306191000,2023-06-19 10:00:00,https://www.youtube.com/watch?v=SKi6ymtVn7s
/et/202306201340,2023-06-20 13:40:00,https://www.youtube.com/watch?v=zwe3hjQWtv0
/et/202309111500,2023-09-11 15:00:00,https://www.youtube.com/watch?v=tQ11rR1f0io
/et/202309121000,2023-09-12 10:00:00,https://www.youtube.com/watch?v=qv6pHT046kM
/et/202309131200,2023-09-13 12:00:00,https://www.youtube.com/watch?v=04YuoP-YBjk
/et/202309131400,2023-09-13 14:00:00,https://www.youtube.com/watch?v=dMBpP4I4GLE
/et/202309141000,2023-09-14 10:00:00,https://www.youtube.com/watch?v=D6YuOZML1pA
/et/202309181500,2023-09-18 15:00:00,https://www.youtube.com/watch?v=RKzUV8QkySM
/et/202309191000,2023-09-19 10:00:00,https://www.youtube.com/watch?v=scA39kV9UQc
/et/202309201200,2023-09-20 12:00:00,https://www.youtube.com/watch?v=bJSLK4GPd_E
/et/202309201400,2023-09-20 14:00:00,https://www.youtube.com/watch?v=NSzn_0ReUQ8
/et/202309211000,2023-09-21 10:00:00,https://www.youtube.com/watch?v=tgCWDkgfJ6s
/et/202309251500,2023-09-25 15:00:00,https://www.youtube.com/watch?v=W62rTe_lpYE
/et/202309261000,2023-09-26 10:00:00,https://www.youtube.com/watch?v=T42HL105mzo
/et/202309271200,2023-09-27 12:00:00,https://www.youtube.com/watch?v=7miTzSGalac
/et/202309271400,2023-09-27 14:00:00,https://www.youtube.com/watch?v=nRNDxE-oyy8
/et/202309281000,2023-09-28 10:00:00,https://www.youtube.com/watch?v=LiJAg0e7eU0
/et/202310091500,2023-10-09 15:00:00,https://www.youtube.com/watch?v=cMrvkezHc-I
/et/202310101000,2023-10-10 10:00:00,https://www.youtube.com/watch?v=ijKrEJZpk6w
/et/202310111200,2023-10-11 12:00:00,https://www.youtube.com/watch?v=B1ur5O2m6uA
/et/202310111400,2023-10-11 14:00:00,
/et/202310121000,2023-10-12 10:00:00,https://www.youtube.com/watch?v=dqsweKiM06w
/et/202310161500,2023-10-16 15:00:00,https://www.youtube.com/watch?v=lXufeDwBeWI
/et/202310171000,2023-10-17 10:00:00,https://www.youtube.com/watch?v=rDClGsvX7j8
/et/202310181200,2023-10-18 12:00:00,https://www.youtube.com/watch?v=YJKJ0UFaJxE
/et/202310181400,2023-10-18 14:00:00,https://www.youtube.com/watch?v=3jsZFsZcTes
/et/202310181400,2023-10-18 14:00:00,https://www.youtube.com/watch?v=IWN7AtmsZcs
/et/202310191000,2023-10-19 10:00:00,https://www.youtube.com/watch?v=OtPLrRCdXQU
/et/202310231500,2023-10-23 15:00:00,https://www.youtube.com/watch?v=cHRVWpMyQQI
/et/202310241000,2023-10-24 10:00:00,https://www.youtube.com/watch?v=6vbbPI2gaW8
/et/202310251200,2023-10-25 12:00:00,https://www.youtube.com/watch?v=WgCxiK8jX0g
/et/202310251400,2023-10-25 14:00:00,https://www.youtube.com/watch?v=RPzR_oJrmxE
/et/202310261000,2023-10-26 10:00:00,https://www.youtube.com/watch?v=daTTI_4L7N0
/et/202311061500,2023-11-06 15:00:00,https://www.youtube.com/watch?v=IjOzOEt8hVo
/et/202311071000,2023-11-07 10:00:00,https://www.youtube.com/watch?v=sgcDi2a-rok
/et/202311081200,2023-11-08 12:00:00,
/et/202311081400,2023-11-08 14:00:00,https://www.youtube.com/watch?v=wEoJN2o_LY4
/et/202311081400,2023-11-08 14:00:00,https://www.youtube.com/watch?v=eZYZ76AMz4k
/et/202311091000,2023-11-09 10:00:00,https://www.youtube.com/watch?v=91iuaz-lgVA
/et/202311131500,2023-11-13 15:00:00,https://www.youtube.com/watch?v=lKiUvshXGg8
/et/202311141000,2023-11-14 10:00:00,https://www.youtube.com/watch?v=1J5U5T_5ic4
/et/202311151200,2023-11-15 12:00:00,https://www.youtube.com/watch?v=MQfzKlMiPws
/et/202311151400,2023-11-15 14:00:00,https://www.youtube.com/watch?v=qeccpS3AE2c
/et/202311161000,2023-11-16 10:00:00,https://www.youtube.com/watch?v=B4yL7nB5Zpc
/et/202311201500,2023-11-20 15:00:00,https://www.youtube.com/watch?v=WS01aqP6uhQ
/et/202311211000,2023-11-21 10:00:00,https://www.youtube.com/watch?v=rIRl51VENSY
/et/202311221200,2023-11-22 12:00:00,https://www.youtube.com/watch?v=vP0WyT-_f74
/et/202311221400,2023-11-22 14:00:00,https://www.youtube.com/watch?v=NdOJ7ExgR_E
/et/202311221400,2023-11-22 14:00:00,https://www.youtube.com/watch?v=el1AoJi98fs
/et/202311231000,2023-11-23 10:00:00,https://www.youtube.com/watch?v=WX7WWSwFZGI
/et/202312041500,2023-12-04 15:00:00,https://www.youtube.com/watch?v=Jbdj1a21Bsg
/et/202312051000,2023-12-05 10:00:00,https://www.youtube.com/watch?v=O9CyraWPYTs
/et/202312061200,2023-12-06 12:00:00,https://www.youtube.com/watch?v=Pk7UQ8ThY_g
/et/202312061400,2023-12-06 14:00:00,https://www.youtube.com/watch?v=NTeS2GAjDE4
/et/202312061400,2023-12-06 14:00:00,https://www.youtube.com/watch?v=bWOr8l4_LHw
/et/202312071000,2023-12-07 10:00:00,https://www.youtube.com/watch?v=U9mLxQWfDRM
/et/202312081100,2023-12-08 11:00:00,https://www.youtube.com/watch?v=QGND6z2nrrc
/et/202312111500,2023-12-11 15:00:00,https://www.youtube.com/watch?v=CT4RBswRWhY
/et/202312121000,2023-12-12 10:00:00,https://www.youtube.com/watch?v=S4Epm0GQHgI
/et/202312131200,2023-12-13 12:00:00,https://www.youtube.com/watch?v=pNQo-9GPIr8
/et/202312131400,2023-12-13 14:00:00,https://www.youtube.com/watch?v=Ifu6m6Yz5Ss
/et/202312141000,2023-12-14 10:00:00,https://www.youtube.com/watch?v=WwhqFoCReoA
/et/202312181500,2023-12-18 15:00:00,https://www.youtube.com/watch?v=hGXUCBG6bNc
/et/202312191000,2023-12-19 10:00:00,https://www.youtube.com/watch?v=L82E-SJN7YM
/et/202312201200,2023-12-20 12:00:00,https://www.youtube.com/watch?v=EixR93QDJ38
/et/202312201400,2023-12-20 14:00:00,https://www.youtube.com/watch?v=lIDWevDsCjo
/et/202312211000,2023-12-21 10:00:00,https://www.youtube.com/watch?v=n-yHqxtyxzM
/et/202401081500,2024-01-08 15:00:00,https://www.youtube.com/watch?v=kpezfKdYfqE
/et/202401091000,2024-01-09 10:00:00,https://www.youtube.com/watch?v=IcJGAV2dKjA
/et/202401101200,2024-01-10 12:00:00,https://www.youtube.com/watch?v=B3tN56zlaSQ
/et/202401101400,2024-01-10 14:00:00,https://www.youtube.com/watch?v=O07eW7gW8nA
/et/202401111000,2024-01-11 10:00:00,https://www.youtube.com/watch?v=F0DBP1MUjDM
/et/202401111400,2024-01-11 14:00:00,
/et/202401151500,2024-01-15 15:00:00,https://www.youtube.com/watch?v=6xqoHr_WMLE
/et/202401161000,2024-01-16 10:00:00,
/et/202401171200,2024-01-17 12:00:00,https://www.youtube.com/watch?v=iUYUG6jyJMk
/et/202401171400,2024-01-17 14:00:00,https://www.youtube.com/watch?v=YWkt0gr2jhw
/et/202401181000,2024-01-18 10:00:00,https://www.youtube.com/watch?v=OEqWQbpVM7U
/et/202401221500,2024-01-22 15:00:00,https://www.youtube.com/watch?v=mgwv_U9GOEQ
/et/202401231000,2024-01-23 10:00:00,https://www.youtube.com/watch?v=VeKC0iw7Kw4
/et/202401241200,2024-01-24 12:00:00,https://www.youtube.com/watch?v=j-WV5PHpdgw
/et/202401241400,2024-01-24 14:00:00,https://www.youtube.com/watch?v=YeDTMAOYzKs
/et/202401251000,2024-01-25 10:00:00,https://www.youtube.com/watch?v=W8sOdhVn2hk
/et/202402051500,2024-02-05 15:00:00,https://www.youtube.com/watch?v=ejUgzsYsCVc
/et/202402061000,2024-02-06 10:00:00,https://www.youtube.com/watch?v=9feIeG-xy68
/et/202402071200,2024-02-07 12:00:00,https://www.youtube.com/watch?v=oetSZWGTBZM
/et/202402071400,2024-02-07 14:00:00,https://www.youtube.com/watch?v=3-8pIt09qow
/et/202402081000,2024-02-08 10:00:00,https://www.youtube.com/watch?v=-pepnC5xobM
/et/202402121500,2024-02-12 15:00:00,https://www.youtube.com/watch?v=NubIg6M4t50
/et/202402131000,2024-02-13 10:00:00,https://www.youtube.com/watch?v=dNTu86UHtdA
/et/202402141200,2024-02-14 12:00:00,https://www.youtube.com/watch?v=BY7iaHFmlhU
/et/202402141400,2024-02-14 14:00:00,https://www.youtube.com/watch?v=kcPw7WK9TzA
/et/202402151000,2024-02-15 10:00:00,
/et/202402191500,2024-02-19 15:00:00,https://www.youtube.com/watch?v=B7x2fYCD5Uo
/et/202402201000,2024-02-20 10:00:00,https://www.youtube.com/watch?v=RsC5KhNpcYo
/et/202402211200,2024-02-21 12:00:00,
/et/202402211400,2024-02-21 14:00:00,https://www.youtube.com/watch?v=59u0oSN_0N8
/et/202402221000,2024-02-22 10:00:00,https://www.youtube.com/watch?v=Bfue021o-fM
/et/202403041500,2024-03-04 15:00:00,https://www.youtube.com/watch?v=2bj5Mw2vliY
/et/202403051000,2024-03-05 10:00:00,
/et/202403061200,2024-03-06 12:00:00,https://www.youtube.com/watch?v=JhpqONrMgc4
/et/202403061400,2024-03-06 14:00:00,https://www.youtube.com/watch?v=lKFuqwAhsN4
/et/202403071000,2024-03-07 10:00:00,https://www.youtube.com/watch?v=KIfkBHHVy1E
/et/202403111500,2024-03-11 15:00:00,https://www.youtube.com/watch?v=nIMo1TbUNss
/et/202403121000,2024-03-12 10:00:00,https://www.youtube.com/watch?v=DajcKvYFNOE
/et/202403131200,2024-03-13 12:00:00,https://www.youtube.com/watch?v=6yUz3CawWuM
/et/202403131400,2024-03-13 14:00:00,https://www.youtube.com/watch?v=Lmw3x6WXepc
/et/202403141000,2024-03-14 10:00:00,https://www.youtube.com/watch?v=DvpBZNzN3ew
/et/202403181500,2024-03-18 15:00:00,https://www.youtube.com/watch?v=xnNdX-zwKxU
/et/202403191000,2024-03-19 10:00:00,https://www.youtube.com/watch?v=U9s2z_wsl7k
/et/202403201200,2024-03-20 12:00:00,
/et/202403201400,2024-03-20 14:00:00,https://www.youtube.com/watch?v=-L9mh0pv3DQ
/et/202403211000,2024-03-21 10:00:00,
/et/202404011500,2024-04-01 15:00:00,https://www.youtube.com/watch?v=WYAp57-vFQo
/et/202404021000,2024-04-02 10:00:00,https://www.youtube.com/watch?v=-HW5JJN4ziE
/et/202404031200,2024-04-03 12:00:00,https://www.youtube.com/watch?v=uZ0ekZaUVSw
/et/202404031400,2024-04-03 14:00:00,https://www.youtube.com/watch?v=gCq6Nvyg7QM
/et/202404041000,2024-04-04 10:00:00,https://www.youtube.com/watch?v=7J1tFFcawwg
/et/202404081500,2024-04-08 15:00:00,https://www.youtube.com/watch?v=AMAzCDM42Lw
/et/202404091000,2024-04-09 10:00:00,https://www.youtube.com/watch?v=1m8SrGST1qM
/et/202404101200,2024-04-10 12:00:00,
/et/202404101400,2024-04-10 14:00:00,https://www.youtube.com/watch?v=eK9_5moezXQ
/et/202404111000,2024-04-11 10:00:00,https://www.youtube.com/watch?v=DdyBLNXLnh4
/et/202404151500,2024-04-15 15:00:00,https://www.youtube.com/watch?v=ErDlyv5xedI
/et/202404161000,2024-04-16 10:00:00,https://www.youtube.com/watch?v=r7xo4eYWopc
/et/202404171200,2024-04-17 12:00:00,https://www.youtube.com/watch?v=kmZCr9an_P0
/et/202404171400,2024-04-17 14:00:00,https://www.youtube.com/watch?v=6sR4gkqmbbk
/et/202404181000,2024-04-18 10:00:00,https://www.youtube.com/watch?v=cP-1_E2AbbE
/et/202404291500,2024-04-29 15:00:00,https://www.youtube.com/watch?v=E4CXLvfjh0w
/et/202404301000,2024-04-30 10:00:00,
/et/202405021000,2024-05-02 10:00:00,https://www.youtube.com/watch?v=ote_LTLo50E
/et/202405061500,2024-05-06 15:00:00,https://www.youtube.com/watch?v=Ln2v5FU42h4
/et/202405071000,2024-05-07 10:00:00,https://www.youtube.com/watch?v=gZwi2ym4mHg
/et/202405081200,2024-05-08 12:00:00,https://www.youtube.com/watch?v=pnwB0Oeprdw
/et/202405081400,2024-05-08 14:00:00,https://www.youtube.com/watch?v=7f882Adr6cw
/et/202405091000,2024-05-09 10:00:00,
/et/202405131500,2024-05-13 15:00:00,https://www.youtube.com/watch?v=sxjR2w5fJtg
/et/202405141000,2024-05-14 10:00:00,https://www.youtube.com/watch?v=9zq2a6vMAPs
/et/202405151200,2024-05-15 12:00:00,https://www.youtube.com/watch?v=HF5rTq-O0pQ
/et/202405151400,2024-05-15 14:00:00,https://www.youtube.com/watch?v=1cAR1LsWqQA
/et/202405161000,2024-05-16 10:00:00,
/et/202405271500,2024-05-27 15:00:00,https://www.youtube.com/watch?v=TCF27pYAxx8
/et/202405281000,2024-05-28 10:00:00,
/et/202405291200,2024-05-29 12:00:00,
/et/202405291400,2024-05-29 14:00:00,https://www.youtube.com/watch?v=_lk3UzRRleY
/et/202405301000,2024-05-30 10:00:00,https://www.youtube.com/watch?v=3KFivi4-NOk
/et/202406031500,2024-06-03 15:00:00,https://www.youtube.com/watch?v=eBFoYqyVTyU
/et/202406041000,2024-06-04 10:00:00,https://www.youtube.com/watch?v=WwiUmCIJo48
/et/202406051200,2024-06-05 12:00:00,https://www.youtube.com/watch?v=rZ4Pq4-R-yE
/et/202406051400,2024-06-05 14:00:00,https://www.youtube.com/watch?v=4x7leJ-PEi0
/et/202406051400,2024-06-05 14:00:00,https://www.youtube.com/watch?v=FZeDB5DLtW8
/et/202406061000,2024-06-06 10:00:00,https://www.youtube.com/watch?v=xkuUcxEdwJE
/et/202406101500,2024-06-10 15:00:00,https://www.youtube.com/watch?v=0FNMLl90-gU
/et/202406111000,2024-06-11 10:00:00,https://www.youtube.com/watch?v=olUUYYSlyv4
/et/202406121200,2024-06-12 12:00:00,https://www.youtube.com/watch?v=L6xier4sECo
/et/202406121400,2024-06-12 14:00:00,https://www.youtube.com/watch?v=aDDTpBgiXzw
/et/202406131000,2024-06-13 10:00:00,https://www.youtube.com/watch?v=fDAmBpuy7ws
/et/202406141000,2024-06-14 10:00:00,https://www.youtube.com/watch?v=Ix0NaNhkdIs
/et/202406191000,2024-06-19 10:00:00,https://www.youtube.com/watch?v=gdEWLKwAqh4
/et/202407151000,2024-07-15 10:00:00,
/et/202407221100,2024-07-22 11:00:00,https://www.youtube.com/watch?v=1GwkEhhNPY0
/et/202407231000,2024-07-23 10:00:00,https://www.youtube.com/watch?v=G7CVZoWsQlg
/et/202407291000,2024-07-29 10:00:00,https://www.youtube.com/watch?v=CsXuxT8mDOw
/et/202407291734,2024-07-29 17:34:00,https://www.youtube.com/watch?v=vwk0CJl0TIo
/et/202407291856,2024-07-29 18:56:00,https://www.youtube.com/watch?v=Jl1_w2kircg
/et/202409091500,2024-09-09 15:00:00,https://www.youtube.com/watch?v=1LpY0NvNhM0
/et/202409101000,2024-09-10 10:00:00,https://www.youtube.com/watch?v=Ud6nwwbbNVQ
/et/202409111200,2024-09-11 12:00:00,
/et/202409111400,2024-09-11 14:00:00,https://www.youtube.com/watch?v=pu3qOwJHIaM
/et/202409121000,2024-09-12 10:00:00,
/et/202409161500,2024-09-16 15:00:00,https://www.youtube.com/watch?v=zV0M4eUDTeE
/et/202409171000,2024-09-17 10:00:00,
/et/202409181200,2024-09-18 12:00:00,https://www.youtube.com/watch?v=Wvlr9FHQXn0
/et/202409181400,2024-09-18 14:00:00,https://www.youtube.com/watch?v=hbM-5W7PQng
/et/202409191000,2024-09-19 10:00:00,https://www.youtube.com/watch?v=h0oFtx_6sso
/et/202409231500,2024-09-23 15:00:00,https://www.youtube.com/watch?v=U27l1xBNwp4
/et/202409241000,2024-09-24 10:00:00,
/et/202409251200,2024-09-25 12:00:00,https://www.youtube.com/watch?v=oP6HGjqp9rQ
/et/202409251400,2024-09-25 14:00:00,https://www.youtube.com/watch?v=tEoL6p8r8HI
/et/202409261000,2024-09-26 10:00:00,
/et/202410071500,2024-10-07 15:00:00,https://www.youtube.com/watch?v=BfZQQ7H6rEI
/et/202410081000,2024-10-08 10:00:00,https://www.youtube.com/watch?v=2vxyRvmJ9N0
/et/202410091200,2024-10-09 12:00:00,https://www.youtube.com/watch?v=OvN36VPa3vw
/et/202410091400,2024-10-09 14:00:00,https://www.youtube.com/watch?v=XDMqtw63OMU
/et/202410101000,2024-10-10 10:00:00,https://www.youtube.com/watch?v=gdVV9Zw9cX0
/et/202410141500,2024-10-14 15:00:00,
/et/202410151000,2024-10-15 10:00:00,https://www.youtube.com/watch?v=FVlNNfJoezQ
/et/202410161200,2024-10-16 12:00:00,https://www.youtube.com/watch?v=76PaBDSEFdE
/et/202410161400,2024-10-16 14:00:00,https://www.youtube.com/watch?v=/zTQrIDYKPGw
/et/202410171000,2024-10-17 10:00:00,https://www.youtube.com/watch?v=B9R60RhwnsE
/et/202410211500,2024-10-21 15:00:00,https://www.youtube.com/watch?v=pNXkhjDDL2o
/et/202410221000,2024-10-22 10:00:00,https://www.youtube.com/watch?v=eNbgXNlzF0g
/et/202410231200,2024-10-23 12:00:00,https://www.youtube.com/watch?v=wG3rDRBJKSs
/et/202410231400,2024-10-23 14:00:00,
/et/202410241000,2024-10-24 10:00:00,https://www.youtube.com/watch?v=bKLho2-NIgM
