video_id,processed_video_link,title
slovenia_28_Redna_0_03032025,https://365.rtvslo.si/embed/175113594?a=1&d=1,Državni zbor (28. Redna)
slovenia_28_Redna_1_03032025,https://365.rtvslo.si/embed/%0A175113665?a=1&d=1,Državni zbor (28. Redna)
slovenia_28_Redna_2_03032025,https://365.rtvslo.si/embed/%0A175113689?a=1&d=1,Državni zbor (28. Redna)
slovenia_28_Redna_0_04032025,https://365.rtvslo.si/embed/175113863?a=1&d=1,Državni zbor (28. Redna)
slovenia_28_Redna_1_04032025,https://365.rtvslo.si/embed/%0A175113925?a=1&d=1,Državni zbor (28. Redna)
slovenia_28_Redna_0_05032025,https://365.rtvslo.si/embed/175114129?a=1&d=1,Državni zbor (28. Redna)
slovenia_28_Redna_0_06032025,https://365.rtvslo.si/embed/175114475?a=1&d=1,Državni zbor (28. Redna)
slovenia_28_Redna_1_06032025,https://365.rtvslo.si/embed/%0A175114470?a=1&d=1,Državni zbor (28. Redna)
slovenia_28_Redna_2_06032025,https://365.rtvslo.si/embed/%0A175114476?a=1&d=1,Državni zbor (28. Redna)
slovenia_96_Izredna_0_10032025,https://365.rtvslo.si/embed/175115449?a=1&d=1,Državni zbor (96. Izredna)
slovenia_96_Izredna_1_10032025,https://365.rtvslo.si/embed/175115493?a=1&d=1,Državni zbor (96. Izredna)
slovenia_97_Izredna_0_14032025,https://365.rtvslo.si/embed/175116745?a=1&d=1,Državni zbor (97. Izredna)
slovenia_97_Izredna_1_14032025,https://365.rtvslo.si/embed/175116774?a=1&d=1,Državni zbor (97. Izredna)
slovenia_98_Izredna_0_20032025,https://365.rtvslo.si/embed/175118210?a=1&d=1,Državni zbor (98. Izredna)
slovenia_29_Redna_0_24032025,https://365.rtvslo.si/embed/175119196?a=1&d=1,Državni zbor (29. Redna)
slovenia_29_Redna_1_24032025,https://365.rtvslo.si/embed/175119202?a=1&d=1,Državni zbor (29. Redna)
slovenia_29_Redna_0_25032025,https://365.rtvslo.si/embed/175119447?a=1&d=1,Državni zbor (29. Redna)
slovenia_29_Redna_1_25032025,https://365.rtvslo.si/embed/%0A%0A175119451?a=1&d=1,Državni zbor (29. Redna)
slovenia_29_Redna_0_26032025,https://365.rtvslo.si/embed/175119745?a=1&d=1,Državni zbor (29. Redna)
slovenia_29_Redna_0_27032025,https://365.rtvslo.si/embed/175120028?a=1&d=1,Državni zbor (29. Redna)
slovenia_29_Redna_1_27032025,https://365.rtvslo.si/embed/%0A175120050?a=1&d=1,Državni zbor (29. Redna)
slovenia_29_Redna_2_27032025,https://365.rtvslo.si/embed/%0A175120046?a=1&d=1,Državni zbor (29. Redna)
slovenia_29_Redna_3_27032025,https://365.rtvslo.si/embed/%0A175120083?a=1&d=1,Državni zbor (29. Redna)
slovenia_29_Redna_0_28032025,https://365.rtvslo.si/embed/175120353?a=1&d=1,Državni zbor (29. Redna)
slovenia_29_Redna_1_28032025,https://365.rtvslo.si/embed/%0A175120412%0A175120451?a=1&d=1,Državni zbor (29. Redna)
slovenia_27_Redna_0_04022025,https://365.rtvslo.si/embed/175106677?a=1&d=1,Državni zbor (27. Redna)
slovenia_27_Redna_1_04022025,https://365.rtvslo.si/embed/175106689?a=1&d=1,Državni zbor (27. Redna)
slovenia_94_Izredna_0_06022025,https://365.rtvslo.si/embed/175107147?a=1&d=1,Državni zbor (94. Izredna)
slovenia_95_Izredna_0_13022025,https://365.rtvslo.si/embed/175109023?a=1&d=1,Državni zbor (95. Izredna)
slovenia_29_Redna_0_17012025,https://365.rtvslo.si/embed/175102132?a=1&d=1,Državni zbor (29. Redna)
slovenia_92_Izredna_0_21012025,https://365.rtvslo.si/embed/175103156?a=1&d=1,Državni zbor (92. Izredna)
slovenia_92_Izredna_1_21012025,https://365.rtvslo.si/embed/175103154?a=1&d=1,Državni zbor (92. Izredna)
slovenia_92_Izredna_2_21012025,https://365.rtvslo.si/embed/175103177?a=1&d=1,Državni zbor (92. Izredna)
slovenia_30_Redna_0_22012025,https://365.rtvslo.si/embed/175103349?a=1&d=1,Državni zbor (30. Redna)
slovenia_27_Redna_0_27012025,https://365.rtvslo.si/embed/175104585?a=1&d=1,Državni zbor (27. Redna)
slovenia_27_Redna_1_27012025,https://365.rtvslo.si/embed/175104635?a=1&d=1,Državni zbor (27. Redna)
slovenia_27_Redna_2_27012025,https://365.rtvslo.si/embed/175104635?a=1&d=1,Državni zbor (27. Redna)
slovenia_27_Redna_0_28012025,https://365.rtvslo.si/embed/175104836?a=1&d=1,Državni zbor (27. Redna)
slovenia_27_Redna_0_29012025,https://365.rtvslo.si/embed/175105135?a=1&d=1,Državni zbor (27. Redna)
slovenia_27_Redna_1_29012025,https://365.rtvslo.si/embed/175105164?a=1&d=1,Državni zbor (27. Redna)
slovenia_27_Redna_2_29012025,https://365.rtvslo.si/embed/175105177?a=1&d=1,Državni zbor (27. Redna)
slovenia_93_Izredna_0_30012025,https://365.rtvslo.si/embed/175105493?a=1&d=1,Državni zbor (93. Izredna)
slovenia_93_Izredna_1_30012025,https://365.rtvslo.si/embed/175105558?a=1&d=1,Državni zbor (93. Izredna)
slovenia_27_Redna_0_10122024,https://365.rtvslo.si/embed/175093078?a=1&d=1,Državni zbor (27. Redna)
slovenia_28_Redna_0_11122024,https://365.rtvslo.si/embed/175093347?a=1&d=1,Državni zbor (28. Redna)
slovenia_90_Izredna_0_12122024,https://365.rtvslo.si/embed/175093669?a=1&d=1,Državni zbor (90. Izredna)
slovenia_26_Redna_0_16122024,https://365.rtvslo.si/embed/175094618?a=1&d=1,Državni zbor (26. Redna)
slovenia_26_Redna_1_16122024,https://365.rtvslo.si/embed/175094628?a=1&d=1,Državni zbor (26. Redna)
slovenia_26_Redna_0_17122024,https://365.rtvslo.si/embed/175094885?a=1&d=1,Državni zbor (26. Redna)
slovenia_26_Redna_1_17122024,https://365.rtvslo.si/embed/%0A175094944?a=1&d=1,Državni zbor (26. Redna)
slovenia_26_Redna_2_17122024,https://365.rtvslo.si/embed/%0A175094991?a=1&d=1,Državni zbor (26. Redna)
slovenia_26_Redna_3_17122024,https://365.rtvslo.si/embed/%0A175094976?a=1&d=1,Državni zbor (26. Redna)
slovenia_26_Redna_0_18122024,https://365.rtvslo.si/embed/175095134?a=1&d=1,Državni zbor (26. Redna)
slovenia_26_Redna_1_18122024,https://365.rtvslo.si/embed/%0A175095194?a=1&d=1,Državni zbor (26. Redna)
slovenia_26_Redna_2_18122024,https://365.rtvslo.si/embed/%0A175095264?a=1&d=1,Državni zbor (26. Redna)
slovenia_26_Redna_3_18122024,https://365.rtvslo.si/embed/%0A175095301?a=1&d=1,Državni zbor (26. Redna)
slovenia_26_Redna_0_19122024,https://365.rtvslo.si/embed/175095444?a=1&d=1,Državni zbor (26. Redna)
slovenia_26_Redna_1_19122024,https://365.rtvslo.si/embed/%0A175095461?a=1&d=1,Državni zbor (26. Redna)
slovenia_26_Redna_2_19122024,https://365.rtvslo.si/embed/%0A175095491?a=1&d=1,Državni zbor (26. Redna)
slovenia_91_Izredna_0_19122024,https://365.rtvslo.si/embed/175095521?a=1&d=1,Državni zbor (91. Izredna)
slovenia_88_Izredna_0_14112024,https://365.rtvslo.si/embed/175086606?a=1&d=1,Državni zbor (88. Izredna)
slovenia_25_Redna_0_18112024,https://365.rtvslo.si/embed/175087544?a=1&d=1,Državni zbor (25. Redna)
slovenia_25_Redna_0_19112024,https://365.rtvslo.si/embed/175087751?a=1&d=1,Državni zbor (25. Redna)
slovenia_25_Redna_1_19112024,https://365.rtvslo.si/embed/%0A175087811?a=1&d=1,Državni zbor (25. Redna)
slovenia_25_Redna_2_19112024,https://365.rtvslo.si/embed/%0A175087885?a=1&d=1,Državni zbor (25. Redna)
slovenia_25_Redna_3_19112024,https://365.rtvslo.si/embed/%0A175087910?a=1&d=1,Državni zbor (25. Redna)
slovenia_25_Redna_0_20112024,https://365.rtvslo.si/embed/175088101?a=1&d=1,Državni zbor (25. Redna)
slovenia_25_Redna_1_20112024,https://365.rtvslo.si/embed/%0A175088151?a=1&d=1,Državni zbor (25. Redna)
slovenia_25_Redna_2_20112024,https://365.rtvslo.si/embed/%0A175088195?a=1&d=1,Državni zbor (25. Redna)
slovenia_25_Redna_0_21112024,https://365.rtvslo.si/embed/175088352?a=1&d=1,Državni zbor (25. Redna)
slovenia_25_Redna_1_21112024,https://365.rtvslo.si/embed/%0A175088368?a=1&d=1,Državni zbor (25. Redna)
slovenia_25_Redna_2_21112024,https://365.rtvslo.si/embed/%0A175088414?a=1&d=1,Državni zbor (25. Redna)
slovenia_89_Izredna_0_28112024,https://365.rtvslo.si/embed/175090092?a=1&d=1,Državni zbor (89. Izredna)
slovenia_89_Izredna_1_28112024,https://365.rtvslo.si/embed/175090166?a=1&d=1,Državni zbor (89. Izredna)
slovenia_23_Redna_0_01102024,https://365.rtvslo.si/embed/75076066?a=1&d=1,Državni zbor (23. Redna)
slovenia_83_Izredna_0_07102024,https://365.rtvslo.si/embed/175077512?a=1&d=1,Državni zbor (83. Izredna)
slovenia_83_Izredna_1_07102024,https://365.rtvslo.si/embed/175077608?a=1&d=1,Državni zbor (83. Izredna)
slovenia_83_Izredna_2_07102024,https://365.rtvslo.si/embed/175077610?a=1&d=1,Državni zbor (83. Izredna)
slovenia_84_Izredna_0_10102024,https://365.rtvslo.si/embed/175078289?a=1&d=1,Državni zbor (84. Izredna)
slovenia_84_Izredna_1_10102024,https://365.rtvslo.si/embed/%0A175078325?a=1&d=1,Državni zbor (84. Izredna)
slovenia_84_Izredna_2_10102024,https://365.rtvslo.si/embed/%0A175078421?a=1&d=1,Državni zbor (84. Izredna)
slovenia_84_Izredna_3_10102024,https://365.rtvslo.si/embed/%0A175078429?a=1&d=1,Državni zbor (84. Izredna)
slovenia_85_Izredna_0_11102024,https://365.rtvslo.si/embed/175078742?a=1&d=1,Državni zbor (85. Izredna)
slovenia_85_Izredna_1_11102024,https://365.rtvslo.si/embed/%0A175078743?a=1&d=1,Državni zbor (85. Izredna)
slovenia_24_Redna_0_21102024,https://365.rtvslo.si/embed/175081027?a=1&d=1,Državni zbor (24. Redna)
slovenia_24_Redna_0_22102024,https://365.rtvslo.si/embed/175081225?a=1&d=1,Državni zbor (24. Redna)
slovenia_24_Redna_1_22102024,https://365.rtvslo.si/embed/175081249?a=1&d=1,Državni zbor (24. Redna)
slovenia_24_Redna_0_23102024,https://365.rtvslo.si/embed/175081473?a=1&d=1,Državni zbor (24. Redna)
slovenia_24_Redna_1_23102024,https://365.rtvslo.si/embed/%0A175081531?a=1&d=1,Državni zbor (24. Redna)
slovenia_24_Redna_2_23102024,https://365.rtvslo.si/embed/%0A175081563?a=1&d=1,Državni zbor (24. Redna)
slovenia_86_Izredna_0_24102024,https://365.rtvslo.si/embed/175081796?a=1&d=1,Državni zbor (86. Izredna)
slovenia_87_Izredna_0_24102024,https://365.rtvslo.si/embed/175081820?a=1&d=1,Državni zbor (87. Izredna)
slovenia_24_Redna_0_25102024,https://365.rtvslo.si/embed/175082001?a=1&d=1,Državni zbor (24. Redna)
slovenia_78_Izredna_0_05092024,https://365.rtvslo.si/embed/175070152?a=1&d=1,Državni zbor (78. Izredna)
slovenia_78_Izredna_1_05092024,https://365.rtvslo.si/embed/175070164?a=1&d=1,Državni zbor (78. Izredna)
slovenia_78_Izredna_2_05092024,https://365.rtvslo.si/embed/175070181?a=1&d=1,Državni zbor (78. Izredna)
slovenia_79_Izredna_0_09092024,https://365.rtvslo.si/embed/175070951?a=1&d=1,Državni zbor (79. Izredna)
slovenia_79_Izredna_1_09092024,https://365.rtvslo.si/embed/%0A175070962?a=1&d=1,Državni zbor (79. Izredna)
slovenia_80_Izredna_0_10092024,https://365.rtvslo.si/embed/175071277?a=1&d=1,Državni zbor (80. Izredna)
slovenia_81_Izredna_0_17092024,https://365.rtvslo.si/embed/175072874?a=1&d=1,Državni zbor (81. Izredna)
slovenia_23_Redna_0_23092024,https://365.rtvslo.si/embed/175074203?a=1&d=1,Državni zbor (23. Redna)
slovenia_23_Redna_0_24092024,https://365.rtvslo.si/embed/175074404?a=1&d=1,Državni zbor (23. Redna)
slovenia_23_Redna_1_24092024,https://365.rtvslo.si/embed/175074418?a=1&d=1,Državni zbor (23. Redna)
slovenia_23_Redna_2_24092024,https://365.rtvslo.si/embed/175074409?a=1&d=1,Državni zbor (23. Redna)
slovenia_23_Redna_0_25092024,https://365.rtvslo.si/embed/175074619?a=1&d=1,Državni zbor (23. Redna)
slovenia_23_Redna_1_25092024,https://365.rtvslo.si/embed/%0A175074672?a=1&d=1,Državni zbor (23. Redna)
slovenia_23_Redna_2_25092024,https://365.rtvslo.si/embed/%0A175074707?a=1&d=1,Državni zbor (23. Redna)
slovenia_23_Redna_3_25092024,https://365.rtvslo.si/embed/%0A175074732?a=1&d=1,Državni zbor (23. Redna)
slovenia_23_Redna_0_26092024,https://365.rtvslo.si/embed/175074882?a=1&d=1,Državni zbor (23. Redna)
slovenia_23_Redna_1_26092024,https://365.rtvslo.si/embed/175074925?a=1&d=1,Državni zbor (23. Redna)
slovenia_82_Izredna_0_26092024,https://365.rtvslo.si/embed/175074947?a=1&d=1,Državni zbor (82. Izredna)
slovenia_23_Redna_0_27092024,https://365.rtvslo.si/embed/175075206?a=1&d=1,Državni zbor (23. Redna)
slovenia_25_Redna_0_02072024,https://365.rtvslo.si/embed/175057158?a=1&d=1,Državni zbor (25. Redna)
slovenia_22_Redna_0_08072024,https://365.rtvslo.si/embed/175058439?a=1&d=1,Državni zbor (22. Redna)
slovenia_22_Redna_0_09072024,https://365.rtvslo.si/embed/175058627?a=1&d=1,Državni zbor (22. Redna)
slovenia_22_Redna_1_09072024,https://365.rtvslo.si/embed/175058669?a=1&d=1,Državni zbor (22. Redna)
slovenia_22_Redna_2_09072024,https://365.rtvslo.si/embed/175058704?a=1&d=1,Državni zbor (22. Redna)
slovenia_22_Redna_0_10072024,https://365.rtvslo.si/embed/175058878?a=1&d=1,Državni zbor (22. Redna)
slovenia_22_Redna_1_10072024,https://365.rtvslo.si/embed/%0A175058867?a=1&d=1,Državni zbor (22. Redna)
slovenia_22_Redna_2_10072024,https://365.rtvslo.si/embed/%0A175058872?a=1&d=1,Državni zbor (22. Redna)
slovenia_76_Izredna_0_15072024,https://365.rtvslo.si/embed/175059773?a=1&d=1,Državni zbor (76. Izredna)
slovenia_76_Izredna_1_15072024,https://365.rtvslo.si/embed/175059802?a=1&d=1,Državni zbor (76. Izredna)
slovenia_76_Izredna_2_15072024,https://365.rtvslo.si/embed/175059821?a=1&d=1,Državni zbor (76. Izredna)
slovenia_77_Izredna_0_15072024,https://365.rtvslo.si/embed/175059840?a=1&d=1,Državni zbor (77. Izredna)
slovenia_73_Izredna_0_04062024,https://365.rtvslo.si/embed/175050749?a=1&d=1,Državni zbor (73. Izredna)
slovenia_74_Izredna_0_04062024,https://365.rtvslo.si/embed/175050747?a=1&d=1,Državni zbor (74. Izredna)
slovenia_1_Nujna_0_12062024,https://365.rtvslo.si/embed/175052641?a=1&d=1,Državni zbor (1. Nujna)
slovenia_24_Redna_0_13062024,https://365.rtvslo.si/embed/175052866?a=1&d=1,Državni zbor (24. Redna)
slovenia_75_Izredna_0_14062024,https://365.rtvslo.si/embed/175053132?a=1&d=1,Državni zbor (75. Izredna)
slovenia_21_Redna_0_17062024,https://365.rtvslo.si/embed/175053729?a=1&d=1,Državni zbor (21. Redna)
slovenia_21_Redna_1_17062024,https://365.rtvslo.si/embed/175053833?a=1&d=1,Državni zbor (21. Redna)
slovenia_21_Redna_0_18062024,https://365.rtvslo.si/embed/175053977?a=1&d=1,Državni zbor (21. Redna)
slovenia_21_Redna_1_18062024,https://365.rtvslo.si/embed/175054007?a=1&d=1,Državni zbor (21. Redna)
slovenia_21_Redna_2_18062024,https://365.rtvslo.si/embed/175054067?a=1&d=1,Državni zbor (21. Redna)
slovenia_21_Redna_0_19062024,https://365.rtvslo.si/embed/175054234?a=1&d=1,Državni zbor (21. Redna)
slovenia_21_Redna_1_19062024,https://365.rtvslo.si/embed/175054274?a=1&d=1,Državni zbor (21. Redna)
slovenia_21_Redna_2_19062024,https://365.rtvslo.si/embed/175054344?a=1&d=1,Državni zbor (21. Redna)
slovenia_69_Izredna_0_06052024,https://365.rtvslo.si/embed/175043736?a=1&d=1,Državni zbor (69. Izredna)
slovenia_70_Izredna_0_13052024,https://365.rtvslo.si/embed/175045474?a=1&d=1,Državni zbor (70. Izredna)
slovenia_22_Redna_0_14052024,https://365.rtvslo.si/embed/175045653?a=1&d=1,Državni zbor (22. Redna)
slovenia_23_Redna_0_16052024,https://365.rtvslo.si/embed/175046140?a=1&d=1,Državni zbor (23. Redna)
slovenia_20_Redna_0_20052024,https://365.rtvslo.si/embed/175047115?a=1&d=1,Državni zbor (20. Redna)
slovenia_20_Redna_1_20052024,https://365.rtvslo.si/embed/175047160?a=1&d=1,Državni zbor (20. Redna)
slovenia_20_Redna_0_22052024,https://365.rtvslo.si/embed/175047619?a=1&d=1,Državni zbor (20. Redna)
slovenia_20_Redna_1_22052024,https://365.rtvslo.si/embed/175047688?a=1&d=1,Državni zbor (20. Redna)
slovenia_20_Redna_2_22052024,https://365.rtvslo.si/embed/175047751?a=1&d=1,Državni zbor (20. Redna)
slovenia_20_Redna_0_23052024,https://365.rtvslo.si/embed/175047831?a=1&d=1,Državni zbor (20. Redna)
slovenia_20_Redna_1_23052024,https://365.rtvslo.si/embed/175047883?a=1&d=1,Državni zbor (20. Redna)
slovenia_71_Izredna_0_23052024,https://365.rtvslo.si/embed/175047981?a=1&d=1,Državni zbor (71. Izredna)
slovenia_71_Izredna_1_23052024,https://365.rtvslo.si/embed/175047982?a=1&d=1,Državni zbor (71. Izredna)
slovenia_18_Redna_0_02042024,https://365.rtvslo.si/embed/175034557?a=1&d=1,Državni zbor (18. Redna)
slovenia_18_Redna_1_02042024,https://365.rtvslo.si/embed/175034600?a=1&d=1,Državni zbor (18. Redna)
slovenia_18_Redna_2_02042024,https://365.rtvslo.si/embed/175034606?a=1&d=1,Državni zbor (18. Redna)
slovenia_20_Redna_0_04042024,https://365.rtvslo.si/embed/175035047?a=1&d=1,Državni zbor (20. Redna)
slovenia_21_Redna_0_12042024,https://365.rtvslo.si/embed/175037069?a=1&d=1,Državni zbor (21. Redna)
slovenia_67_Izredna_0_17042024,https://365.rtvslo.si/embed/175038322?a=1&d=1,Državni zbor (67. Izredna)
slovenia_67_Izredna_1_17042024,https://365.rtvslo.si/embed/175038373?a=1&d=1,Državni zbor (67. Izredna)
slovenia_67_Izredna_2_17042024,https://365.rtvslo.si/embed/175038378?a=1&d=1,Državni zbor (67. Izredna)
slovenia_19_Redna_0_22042024,https://365.rtvslo.si/embed/175039512?a=1&d=1,Državni zbor (19. Redna)
slovenia_19_Redna_1_22042024,https://365.rtvslo.si/embed/175039543?a=1&d=1,Državni zbor (19. Redna)
slovenia_19_Redna_0_23042024,https://365.rtvslo.si/embed/175039754?a=1&d=1,Državni zbor (19. Redna)
slovenia_19_Redna_1_23042024,https://365.rtvslo.si/embed/%0A175039817?a=1&d=1,Državni zbor (19. Redna)
slovenia_19_Redna_2_23042024,https://365.rtvslo.si/embed/%0A175039887?a=1&d=1,Državni zbor (19. Redna)
slovenia_68_Izredna_0_24042024,https://365.rtvslo.si/embed/175040064?a=1&d=1,Državni zbor (68. Izredna)
slovenia_68_Izredna_1_24042024,https://365.rtvslo.si/embed/%0A175040067?a=1&d=1,Državni zbor (68. Izredna)
slovenia_68_Izredna_2_24042024,https://365.rtvslo.si/embed/%0A175040094?a=1&d=1,Državni zbor (68. Izredna)
slovenia_68_Izredna_3_24042024,https://365.rtvslo.si/embed/%0A175040175?a=1&d=1,Državni zbor (68. Izredna)
slovenia_68_Izredna_4_24042024,https://365.rtvslo.si/embed/%0A175040399?a=1&d=1,Državni zbor (68. Izredna)
slovenia_68_Izredna_0_25042024,https://365.rtvslo.si/embed/175041433?a=1&d=1,Državni zbor (68. Izredna)
slovenia_68_Izredna_1_25042024,https://365.rtvslo.si/embed/%0A175041466?a=1&d=1,Državni zbor (68. Izredna)
slovenia_68_Izredna_2_25042024,https://365.rtvslo.si/embed/%0A175041528?a=1&d=1,Državni zbor (68. Izredna)
slovenia_68_Izredna_3_25042024,https://365.rtvslo.si/embed/%0A175041529?a=1&d=1,Državni zbor (68. Izredna)
slovenia_19_Redna_0_26042024,https://365.rtvslo.si/embed/175041766?a=1&d=1,Državni zbor (19. Redna)
slovenia_19_Redna_1_26042024,https://365.rtvslo.si/embed/175041778?a=1&d=1,Državni zbor (19. Redna)
slovenia_17_Redna_0_04032024,https://365.rtvslo.si/embed/175027646?a=1&d=1,Državni zbor (17. Redna)
slovenia_17_Redna_1_04032024,https://365.rtvslo.si/embed/175027668?a=1&d=1,Državni zbor (17. Redna)
slovenia_17_Redna_0_05032024,https://365.rtvslo.si/embed/175027862?a=1&d=1,Državni zbor (17. Redna)
slovenia_17_Redna_1_05032024,https://365.rtvslo.si/embed/175027908?a=1&d=1,Državni zbor (17. Redna)
slovenia_17_Redna_0_06032024,https://365.rtvslo.si/embed/175028168?a=1&d=1,Državni zbor (17. Redna)
slovenia_17_Redna_0_07032024,https://365.rtvslo.si/embed/175028439?a=1&d=1,Državni zbor (17. Redna)
slovenia_17_Redna_1_07032024,https://365.rtvslo.si/embed/175028477?a=1&d=1,Državni zbor (17. Redna)
slovenia_17_Redna_2_07032024,https://365.rtvslo.si/embed/175028493?a=1&d=1,Državni zbor (17. Redna)
slovenia_18_Redna_0_25032024,https://365.rtvslo.si/embed/175032782?a=1&d=1,Državni zbor (18. Redna)
slovenia_18_Redna_0_26032024,https://365.rtvslo.si/embed/175033043?a=1&d=1,Državni zbor (18. Redna)
slovenia_18_Redna_1_26032024,https://365.rtvslo.si/embed/175033052?a=1&d=1,Državni zbor (18. Redna)
slovenia_18_Redna_2_26032024,https://365.rtvslo.si/embed/175033090?a=1&d=1,Državni zbor (18. Redna)
slovenia_18_Redna_0_27032024,https://365.rtvslo.si/embed/175033256?a=1&d=1,Državni zbor (18. Redna)
slovenia_18_Redna_1_27032024,https://365.rtvslo.si/embed/175033285?a=1&d=1,Državni zbor (18. Redna)
slovenia_18_Redna_0_28032024,https://365.rtvslo.si/embed/175033540?a=1&d=1,Državni zbor (18. Redna)
slovenia_18_Redna_1_28032024,https://365.rtvslo.si/embed/175033576?a=1&d=1,Državni zbor (18. Redna)
slovenia_18_Redna_2_28032024,https://365.rtvslo.si/embed/175033613?a=1&d=1,Državni zbor (18. Redna)
slovenia_18_Redna_3_28032024,https://365.rtvslo.si/embed/175033664?a=1&d=1,Državni zbor (18. Redna)
slovenia_16_Redna_0_01022024,https://365.rtvslo.si/embed/175020477?a=1&d=1,Državni zbor (16. Redna)
slovenia_63_Izredna_0_16022024,https://365.rtvslo.si/embed/175023622?a=1&d=1,Državni zbor (63. Izredna)
slovenia_63_Izredna_1_16022024,https://365.rtvslo.si/embed/175023733?a=1&d=1,Državni zbor (63. Izredna)
slovenia_63_Izredna_2_16022024,https://365.rtvslo.si/embed/%0A175023696?a=1&d=1,Državni zbor (63. Izredna)
slovenia_62_Izredna_0_21022024,https://365.rtvslo.si/embed/175024779?a=1&d=1,Državni zbor (62. Izredna)
slovenia_62_Izredna_1_21022024,https://365.rtvslo.si/embed/175024835?a=1&d=1,Državni zbor (62. Izredna)
slovenia_64_Izredna_0_21022024,https://365.rtvslo.si/embed/175024880?a=1&d=1,Državni zbor (64. Izredna)
slovenia_60_Izredna_0_12012024,https://365.rtvslo.si/embed/175015156?a=1&d=1,Državni zbor (60. Izredna)
slovenia_60_Izredna_1_12012024,https://365.rtvslo.si/embed/175015145?a=1&d=1,Državni zbor (60. Izredna)
slovenia_17_Redna_0_19012024,https://365.rtvslo.si/embed/175016790?a=1&d=1,Državni zbor (17. Redna)
slovenia_17_Redna_1_19012024,https://365.rtvslo.si/embed/175016804?a=1&d=1,Državni zbor (17. Redna)
slovenia_17_Redna_0_22012024,https://365.rtvslo.si/embed/175016790?a=1&d=1,Državni zbor (17. Redna)
slovenia_17_Redna_1_22012024,https://365.rtvslo.si/embed/175016804?a=1&d=1,Državni zbor (17. Redna)
slovenia_17_Redna_0_23012024,https://365.rtvslo.si/embed/175016790?a=1&d=1,Državni zbor (17. Redna)
slovenia_17_Redna_1_23012024,https://365.rtvslo.si/embed/175016804?a=1&d=1,Državni zbor (17. Redna)
slovenia_17_Redna_0_24012024,https://365.rtvslo.si/embed/175016790?a=1&d=1,Državni zbor (17. Redna)
slovenia_17_Redna_1_24012024,https://365.rtvslo.si/embed/175016804?a=1&d=1,Državni zbor (17. Redna)
slovenia_17_Redna_0_25012024,https://365.rtvslo.si/embed/175016790?a=1&d=1,Državni zbor (17. Redna)
slovenia_17_Redna_1_25012024,https://365.rtvslo.si/embed/175016804?a=1&d=1,Državni zbor (17. Redna)
slovenia_17_Redna_0_26012024,https://365.rtvslo.si/embed/175016790?a=1&d=1,Državni zbor (17. Redna)
slovenia_17_Redna_1_26012024,https://365.rtvslo.si/embed/175016804?a=1&d=1,Državni zbor (17. Redna)
slovenia_17_Redna_0_29012024,https://365.rtvslo.si/embed/175016790?a=1&d=1,Državni zbor (17. Redna)
slovenia_17_Redna_1_29012024,https://365.rtvslo.si/embed/175016804?a=1&d=1,Državni zbor (17. Redna)
slovenia_17_Redna_0_30012024,https://365.rtvslo.si/embed/175016790?a=1&d=1,Državni zbor (17. Redna)
slovenia_17_Redna_1_30012024,https://365.rtvslo.si/embed/175016804?a=1&d=1,Državni zbor (17. Redna)
slovenia_17_Redna_0_31012024,https://365.rtvslo.si/embed/175016790?a=1&d=1,Državni zbor (17. Redna)
slovenia_17_Redna_1_31012024,https://365.rtvslo.si/embed/175016804?a=1&d=1,Državni zbor (17. Redna)
slovenia_56_Izredna_0_05122023,https://365.rtvslo.si/embed/175006466?a=1&d=1,Državni zbor (56. Izredna)
slovenia_57_Izredna_0_07122023,https://365.rtvslo.si/embed/175006954?a=1&d=1,Državni zbor (57. Izredna)
slovenia_57_Izredna_1_07122023,https://365.rtvslo.si/embed/175006968?a=1&d=1,Državni zbor (57. Izredna)
slovenia_15_Redna_0_13122023,https://365.rtvslo.si/embed/175008523?a=1&d=1,Državni zbor (15. Redna)
slovenia_15_Redna_1_13122023,https://365.rtvslo.si/embed/%0A175008552?a=1&d=1,Državni zbor (15. Redna)
slovenia_15_Redna_2_13122023,https://365.rtvslo.si/embed/%0A175008587?a=1&d=1,Državni zbor (15. Redna)
slovenia_15_Redna_0_14122023,https://365.rtvslo.si/embed/175008695%0A175008746?a=1&d=1,Državni zbor (15. Redna)
slovenia_15_Redna_1_14122023,https://365.rtvslo.si/embed/%0A175008754?a=1&d=1,Državni zbor (15. Redna)
slovenia_15_Redna_2_14122023,https://365.rtvslo.si/embed/%0A175008764?a=1&d=1,Državni zbor (15. Redna)
slovenia_15_Redna_0_18122023,https://365.rtvslo.si/embed/175009702?a=1&d=1,Državni zbor (15. Redna)
slovenia_15_Redna_1_18122023,https://365.rtvslo.si/embed/175009787?a=1&d=1,Državni zbor (15. Redna)
slovenia_15_Redna_0_19122023,https://365.rtvslo.si/embed/175009909?a=1&d=1,Državni zbor (15. Redna)
slovenia_15_Redna_1_19122023,https://365.rtvslo.si/embed/175009942?a=1&d=1,Državni zbor (15. Redna)
slovenia_58_Izredna_0_19122023,https://365.rtvslo.si/embed/175009989?a=1&d=1,Državni zbor (58. Izredna)
slovenia_58_Izredna_1_19122023,https://365.rtvslo.si/embed/175010027?a=1&d=1,Državni zbor (58. Izredna)
slovenia_59_Izredna_0_22122023,https://365.rtvslo.si/embed/175010776?a=1&d=1,Državni zbor (59. Izredna)
slovenia_52_Izredna_0_07112023,https://365.rtvslo.si/embed/174999327?a=1&d=1,Državni zbor (52. Izredna)
slovenia_53_Izredna_0_10112023,https://365.rtvslo.si/embed/175000148?a=1&d=1,Državni zbor (53. Izredna)
slovenia_53_Izredna_1_10112023,https://365.rtvslo.si/embed/175000177?a=1&d=1,Državni zbor (53. Izredna)
slovenia_15_Redna_0_15112023,https://365.rtvslo.si/embed/175001418?a=1&d=1,Državni zbor (15. Redna)
slovenia_55_Izredna_0_16112023,https://365.rtvslo.si/embed/175001646?a=1&d=1,Državni zbor (55. Izredna)
slovenia_55_Izredna_1_16112023,https://365.rtvslo.si/embed/175001654?a=1&d=1,Državni zbor (55. Izredna)
slovenia_14_Redna_0_20112023,https://365.rtvslo.si/embed/175002548?a=1&d=1,Državni zbor (14. Redna)
slovenia_14_Redna_1_20112023,https://365.rtvslo.si/embed/175002561?a=1&d=1,Državni zbor (14. Redna)
slovenia_14_Redna_0_21112023,https://365.rtvslo.si/embed/175002792?a=1&d=1,Državni zbor (14. Redna)
slovenia_14_Redna_1_21112023,https://365.rtvslo.si/embed/%0A175002854?a=1&d=1,Državni zbor (14. Redna)
slovenia_14_Redna_2_21112023,https://365.rtvslo.si/embed/%0A175002936?a=1&d=1,Državni zbor (14. Redna)
slovenia_14_Redna_3_21112023,https://365.rtvslo.si/embed/%0A175002954?a=1&d=1,Državni zbor (14. Redna)
slovenia_14_Redna_0_22112023,https://365.rtvslo.si/embed/175003034?a=1&d=1,Državni zbor (14. Redna)
slovenia_14_Redna_1_22112023,https://365.rtvslo.si/embed/%0A175003094?a=1&d=1,Državni zbor (14. Redna)
slovenia_14_Redna_2_22112023,https://365.rtvslo.si/embed/%0A175003141?a=1&d=1,Državni zbor (14. Redna)
slovenia_14_Redna_3_22112023,https://365.rtvslo.si/embed/%0A175003221?a=1&d=1,Državni zbor (14. Redna)
slovenia_14_Redna_4_22112023,https://365.rtvslo.si/embed/%0A175003223?a=1&d=1,Državni zbor (14. Redna)
slovenia_14_Redna_0_23112023,https://365.rtvslo.si/embed/175003295?a=1&d=1,Državni zbor (14. Redna)
slovenia_14_Redna_0_24112023,https://365.rtvslo.si/embed/175003653?a=1&d=1,Državni zbor (14. Redna)
slovenia_14_Redna_1_24112023,https://365.rtvslo.si/embed/175003687?a=1&d=1,Državni zbor (14. Redna)
slovenia_14_Redna_0_28112023,https://365.rtvslo.si/embed/175004721?a=1&d=1,Državni zbor (14. Redna)
slovenia_14_Redna_1_28112023,https://365.rtvslo.si/embed/%0A175004754%0A175004822?a=1&d=1,Državni zbor (14. Redna)
slovenia_56_Izredna_0_30112023,https://365.rtvslo.si/embed/175005318?a=1&d=1,Državni zbor (56. Izredna)
slovenia_56_Izredna_1_30112023,https://365.rtvslo.si/embed/%0A175005344?a=1&d=1,Državni zbor (56. Izredna)
slovenia_13_Redna_0_04102023,https://365.rtvslo.si/embed/174991284?a=1&d=1,Državni zbor (13. Redna)
slovenia_48_Izredna_0_09102023,https://365.rtvslo.si/embed/174992385?a=1&d=1,Državni zbor (48. Izredna)
slovenia_49_Izredna_0_13102023,https://365.rtvslo.si/embed/174993510?a=1&d=1,Državni zbor (49. Izredna)
slovenia_49_Izredna_1_13102023,https://365.rtvslo.si/embed/174993492?a=1&d=1,Državni zbor (49. Izredna)
slovenia_13_Redna_0_16102023,https://365.rtvslo.si/embed/174994074?a=1&d=1,Državni zbor (13. Redna)
slovenia_13_Redna_1_16102023,https://365.rtvslo.si/embed/174994092?a=1&d=1,Državni zbor (13. Redna)
slovenia_13_Redna_0_17102023,https://365.rtvslo.si/embed/174994298?a=1&d=1,Državni zbor (13. Redna)
slovenia_13_Redna_1_17102023,https://365.rtvslo.si/embed/174994325?a=1&d=1,Državni zbor (13. Redna)
slovenia_13_Redna_2_17102023,https://365.rtvslo.si/embed/174994324?a=1&d=1,Državni zbor (13. Redna)
slovenia_13_Redna_0_18102023,https://365.rtvslo.si/embed/174994532?a=1&d=1,Državni zbor (13. Redna)
slovenia_13_Redna_1_18102023,https://365.rtvslo.si/embed/174994599?a=1&d=1,Državni zbor (13. Redna)
slovenia_47_Izredna_0_01092023,https://365.rtvslo.si/embed/174983695?a=1&d=1,Državni zbor (47. Izredna)
slovenia_12_Redna_0_18092023,https://365.rtvslo.si/embed/174987433?a=1&d=1,Državni zbor (12. Redna)
slovenia_12_Redna_0_19092023,https://365.rtvslo.si/embed/174987601?a=1&d=1,Državni zbor (12. Redna)
slovenia_12_Redna_1_19092023,https://365.rtvslo.si/embed/174987600?a=1&d=1,Državni zbor (12. Redna)
slovenia_12_Redna_0_20092023,https://365.rtvslo.si/embed/174987835?a=1&d=1,Državni zbor (12. Redna)
slovenia_12_Redna_1_20092023,https://365.rtvslo.si/embed/174987874?a=1&d=1,Državni zbor (12. Redna)
slovenia_12_Redna_0_21092023,https://365.rtvslo.si/embed/174988166?a=1&d=1,Državni zbor (12. Redna)
slovenia_12_Redna_0_22092023,https://365.rtvslo.si/embed/174988485?a=1&d=1,Državni zbor (12. Redna)
slovenia_12_Redna_1_22092023,https://365.rtvslo.si/embed/174988503?a=1&d=1,Državni zbor (12. Redna)
slovenia_44_Izredna_0_09082023,https://365.rtvslo.si/embed/174979000?a=1&d=1,Državni zbor (44. Izredna)
slovenia_44_Izredna_1_09082023,https://365.rtvslo.si/embed/174978997?a=1&d=1,Državni zbor (44. Izredna)
slovenia_45_Izredna_0_10082023,https://365.rtvslo.si/embed/174979184?a=1&d=1,Državni zbor (45. Izredna)
slovenia_46_Izredna_0_31082023,https://365.rtvslo.si/embed/174983241?a=1&d=1,Državni zbor (46. Izredna)
slovenia_46_Izredna_1_31082023,https://365.rtvslo.si/embed/174983286?a=1&d=1,Državni zbor (46. Izredna)
slovenia_46_Izredna_2_31082023,https://365.rtvslo.si/embed/174983303?a=1&d=1,Državni zbor (46. Izredna)
slovenia_46_Izredna_3_31082023,https://365.rtvslo.si/embed/174983367?a=1&d=1,Državni zbor (46. Izredna)
slovenia_11_Redna_0_04072023,https://365.rtvslo.si/embed/174969684?a=1&d=1,Državni zbor (11. Redna)
slovenia_11_Redna_1_04072023,https://365.rtvslo.si/embed/174969698?a=1&d=1,Državni zbor (11. Redna)
slovenia_40_Izredna_0_06072023,https://365.rtvslo.si/embed/174970105?a=1&d=1,Državni zbor (40. Izredna)
slovenia_41_Izredna_0_06072023,https://365.rtvslo.si/embed/174970147?a=1&d=1,Državni zbor (41. Izredna)
slovenia_41_Izredna_1_06072023,https://365.rtvslo.si/embed/174970160?a=1&d=1,Državni zbor (41. Izredna)
slovenia_42_Izredna_0_13072023,https://365.rtvslo.si/embed/174971554?a=1&d=1,Državni zbor (42. Izredna)
slovenia_42_Izredna_0_17072023,https://365.rtvslo.si/embed/174971554?a=1&d=1,Državni zbor (42. Izredna)
slovenia_43_Izredna_0_21072023,https://365.rtvslo.si/embed/174973294?a=1&d=1,Državni zbor (43. Izredna)
slovenia_38_Izredna_0_09062023,https://365.rtvslo.si/embed/174964077?a=1&d=1,Državni zbor (38. Izredna)
slovenia_38_Izredna_1_09062023,https://365.rtvslo.si/embed/174964079?a=1&d=1,Državni zbor (38. Izredna)
slovenia_38_Izredna_2_09062023,https://365.rtvslo.si/embed/174964161?a=1&d=1,Državni zbor (38. Izredna)
slovenia_39_Izredna_0_21062023,https://365.rtvslo.si/embed/174966854?a=1&d=1,Državni zbor (39. Izredna)
slovenia_39_Izredna_1_21062023,https://365.rtvslo.si/embed/174966911?a=1&d=1,Državni zbor (39. Izredna)
slovenia_39_Izredna_2_21062023,https://365.rtvslo.si/embed/174966948?a=1&d=1,Državni zbor (39. Izredna)
slovenia_11_Redna_0_26062023,https://365.rtvslo.si/embed/174967976?a=1&d=1,Državni zbor (11. Redna)
slovenia_11_Redna_1_26062023,https://365.rtvslo.si/embed/174967999?a=1&d=1,Državni zbor (11. Redna)
slovenia_11_Redna_0_27062023,https://365.rtvslo.si/embed/174968178?a=1&d=1,Državni zbor (11. Redna)
slovenia_11_Redna_1_27062023,https://365.rtvslo.si/embed/174968223?a=1&d=1,Državni zbor (11. Redna)
slovenia_11_Redna_0_28062023,https://365.rtvslo.si/embed/174968419?a=1&d=1,Državni zbor (11. Redna)
slovenia_11_Redna_1_28062023,https://365.rtvslo.si/embed/%0A174968438?a=1&d=1,Državni zbor (11. Redna)
slovenia_11_Redna_0_30062023,https://365.rtvslo.si/embed/174968901?a=1&d=1,Državni zbor (11. Redna)
slovenia_11_Redna_1_30062023,https://365.rtvslo.si/embed/174968983?a=1&d=1,Državni zbor (11. Redna)
slovenia_11_Redna_2_30062023,https://365.rtvslo.si/embed/174968968?a=1&d=1,Državni zbor (11. Redna)
slovenia_36_Izredna_0_12052023,https://365.rtvslo.si/embed/174957197?a=1&d=1,Državni zbor (36. Izredna)
slovenia_36_Izredna_1_12052023,https://365.rtvslo.si/embed/174957256?a=1&d=1,Državni zbor (36. Izredna)
slovenia_36_Izredna_2_12052023,https://365.rtvslo.si/embed/174957303?a=1&d=1,Državni zbor (36. Izredna)
slovenia_10_Redna_0_22052023,https://365.rtvslo.si/embed/174959567?a=1&d=1,Državni zbor (10. Redna)
slovenia_10_Redna_1_22052023,https://365.rtvslo.si/embed/%0A174959653?a=1&d=1,Državni zbor (10. Redna)
slovenia_10_Redna_0_23052023,https://365.rtvslo.si/embed/174959832?a=1&d=1,Državni zbor (10. Redna)
slovenia_10_Redna_1_23052023,https://365.rtvslo.si/embed/174959856?a=1&d=1,Državni zbor (10. Redna)
slovenia_10_Redna_2_23052023,https://365.rtvslo.si/embed/174959945?a=1&d=1,Državni zbor (10. Redna)
slovenia_10_Redna_0_24052023,https://365.rtvslo.si/embed/174960103?a=1&d=1,Državni zbor (10. Redna)
slovenia_10_Redna_1_24052023,https://365.rtvslo.si/embed/174960105?a=1&d=1,Državni zbor (10. Redna)
slovenia_10_Redna_0_25052023,https://365.rtvslo.si/embed/174960343?a=1&d=1,Državni zbor (10. Redna)
slovenia_10_Redna_1_25052023,https://365.rtvslo.si/embed/174960362?a=1&d=1,Državni zbor (10. Redna)
slovenia_10_Redna_2_25052023,https://365.rtvslo.si/embed/174960406?a=1&d=1,Državni zbor (10. Redna)
slovenia_10_Redna_3_25052023,https://365.rtvslo.si/embed/174960443?a=1&d=1,Državni zbor (10. Redna)
slovenia_37_Izredna_0_26052023,https://365.rtvslo.si/embed/174960789?a=1&d=1,Državni zbor (37. Izredna)
slovenia_14_Redna_0_13042023,https://365.rtvslo.si/embed/174950274?a=1&d=1,Državni zbor (14. Redna)
slovenia_9_Redna_0_17042023,https://365.rtvslo.si/embed/174951272?a=1&d=1,Državni zbor (9. Redna)
slovenia_9_Redna_1_17042023,https://365.rtvslo.si/embed/174951259%20?a=1&d=1,Državni zbor (9. Redna)
slovenia_9_Redna_0_18042023,https://365.rtvslo.si/embed/174951486?a=1&d=1,Državni zbor (9. Redna)
slovenia_9_Redna_1_18042023,https://365.rtvslo.si/embed/174951521?a=1&d=1,Državni zbor (9. Redna)
slovenia_9_Redna_2_18042023,https://365.rtvslo.si/embed/174951589?a=1&d=1,Državni zbor (9. Redna)
slovenia_9_Redna_0_19042023,https://365.rtvslo.si/embed/174951737?a=1&d=1,Državni zbor (9. Redna)
slovenia_9_Redna_1_19042023,https://365.rtvslo.si/embed/174951779?a=1&d=1,Državni zbor (9. Redna)
slovenia_9_Redna_2_19042023,https://365.rtvslo.si/embed/174951846?a=1&d=1,Državni zbor (9. Redna)
slovenia_9_Redna_3_19042023,https://365.rtvslo.si/embed/174951909?a=1&d=1,Državni zbor (9. Redna)
slovenia_9_Redna_0_20042023,https://365.rtvslo.si/embed/174952021?a=1&d=1,Državni zbor (9. Redna)
slovenia_9_Redna_0_21042023,https://365.rtvslo.si/embed/174952348?a=1&d=1,Državni zbor (9. Redna)
slovenia_9_Redna_1_21042023,https://365.rtvslo.si/embed/174952357?a=1&d=1,Državni zbor (9. Redna)
slovenia_9_Redna_2_21042023,https://365.rtvslo.si/embed/174952490?a=1&d=1,Državni zbor (9. Redna)
slovenia_35_Izredna_0_21042023,https://365.rtvslo.si/embed/174952503?a=1&d=1,Državni zbor (35. Izredna)
slovenia_33_Izredna_0_16032023,https://365.rtvslo.si/embed/174943405?a=1&d=1,Državni zbor (33. Izredna)
slovenia_33_Izredna_1_16032023,https://365.rtvslo.si/embed/174943464?a=1&d=1,Državni zbor (33. Izredna)
slovenia_8_Redna_0_20032023,https://365.rtvslo.si/embed/174944439?a=1&d=1,Državni zbor (8. Redna)
slovenia_8_Redna_1_20032023,https://365.rtvslo.si/embed/174944456?a=1&d=1,Državni zbor (8. Redna)
slovenia_8_Redna_0_21032023,https://365.rtvslo.si/embed/174944652?a=1&d=1,Državni zbor (8. Redna)
slovenia_8_Redna_0_22032023,https://365.rtvslo.si/embed/174944899?a=1&d=1,Državni zbor (8. Redna)
slovenia_8_Redna_1_22032023,https://365.rtvslo.si/embed/174944456?a=1&d=1,Državni zbor (8. Redna)
slovenia_34_Izredna_0_28032023,https://365.rtvslo.si/embed/174946478?a=1&d=1,Državni zbor (34. Izredna)
slovenia_34_Izredna_1_28032023,https://365.rtvslo.si/embed/174946476?a=1&d=1,Državni zbor (34. Izredna)
slovenia_34_Izredna_2_28032023,https://365.rtvslo.si/embed/174946485?a=1&d=1,Državni zbor (34. Izredna)
slovenia_11_Redna_0_31032023,https://365.rtvslo.si/embed/174947256?a=1&d=1,Državni zbor (11. Redna)
slovenia_32_Izredna_0_03022023,https://365.rtvslo.si/embed/174933475?a=1&d=1,Državni zbor (32. Izredna)
slovenia_5_Redna_0_09122022,https://365.rtvslo.si/embed/174920628?a=1&d=1,Državni zbor (5. Redna)
slovenia_28_Izredna_0_09122022,https://365.rtvslo.si/embed/174920472?a=1&d=1,Državni zbor (28. Izredna)
slovenia_28_Izredna_1_09122022,https://365.rtvslo.si/embed/174920500?a=1&d=1,Državni zbor (28. Izredna)
slovenia_5_Redna_0_14122022,https://365.rtvslo.si/embed/174921656?a=1&d=1,Državni zbor (5. Redna)
slovenia_5_Redna_1_14122022,https://365.rtvslo.si/embed/174921668?a=1&d=1,Državni zbor (5. Redna)
slovenia_5_Redna_0_15122022,https://365.rtvslo.si/embed/174921883?a=1&d=1,Državni zbor (5. Redna)
slovenia_5_Redna_1_15122022,https://365.rtvslo.si/embed/174921930?a=1&d=1,Državni zbor (5. Redna)
slovenia_5_Redna_0_16122022,https://365.rtvslo.si/embed/174922138?a=1&d=1,Državni zbor (5. Redna)
slovenia_5_Redna_1_16122022,https://365.rtvslo.si/embed/174922233?a=1&d=1,Državni zbor (5. Redna)
slovenia_5_Redna_2_16122022,https://365.rtvslo.si/embed/174922222?a=1&d=1,Državni zbor (5. Redna)
slovenia_29_Izredna_0_23122022,https://365.rtvslo.si/embed/174923904?a=1&d=1,Državni zbor (29. Izredna)
slovenia_23_Izredna_0_14112022,https://365.rtvslo.si/embed/174913638?a=1&d=1,Državni zbor (23. Izredna)
slovenia_23_Izredna_1_14112022,https://365.rtvslo.si/embed/174913640?a=1&d=1,Državni zbor (23. Izredna)
slovenia_23_Izredna_2_14112022,https://365.rtvslo.si/embed/174913705?a=1&d=1,Državni zbor (23. Izredna)
slovenia_23_Izredna_3_14112022,https://365.rtvslo.si/embed/174913770?a=1&d=1,Državni zbor (23. Izredna)
slovenia_23_Izredna_4_14112022,https://365.rtvslo.si/embed/174913768?a=1&d=1,Državni zbor (23. Izredna)
slovenia_24_Izredna_0_14112022,https://365.rtvslo.si/embed/174913777?a=1&d=1,Državni zbor (24. Izredna)
slovenia_4_Redna_0_21112022,https://365.rtvslo.si/embed/174915494?a=1&d=1,Državni zbor (4. Redna)
slovenia_4_Redna_1_21112022,https://365.rtvslo.si/embed/174915504?a=1&d=1,Državni zbor (4. Redna)
slovenia_4_Redna_0_22112022,https://365.rtvslo.si/embed/174915810?a=1&d=1,Državni zbor (4. Redna)
slovenia_4_Redna_1_22112022,https://365.rtvslo.si/embed/174915767?a=1&d=1,Državni zbor (4. Redna)
slovenia_4_Redna_2_22112022,https://365.rtvslo.si/embed/174915845?a=1&d=1,Državni zbor (4. Redna)
slovenia_4_Redna_0_23112022,https://365.rtvslo.si/embed/174916016?a=1&d=1,Državni zbor (4. Redna)
slovenia_4_Redna_1_23112022,https://365.rtvslo.si/embed/174916025?a=1&d=1,Državni zbor (4. Redna)
slovenia_4_Redna_0_24112022,https://365.rtvslo.si/embed/174916380?a=1&d=1,Državni zbor (4. Redna)
slovenia_4_Redna_1_24112022,https://365.rtvslo.si/embed/174916025?a=1&d=1,Državni zbor (4. Redna)
slovenia_4_Redna_2_24112022,https://365.rtvslo.si/embed/174916376?a=1&d=1,Državni zbor (4. Redna)
slovenia_26_Izredna_0_25112022,https://365.rtvslo.si/embed/174916644?a=1&d=1,Državni zbor (26. Izredna)
slovenia_26_Izredna_1_25112022,https://365.rtvslo.si/embed/173250743?a=1&d=1,Državni zbor (26. Izredna)
slovenia_2_Redna_0_04102022,https://365.rtvslo.si/embed/174903547?a=1&d=1,Državni zbor (2. Redna)
slovenia_19_Izredna_0_06102022,https://365.rtvslo.si/embed/174904052?a=1&d=1,Državni zbor (19. Izredna)
slovenia_19_Izredna_1_06102022,https://365.rtvslo.si/embed/174904079?a=1&d=1,Državni zbor (19. Izredna)
slovenia_19_Izredna_2_06102022,https://365.rtvslo.si/embed/174904080?a=1&d=1,Državni zbor (19. Izredna)
slovenia_20_Izredna_0_10102022,https://365.rtvslo.si/embed/174904941?a=1&d=1,Državni zbor (20. Izredna)
slovenia_21_Izredna_0_18102022,https://365.rtvslo.si/embed/174907044?a=1&d=1,Državni zbor (21. Izredna)
slovenia_21_Izredna_1_18102022,https://365.rtvslo.si/embed/174907037?a=1&d=1,Državni zbor (21. Izredna)
slovenia_3_Redna_0_24102022,https://365.rtvslo.si/embed/174908506?a=1&d=1,Državni zbor (3. Redna)
slovenia_3_Redna_1_24102022,https://365.rtvslo.si/embed/174908512?a=1&d=1,Državni zbor (3. Redna)
slovenia_3_Redna_0_25102022,https://365.rtvslo.si/embed/174908956?a=1&d=1,Državni zbor (3. Redna)
slovenia_3_Redna_0_26102022,https://365.rtvslo.si/embed/174909162?a=1&d=1,Državni zbor (3. Redna)
slovenia_3_Redna_0_27102022,https://365.rtvslo.si/embed/174909418?a=1&d=1,Državni zbor (3. Redna)
slovenia_3_Redna_1_27102022,https://365.rtvslo.si/embed/174909470?a=1&d=1,Državni zbor (3. Redna)
slovenia_3_Redna_2_27102022,https://365.rtvslo.si/embed/174909531?a=1&d=1,Državni zbor (3. Redna)
slovenia_22_Izredna_0_28102022,https://365.rtvslo.si/embed/174909809?a=1&d=1,Državni zbor (22. Izredna)
slovenia_16_Izredna_0_13092022,https://365.rtvslo.si/embed/174898847?a=1&d=1,Državni zbor (16. Izredna)
slovenia_16_Izredna_1_13092022,https://365.rtvslo.si/embed/174898852?a=1&d=1,Državni zbor (16. Izredna)
slovenia_17_Izredna_0_23092022,https://365.rtvslo.si/embed/174901210?a=1&d=1,Državni zbor (17. Izredna)
slovenia_17_Izredna_1_23092022,https://365.rtvslo.si/embed/%0A174901285?a=1&d=1,Državni zbor (17. Izredna)
slovenia_18_Izredna_0_23092022,https://365.rtvslo.si/embed/174901347?a=1&d=1,Državni zbor (18. Izredna)
slovenia_2_Redna_0_26092022,https://365.rtvslo.si/embed/174903477?a=1&d=1,Državni zbor (2. Redna)
slovenia_2_Redna_1_26092022,https://365.rtvslo.si/embed/%0A174903516?a=1&d=1,Državni zbor (2. Redna)
slovenia_2_Redna_2_26092022,https://365.rtvslo.si/embed/%0A174903547?a=1&d=1,Državni zbor (2. Redna)
slovenia_2_Redna_0_27092022,https://365.rtvslo.si/embed/174903477?a=1&d=1,Državni zbor (2. Redna)
slovenia_2_Redna_1_27092022,https://365.rtvslo.si/embed/174903516?a=1&d=1,Državni zbor (2. Redna)
slovenia_2_Redna_2_27092022,https://365.rtvslo.si/embed/174903547?a=1&d=1,Državni zbor (2. Redna)
slovenia_2_Redna_0_28092022,https://365.rtvslo.si/embed/174903477?a=1&d=1,Državni zbor (2. Redna)
slovenia_2_Redna_1_28092022,https://365.rtvslo.si/embed/174903516?a=1&d=1,Državni zbor (2. Redna)
slovenia_2_Redna_2_28092022,https://365.rtvslo.si/embed/174903547?a=1&d=1,Državni zbor (2. Redna)
slovenia_2_Redna_0_29092022,https://365.rtvslo.si/embed/174903477?a=1&d=1,Državni zbor (2. Redna)
slovenia_2_Redna_1_29092022,https://365.rtvslo.si/embed/174903516?a=1&d=1,Državni zbor (2. Redna)
slovenia_2_Redna_2_29092022,https://365.rtvslo.si/embed/174903547?a=1&d=1,Državni zbor (2. Redna)
slovenia_2_Redna_0_30092022,https://365.rtvslo.si/embed/174903477?a=1&d=1,Državni zbor (2. Redna)
slovenia_2_Redna_1_30092022,https://365.rtvslo.si/embed/174903516?a=1&d=1,Državni zbor (2. Redna)
slovenia_2_Redna_2_30092022,https://365.rtvslo.si/embed/174903547?a=1&d=1,Državni zbor (2. Redna)
slovenia_14_Izredna_0_23082022,https://365.rtvslo.si/embed/174894258?a=1&d=1,Državni zbor (14. Izredna)
slovenia_15_Izredna_0_31082022,https://365.rtvslo.si/embed/174895829?a=1&d=1,Državni zbor (15. Izredna)
slovenia_15_Izredna_1_31082022,https://365.rtvslo.si/embed/174895854?a=1&d=1,Državni zbor (15. Izredna)
slovenia_15_Izredna_2_31082022,https://365.rtvslo.si/embed/174895869?a=1&d=1,Državni zbor (15. Izredna)
slovenia_15_Izredna_3_31082022,https://365.rtvslo.si/embed/174895884?a=1&d=1,Državni zbor (15. Izredna)
slovenia_7_Izredna_0_01072022,https://365.rtvslo.si/embed/174884068?a=1&d=1,Državni zbor (7. Izredna)
slovenia_7_Izredna_1_01072022,https://365.rtvslo.si/embed/174884151?a=1&d=1,Državni zbor (7. Izredna)
slovenia_8_Izredna_0_01072022,https://365.rtvslo.si/embed/174884159?a=1&d=1,Državni zbor (8. Izredna)
slovenia___0_08072022,https://365.rtvslo.si/embed/tv.slo3?a=1&d=1,Državni zbor ()
slovenia_9_Izredna_0_11072022,https://365.rtvslo.si/embed/174886007?a=1&d=1,Državni zbor (9. Izredna)
slovenia_10_Izredna_0_14072022,https://365.rtvslo.si/embed/174886681?a=1&d=1,Državni zbor (10. Izredna)
slovenia_10_Izredna_1_14072022,https://365.rtvslo.si/embed/174886694?a=1&d=1,Državni zbor (10. Izredna)
slovenia_10_Izredna_2_14072022,https://365.rtvslo.si/embed/174886718?a=1&d=1,Državni zbor (10. Izredna)
slovenia_11_Izredna_0_14072022,https://365.rtvslo.si/embed/174886776?a=1&d=1,Državni zbor (11. Izredna)
slovenia_11_Izredna_1_14072022,https://365.rtvslo.si/embed/174886787?a=1&d=1,Državni zbor (11. Izredna)
slovenia_1_Nujna_0_15072022,https://365.rtvslo.si/embed/174886873?a=1&d=1,Državni zbor (1. Nujna)
slovenia_12_Izredna_0_21072022,https://365.rtvslo.si/embed/174888115?a=1&d=1,Državni zbor (12. Izredna)
slovenia_12_Izredna_1_21072022,https://365.rtvslo.si/embed/174888117?a=1&d=1,Državni zbor (12. Izredna)
slovenia_13_Izredna_0_21072022,https://365.rtvslo.si/embed/174888150?a=1&d=1,Državni zbor (13. Izredna)
slovenia_3_Izredna_0_01062022,https://365.rtvslo.si/embed/174877250?a=1&d=1,Državni zbor (3. Izredna)
slovenia_3_Izredna_1_01062022,https://365.rtvslo.si/embed/174877319?a=1&d=1,Državni zbor (3. Izredna)
slovenia_4_Izredna_0_09062022,https://365.rtvslo.si/embed/174879342?a=1&d=1,Državni zbor (4. Izredna)
slovenia_5_Izredna_0_21062022,https://365.rtvslo.si/embed/174881903?a=1&d=1,Državni zbor (5. Izredna)
slovenia_6_Izredna_0_22062022,https://365.rtvslo.si/embed/174882173?a=1&d=1,Državni zbor (6. Izredna)
slovenia_7_Izredna_0_27062022,https://365.rtvslo.si/embed/174883153?a=1&d=1,Državni zbor (7. Izredna)
slovenia_7_Izredna_1_27062022,https://365.rtvslo.si/embed/174883194?a=1&d=1,Državni zbor (7. Izredna)
slovenia_7_Izredna_2_27062022,https://365.rtvslo.si/embed/174883253?a=1&d=1,Državni zbor (7. Izredna)
slovenia_7_Izredna_3_27062022,https://365.rtvslo.si/embed/174883277?a=1&d=1,Državni zbor (7. Izredna)
slovenia_7_Izredna_0_28062022,https://365.rtvslo.si/embed/174883391?a=1&d=1,Državni zbor (7. Izredna)
slovenia_7_Izredna_1_28062022,https://365.rtvslo.si/embed/174883448?a=1&d=1,Državni zbor (7. Izredna)
slovenia_7_Izredna_2_28062022,https://365.rtvslo.si/embed/174883457?a=1&d=1,Državni zbor (7. Izredna)
slovenia_7_Izredna_0_29062022,https://365.rtvslo.si/embed/174883615?a=1&d=1,Državni zbor (7. Izredna)
slovenia_7_Izredna_0_30062022,https://365.rtvslo.si/embed/174883826?a=1&d=1,Državni zbor (7. Izredna)
slovenia_7_Izredna_1_30062022,https://365.rtvslo.si/embed/174883876?a=1&d=1,Državni zbor (7. Izredna)
slovenia_7_Izredna_2_30062022,https://365.rtvslo.si/embed/174883916?a=1&d=1,Državni zbor (7. Izredna)
slovenia_7_Izredna_3_30062022,https://365.rtvslo.si/embed/174883990?a=1&d=1,Državni zbor (7. Izredna)
slovenia_1_Redna_0_13052022,https://365.rtvslo.si/embed/174872192?a=1&d=1,Državni zbor (1. Redna)
slovenia_1_Redna_1_13052022,https://365.rtvslo.si/embed/174872365?a=1&d=1,Državni zbor (1. Redna)
slovenia_1_Izredna_0_18052022,https://365.rtvslo.si/embed/174873467?a=1&d=1,Državni zbor (1. Izredna)
slovenia_1_Izredna_1_18052022,https://365.rtvslo.si/embed/174873503?a=1&d=1,Državni zbor (1. Izredna)
slovenia_2_Izredna_0_25052022,https://365.rtvslo.si/embed/174875416?a=1&d=1,Državni zbor (2. Izredna)
slovenia_2_Izredna_1_25052022,https://365.rtvslo.si/embed/174875458?a=1&d=1,Državni zbor (2. Izredna)
slovenia_2_Izredna_2_25052022,https://365.rtvslo.si/embed/174875462?a=1&d=1,Državni zbor (2. Izredna)
slovenia_99_Izredna_0_06042022,https://365.rtvslo.si/embed/174862540?a=1&d=1,Državni zbor (99. Izredna)
slovenia_99_Izredna_1_06042022,https://365.rtvslo.si/embed/174862622?a=1&d=1,Državni zbor (99. Izredna)
slovenia_99_Izredna_2_06042022,https://365.rtvslo.si/embed/174862613?a=1&d=1,Državni zbor (99. Izredna)
slovenia_25_Redna_0_12042022,https://365.rtvslo.si/embed/174864182?a=1&d=1,Državni zbor (25. Redna)
slovenia_13_Nujna_0_12042022,https://365.rtvslo.si/embed/174864270?a=1&d=1,Državni zbor (13. Nujna)
slovenia_25_Redna_0_03032022,https://365.rtvslo.si/embed/174852985?a=1&d=1,Državni zbor (25. Redna)
slovenia_97_Izredna_0_09032022,https://365.rtvslo.si/embed/174854828?a=1&d=1,Državni zbor (97. Izredna)
slovenia_97_Izredna_1_09032022,https://365.rtvslo.si/embed/174854829?a=1&d=1,Državni zbor (97. Izredna)
slovenia_27_Redna_0_09032022,https://365.rtvslo.si/embed/174854831?a=1&d=1,Državni zbor (27. Redna)
slovenia_98_Izredna_0_11032022,https://365.rtvslo.si/embed/174855396?a=1&d=1,Državni zbor (98. Izredna)
slovenia_98_Izredna_1_11032022,https://365.rtvslo.si/embed/174855468?a=1&d=1,Državni zbor (98. Izredna)
slovenia_26_Redna_0_14032022,https://365.rtvslo.si/embed/174856034?a=1&d=1,Državni zbor (26. Redna)
slovenia_30_Redna_0_14032022,https://365.rtvslo.si/embed/174856179?a=1&d=1,Državni zbor (30. Redna)
slovenia_30_Redna_1_14032022,https://365.rtvslo.si/embed/174856244?a=1&d=1,Državni zbor (30. Redna)
slovenia_30_Redna_0_15032022,https://365.rtvslo.si/embed/174856451?a=1&d=1,Državni zbor (30. Redna)
slovenia_30_Redna_1_15032022,https://365.rtvslo.si/embed/174856484?a=1&d=1,Državni zbor (30. Redna)
slovenia_30_Redna_0_16032022,https://365.rtvslo.si/embed/174856760?a=1&d=1,Državni zbor (30. Redna)
slovenia_30_Redna_1_16032022,https://365.rtvslo.si/embed/174856827?a=1&d=1,Državni zbor (30. Redna)
slovenia_30_Redna_0_17032022,https://365.rtvslo.si/embed/174857039?a=1&d=1,Državni zbor (30. Redna)
slovenia_30_Redna_1_17032022,https://365.rtvslo.si/embed/174857139?a=1&d=1,Državni zbor (30. Redna)
slovenia_30_Redna_0_18032022,https://365.rtvslo.si/embed/174857403?a=1&d=1,Državni zbor (30. Redna)
slovenia_30_Redna_1_18032022,https://365.rtvslo.si/embed/174857498?a=1&d=1,Državni zbor (30. Redna)
slovenia_30_Redna_0_21032022,https://365.rtvslo.si/embed/174858213?a=1&d=1,Državni zbor (30. Redna)
slovenia_30_Redna_1_21032022,https://365.rtvslo.si/embed/174858272?a=1&d=1,Državni zbor (30. Redna)
slovenia_26_Redna_0_22032022,https://365.rtvslo.si/embed/174858513?a=1&d=1,Državni zbor (26. Redna)
slovenia_30_Redna_0_23032022,https://365.rtvslo.si/embed/174858798?a=1&d=1,Državni zbor (30. Redna)
slovenia_30_Redna_1_23032022,https://365.rtvslo.si/embed/174858850?a=1&d=1,Državni zbor (30. Redna)
slovenia_12_Nujna_0_30032022,https://365.rtvslo.si/embed/174860691?a=1&d=1,Državni zbor (12. Nujna)
slovenia_99_Izredna_0_31032022,https://365.rtvslo.si/embed/174860987?a=1&d=1,Državni zbor (99. Izredna)
slovenia_99_Izredna_1_31032022,https://365.rtvslo.si/embed/174861003?a=1&d=1,Državni zbor (99. Izredna)
slovenia_29_Redna_0_01022022,https://365.rtvslo.si/embed/174844507?a=1&d=1,Državni zbor (29. Redna)
slovenia_29_Redna_1_01022022,https://365.rtvslo.si/embed/174844547?a=1&d=1,Državni zbor (29. Redna)
slovenia_29_Redna_0_03022022,https://365.rtvslo.si/embed/174845038?a=1&d=1,Državni zbor (29. Redna)
slovenia_29_Redna_1_03022022,https://365.rtvslo.si/embed/174845112?a=1&d=1,Državni zbor (29. Redna)
slovenia_29_Redna_2_03022022,https://365.rtvslo.si/embed/174845191?a=1&d=1,Državni zbor (29. Redna)
slovenia_29_Redna_0_04022022,https://365.rtvslo.si/embed/174845375?a=1&d=1,Državni zbor (29. Redna)
slovenia_29_Redna_1_04022022,https://365.rtvslo.si/embed/174845491?a=1&d=1,Državni zbor (29. Redna)
slovenia_29_Redna_2_04022022,https://365.rtvslo.si/embed/174845541?a=1&d=1,Državni zbor (29. Redna)
slovenia_24_Redna_0_17022022,https://365.rtvslo.si/embed/174849136?a=1&d=1,Državni zbor (24. Redna)
slovenia_95_Izredna_0_21022022,https://365.rtvslo.si/embed/174850220?a=1&d=1,Državni zbor (95. Izredna)
slovenia_95_Izredna_1_21022022,https://365.rtvslo.si/embed/174850294?a=1&d=1,Državni zbor (95. Izredna)
slovenia_95_Izredna_2_21022022,https://365.rtvslo.si/embed/174850364?a=1&d=1,Državni zbor (95. Izredna)
slovenia_95_Izredna_3_21022022,https://365.rtvslo.si/embed/174850399?a=1&d=1,Državni zbor (95. Izredna)
slovenia_95_Izredna_0_22022022,https://365.rtvslo.si/embed/174850514?a=1&d=1,Državni zbor (95. Izredna)
slovenia_95_Izredna_1_22022022,https://365.rtvslo.si/embed/174850570?a=1&d=1,Državni zbor (95. Izredna)
slovenia_96_Izredna_0_28022022,https://365.rtvslo.si/embed/174852179?a=1&d=1,Državni zbor (96. Izredna)
slovenia_96_Izredna_1_28022022,https://365.rtvslo.si/embed/174852182?a=1&d=1,Državni zbor (96. Izredna)
slovenia_96_Izredna_0_06012022,https://365.rtvslo.si/embed/174852179?a=1&d=1,Državni zbor (96. Izredna)
slovenia_96_Izredna_1_06012022,https://365.rtvslo.si/embed/174852182?a=1&d=1,Državni zbor (96. Izredna)
slovenia_96_Izredna_0_10012022,https://365.rtvslo.si/embed/174852179?a=1&d=1,Državni zbor (96. Izredna)
slovenia_96_Izredna_1_10012022,https://365.rtvslo.si/embed/174852182?a=1&d=1,Državni zbor (96. Izredna)
slovenia_96_Izredna_0_11012022,https://365.rtvslo.si/embed/174852179?a=1&d=1,Državni zbor (96. Izredna)
slovenia_96_Izredna_1_11012022,https://365.rtvslo.si/embed/174852182?a=1&d=1,Državni zbor (96. Izredna)
slovenia_96_Izredna_0_12012022,https://365.rtvslo.si/embed/174852179?a=1&d=1,Državni zbor (96. Izredna)
slovenia_96_Izredna_1_12012022,https://365.rtvslo.si/embed/174852182?a=1&d=1,Državni zbor (96. Izredna)
slovenia_96_Izredna_0_13012022,https://365.rtvslo.si/embed/174852179?a=1&d=1,Državni zbor (96. Izredna)
slovenia_96_Izredna_1_13012022,https://365.rtvslo.si/embed/174852182?a=1&d=1,Državni zbor (96. Izredna)
slovenia_96_Izredna_0_14012022,https://365.rtvslo.si/embed/174852179?a=1&d=1,Državni zbor (96. Izredna)
slovenia_96_Izredna_1_14012022,https://365.rtvslo.si/embed/174852182?a=1&d=1,Državni zbor (96. Izredna)
slovenia_96_Izredna_0_17012022,https://365.rtvslo.si/embed/174852179?a=1&d=1,Državni zbor (96. Izredna)
slovenia_96_Izredna_1_17012022,https://365.rtvslo.si/embed/174852182?a=1&d=1,Državni zbor (96. Izredna)
slovenia_96_Izredna_0_18012022,https://365.rtvslo.si/embed/174852179?a=1&d=1,Državni zbor (96. Izredna)
slovenia_96_Izredna_1_18012022,https://365.rtvslo.si/embed/174852182?a=1&d=1,Državni zbor (96. Izredna)
slovenia_96_Izredna_0_19012022,https://365.rtvslo.si/embed/174852179?a=1&d=1,Državni zbor (96. Izredna)
slovenia_96_Izredna_1_19012022,https://365.rtvslo.si/embed/174852182?a=1&d=1,Državni zbor (96. Izredna)
slovenia_96_Izredna_0_20012022,https://365.rtvslo.si/embed/174852179?a=1&d=1,Državni zbor (96. Izredna)
slovenia_96_Izredna_1_20012022,https://365.rtvslo.si/embed/174852182?a=1&d=1,Državni zbor (96. Izredna)
slovenia_96_Izredna_0_21012022,https://365.rtvslo.si/embed/174852179?a=1&d=1,Državni zbor (96. Izredna)
slovenia_96_Izredna_1_21012022,https://365.rtvslo.si/embed/174852182?a=1&d=1,Državni zbor (96. Izredna)
slovenia_96_Izredna_0_24012022,https://365.rtvslo.si/embed/174852179?a=1&d=1,Državni zbor (96. Izredna)
slovenia_96_Izredna_1_24012022,https://365.rtvslo.si/embed/174852182?a=1&d=1,Državni zbor (96. Izredna)
slovenia_96_Izredna_0_25012022,https://365.rtvslo.si/embed/174852179?a=1&d=1,Državni zbor (96. Izredna)
slovenia_96_Izredna_1_25012022,https://365.rtvslo.si/embed/174852182?a=1&d=1,Državni zbor (96. Izredna)
slovenia_96_Izredna_0_26012022,https://365.rtvslo.si/embed/174852179?a=1&d=1,Državni zbor (96. Izredna)
slovenia_96_Izredna_1_26012022,https://365.rtvslo.si/embed/174852182?a=1&d=1,Državni zbor (96. Izredna)
slovenia_96_Izredna_0_27012022,https://365.rtvslo.si/embed/174852179?a=1&d=1,Državni zbor (96. Izredna)
slovenia_96_Izredna_1_27012022,https://365.rtvslo.si/embed/174852182?a=1&d=1,Državni zbor (96. Izredna)
slovenia_96_Izredna_0_28012022,https://365.rtvslo.si/embed/174852179?a=1&d=1,Državni zbor (96. Izredna)
slovenia_96_Izredna_1_28012022,https://365.rtvslo.si/embed/174852182?a=1&d=1,Državni zbor (96. Izredna)
slovenia_96_Izredna_0_31012022,https://365.rtvslo.si/embed/174852179?a=1&d=1,Državni zbor (96. Izredna)
slovenia_96_Izredna_1_31012022,https://365.rtvslo.si/embed/174852182?a=1&d=1,Državni zbor (96. Izredna)
slovenia_22_Redna_0_07122021,https://365.rtvslo.si/embed/174829163?a=1&d=1,Državni zbor (22. Redna)
slovenia_88_Izredna_0_08122021,https://365.rtvslo.si/embed/174829364?a=1&d=1,Državni zbor (88. Izredna)
slovenia_88_Izredna_1_08122021,https://365.rtvslo.si/embed/174829367?a=1&d=1,Državni zbor (88. Izredna)
slovenia_88_Izredna_0_09122021,https://365.rtvslo.si/embed/174829620?a=1&d=1,Državni zbor (88. Izredna)
slovenia_88_Izredna_1_09122021,https://365.rtvslo.si/embed/174829715?a=1&d=1,Državni zbor (88. Izredna)
slovenia_88_Izredna_2_09122021,https://365.rtvslo.si/embed/174829765?a=1&d=1,Državni zbor (88. Izredna)
slovenia_28_Redna_0_13122021,https://365.rtvslo.si/embed/174830736?a=1&d=1,Državni zbor (28. Redna)
slovenia_28_Redna_1_13122021,https://365.rtvslo.si/embed/174830787?a=1&d=1,Državni zbor (28. Redna)
slovenia_28_Redna_0_14122021,https://365.rtvslo.si/embed/174831068?a=1&d=1,Državni zbor (28. Redna)
slovenia_28_Redna_1_14122021,https://365.rtvslo.si/embed/174831132?a=1&d=1,Državni zbor (28. Redna)
slovenia_28_Redna_2_14122021,https://365.rtvslo.si/embed/174831183?a=1&d=1,Državni zbor (28. Redna)
slovenia_28_Redna_0_15122021,https://365.rtvslo.si/embed/174831335?a=1&d=1,Državni zbor (28. Redna)
slovenia_28_Redna_1_15122021,https://365.rtvslo.si/embed/174831431?a=1&d=1,Državni zbor (28. Redna)
slovenia_89_Izredna_0_15122021,https://365.rtvslo.si/embed/174831456?a=1&d=1,Državni zbor (89. Izredna)
slovenia_28_Redna_0_16122021,https://365.rtvslo.si/embed/174831673?a=1&d=1,Državni zbor (28. Redna)
slovenia_28_Redna_1_16122021,https://365.rtvslo.si/embed/174831739?a=1&d=1,Državni zbor (28. Redna)
slovenia_28_Redna_2_16122021,https://365.rtvslo.si/embed/174831841?a=1&d=1,Državni zbor (28. Redna)
slovenia_28_Redna_0_17122021,https://365.rtvslo.si/embed/174832237?a=1&d=1,Državni zbor (28. Redna)
slovenia_28_Redna_1_17122021,https://365.rtvslo.si/embed/174832238?a=1&d=1,Državni zbor (28. Redna)
slovenia_28_Redna_2_17122021,https://365.rtvslo.si/embed/174832252?a=1&d=1,Državni zbor (28. Redna)
slovenia_28_Redna_3_17122021,https://365.rtvslo.si/embed/174832274?a=1&d=1,Državni zbor (28. Redna)
slovenia_28_Redna_0_20122021,https://365.rtvslo.si/embed/174832810?a=1&d=1,Državni zbor (28. Redna)
slovenia_28_Redna_1_20122021,https://365.rtvslo.si/embed/174832866?a=1&d=1,Državni zbor (28. Redna)
slovenia_28_Redna_2_20122021,https://365.rtvslo.si/embed/174832961?a=1&d=1,Državni zbor (28. Redna)
slovenia_28_Redna_3_20122021,https://365.rtvslo.si/embed/174832996?a=1&d=1,Državni zbor (28. Redna)
slovenia_28_Redna_4_20122021,https://365.rtvslo.si/embed/174833025?a=1&d=1,Državni zbor (28. Redna)
slovenia_90_Izredna_0_22122021,https://365.rtvslo.si/embed/174833493?a=1&d=1,Državni zbor (90. Izredna)
slovenia_90_Izredna_1_22122021,https://365.rtvslo.si/embed/174833568?a=1&d=1,Državni zbor (90. Izredna)
slovenia_10_Nujna_0_23122021,https://365.rtvslo.si/embed/174833811?a=1&d=1,Državni zbor (10. Nujna)
slovenia_91_Izredna_0_27122021,https://365.rtvslo.si/embed/174834719?a=1&d=1,Državni zbor (91. Izredna)
slovenia_91_Izredna_1_27122021,https://365.rtvslo.si/embed/174834783?a=1&d=1,Državni zbor (91. Izredna)
slovenia_91_Izredna_2_27122021,https://365.rtvslo.si/embed/174834841?a=1&d=1,Državni zbor (91. Izredna)
slovenia_92_Izredna_0_29122021,https://365.rtvslo.si/embed/174835318?a=1&d=1,Državni zbor (92. Izredna)
slovenia_20_Redna_0_09112021,https://365.rtvslo.si/embed/174820886?a=1&d=1,Državni zbor (20. Redna)
slovenia_20_Redna_1_09112021,https://365.rtvslo.si/embed/174820895?a=1&d=1,Državni zbor (20. Redna)
slovenia_86_Izredna_0_10112021,https://365.rtvslo.si/embed/174821145?a=1&d=1,Državni zbor (86. Izredna)
slovenia_86_Izredna_1_10112021,https://365.rtvslo.si/embed/174821143?a=1&d=1,Državni zbor (86. Izredna)
slovenia_85_Izredna_0_10112021,https://365.rtvslo.si/embed/174821143?a=1&d=1,Državni zbor (85. Izredna)
slovenia_27_Redna_0_15112021,https://365.rtvslo.si/embed/174822572?a=1&d=1,Državni zbor (27. Redna)
slovenia_27_Redna_1_15112021,https://365.rtvslo.si/embed/174822612?a=1&d=1,Državni zbor (27. Redna)
slovenia_27_Redna_0_16112021,https://365.rtvslo.si/embed/174822805?a=1&d=1,Državni zbor (27. Redna)
slovenia_27_Redna_1_16112021,https://365.rtvslo.si/embed/174822949?a=1&d=1,Državni zbor (27. Redna)
slovenia_27_Redna_2_16112021,https://365.rtvslo.si/embed/174823008?a=1&d=1,Državni zbor (27. Redna)
slovenia_27_Redna_3_16112021,https://365.rtvslo.si/embed/174823035?a=1&d=1,Državni zbor (27. Redna)
slovenia_27_Redna_0_17112021,https://365.rtvslo.si/embed/174823162?a=1&d=1,Državni zbor (27. Redna)
slovenia_27_Redna_1_17112021,https://365.rtvslo.si/embed/174823230?a=1&d=1,Državni zbor (27. Redna)
slovenia_27_Redna_2_17112021,https://365.rtvslo.si/embed/174823302?a=1&d=1,Državni zbor (27. Redna)
slovenia_27_Redna_3_17112021,https://365.rtvslo.si/embed/174823366?a=1&d=1,Državni zbor (27. Redna)
slovenia_27_Redna_0_18112021,https://365.rtvslo.si/embed/174823516?a=1&d=1,Državni zbor (27. Redna)
slovenia_27_Redna_1_18112021,https://365.rtvslo.si/embed/174823584?a=1&d=1,Državni zbor (27. Redna)
slovenia_27_Redna_2_18112021,https://365.rtvslo.si/embed/174823665?a=1&d=1,Državni zbor (27. Redna)
slovenia_27_Redna_0_19112021,https://365.rtvslo.si/embed/174823870?a=1&d=1,Državni zbor (27. Redna)
slovenia_27_Redna_1_19112021,https://365.rtvslo.si/embed/174823975?a=1&d=1,Državni zbor (27. Redna)
slovenia_27_Redna_2_19112021,https://365.rtvslo.si/embed/174824039?a=1&d=1,Državni zbor (27. Redna)
slovenia_27_Redna_3_19112021,https://365.rtvslo.si/embed/174824071?a=1&d=1,Državni zbor (27. Redna)
slovenia_27_Redna_4_19112021,https://365.rtvslo.si/embed/174824098?a=1&d=1,Državni zbor (27. Redna)
slovenia_27_Redna_0_22112021,https://365.rtvslo.si/embed/174824517?a=1&d=1,Državni zbor (27. Redna)
slovenia_27_Redna_1_22112021,https://365.rtvslo.si/embed/174824581?a=1&d=1,Državni zbor (27. Redna)
slovenia_27_Redna_2_22112021,https://365.rtvslo.si/embed/174824692?a=1&d=1,Državni zbor (27. Redna)
slovenia_27_Redna_3_22112021,https://365.rtvslo.si/embed/174824699?a=1&d=1,Državni zbor (27. Redna)
slovenia_27_Redna_0_23112021,https://365.rtvslo.si/embed/174824838?a=1&d=1,Državni zbor (27. Redna)
slovenia_27_Redna_1_23112021,https://365.rtvslo.si/embed/174824903?a=1&d=1,Državni zbor (27. Redna)
slovenia_27_Redna_2_23112021,https://365.rtvslo.si/embed/174824962?a=1&d=1,Državni zbor (27. Redna)
slovenia_87_Izredna_0_24112021,https://365.rtvslo.si/embed/174825201?a=1&d=1,Državni zbor (87. Izredna)
slovenia_87_Izredna_1_24112021,https://365.rtvslo.si/embed/174825281?a=1&d=1,Državni zbor (87. Izredna)
slovenia_87_Izredna_2_24112021,https://365.rtvslo.si/embed/174825329?a=1&d=1,Državni zbor (87. Izredna)
slovenia_87_Izredna_3_24112021,https://365.rtvslo.si/embed/174825338?a=1&d=1,Državni zbor (87. Izredna)
slovenia_27_Redna_0_25112021,https://365.rtvslo.si/embed/174825501?a=1&d=1,Državni zbor (27. Redna)
slovenia_27_Redna_1_25112021,https://365.rtvslo.si/embed/174825552?a=1&d=1,Državni zbor (27. Redna)
slovenia_83_Izredna_0_07102021,https://365.rtvslo.si/embed/174811656?a=1&d=1,Državni zbor (83. Izredna)
slovenia_84_Izredna_0_08102021,https://365.rtvslo.si/embed/174812180?a=1&d=1,Državni zbor (84. Izredna)
slovenia_84_Izredna_1_08102021,https://365.rtvslo.si/embed/174812178?a=1&d=1,Državni zbor (84. Izredna)
slovenia_84_Izredna_2_08102021,https://365.rtvslo.si/embed/174812189?a=1&d=1,Državni zbor (84. Izredna)
slovenia_26_Redna_0_18102021,https://365.rtvslo.si/embed/174814776?a=1&d=1,Državni zbor (26. Redna)
slovenia_26_Redna_1_18102021,https://365.rtvslo.si/embed/174814880?a=1&d=1,Državni zbor (26. Redna)
slovenia_26_Redna_0_19102021,https://365.rtvslo.si/embed/174815003?a=1&d=1,Državni zbor (26. Redna)
slovenia_26_Redna_1_19102021,https://365.rtvslo.si/embed/174815082?a=1&d=1,Državni zbor (26. Redna)
slovenia_26_Redna_0_20102021,https://365.rtvslo.si/embed/174815319?a=1&d=1,Državni zbor (26. Redna)
slovenia_26_Redna_1_20102021,https://365.rtvslo.si/embed/174815370?a=1&d=1,Državni zbor (26. Redna)
slovenia_26_Redna_2_20102021,https://365.rtvslo.si/embed/174815432?a=1&d=1,Državni zbor (26. Redna)
slovenia_26_Redna_3_20102021,https://365.rtvslo.si/embed/174815487?a=1&d=1,Državni zbor (26. Redna)
slovenia_26_Redna_0_21102021,https://365.rtvslo.si/embed/174815643?a=1&d=1,Državni zbor (26. Redna)
slovenia_26_Redna_1_21102021,https://365.rtvslo.si/embed/174815701?a=1&d=1,Državni zbor (26. Redna)
slovenia_26_Redna_2_21102021,https://365.rtvslo.si/embed/174815762?a=1&d=1,Državni zbor (26. Redna)
slovenia_26_Redna_0_22102021,https://365.rtvslo.si/embed/174815964?a=1&d=1,Državni zbor (26. Redna)
slovenia_26_Redna_1_22102021,https://365.rtvslo.si/embed/174815961?a=1&d=1,Državni zbor (26. Redna)
slovenia_26_Redna_0_25102021,https://365.rtvslo.si/embed/174816697?a=1&d=1,Državni zbor (26. Redna)
slovenia_26_Redna_1_25102021,https://365.rtvslo.si/embed/174816760?a=1&d=1,Državni zbor (26. Redna)
slovenia_26_Redna_2_25102021,https://365.rtvslo.si/embed/174816839?a=1&d=1,Državni zbor (26. Redna)
slovenia_26_Redna_3_25102021,https://365.rtvslo.si/embed/174816847?a=1&d=1,Državni zbor (26. Redna)
slovenia_26_Redna_0_26102021,https://365.rtvslo.si/embed/174817006?a=1&d=1,Državni zbor (26. Redna)
slovenia_85_Izredna_0_26102021,https://365.rtvslo.si/embed/174817093?a=1&d=1,Državni zbor (85. Izredna)
slovenia_85_Izredna_1_26102021,https://365.rtvslo.si/embed/174817154?a=1&d=1,Državni zbor (85. Izredna)
slovenia_85_Izredna_2_26102021,https://365.rtvslo.si/embed/174817147?a=1&d=1,Državni zbor (85. Izredna)
slovenia_81_Izredna_0_14092021,https://365.rtvslo.si/embed/174805387?a=1&d=1,Državni zbor (81. Izredna)
slovenia_81_Izredna_1_14092021,https://365.rtvslo.si/embed/174805418?a=1&d=1,Državni zbor (81. Izredna)
slovenia_19_Redna_0_15092021,https://365.rtvslo.si/embed/174805615?a=1&d=1,Državni zbor (19. Redna)
slovenia_19_Redna_1_15092021,https://365.rtvslo.si/embed/174805623?a=1&d=1,Državni zbor (19. Redna)
slovenia_25_Redna_0_20092021,https://365.rtvslo.si/embed/174806860?a=1&d=1,Državni zbor (25. Redna)
slovenia_25_Redna_1_20092021,https://365.rtvslo.si/embed/174806916?a=1&d=1,Državni zbor (25. Redna)
slovenia_25_Redna_2_20092021,https://365.rtvslo.si/embed/174806960?a=1&d=1,Državni zbor (25. Redna)
slovenia_25_Redna_0_21092021,https://365.rtvslo.si/embed/174807127?a=1&d=1,Državni zbor (25. Redna)
slovenia_25_Redna_1_21092021,https://365.rtvslo.si/embed/174807170?a=1&d=1,Državni zbor (25. Redna)
slovenia_25_Redna_2_21092021,https://365.rtvslo.si/embed/174807222?a=1&d=1,Državni zbor (25. Redna)
slovenia_25_Redna_0_22092021,https://365.rtvslo.si/embed/174807405?a=1&d=1,Državni zbor (25. Redna)
slovenia_25_Redna_1_22092021,https://365.rtvslo.si/embed/174807433?a=1&d=1,Državni zbor (25. Redna)
slovenia_25_Redna_0_23092021,https://365.rtvslo.si/embed/174807686?a=1&d=1,Državni zbor (25. Redna)
slovenia_25_Redna_1_23092021,https://365.rtvslo.si/embed/174807808?a=1&d=1,Državni zbor (25. Redna)
slovenia_25_Redna_0_24092021,https://365.rtvslo.si/embed/174808055?a=1&d=1,Državni zbor (25. Redna)
slovenia_25_Redna_1_24092021,https://365.rtvslo.si/embed/174808136?a=1&d=1,Državni zbor (25. Redna)
slovenia_25_Redna_2_24092021,https://365.rtvslo.si/embed/174808160?a=1&d=1,Državni zbor (25. Redna)
slovenia_82_Izredna_0_29092021,https://365.rtvslo.si/embed/174809346?a=1&d=1,Državni zbor (82. Izredna)
slovenia_24_Redna_0_05072021,https://365.rtvslo.si/embed/174788822?a=1&d=1,Državni zbor (24. Redna)
slovenia_24_Redna_1_05072021,https://365.rtvslo.si/embed/174788902?a=1&d=1,Državni zbor (24. Redna)
slovenia_24_Redna_0_06072021,https://365.rtvslo.si/embed/174789048?a=1&d=1,Državni zbor (24. Redna)
slovenia_24_Redna_1_06072021,https://365.rtvslo.si/embed/174789101?a=1&d=1,Državni zbor (24. Redna)
slovenia_24_Redna_2_06072021,https://365.rtvslo.si/embed/174789157?a=1&d=1,Državni zbor (24. Redna)
slovenia_24_Redna_0_07072021,https://365.rtvslo.si/embed/174789244?a=1&d=1,Državni zbor (24. Redna)
slovenia_24_Redna_1_07072021,https://365.rtvslo.si/embed/174789377?a=1&d=1,Državni zbor (24. Redna)
slovenia_24_Redna_0_08072021,https://365.rtvslo.si/embed/174789517?a=1&d=1,Državni zbor (24. Redna)
slovenia_24_Redna_1_08072021,https://365.rtvslo.si/embed/174789574?a=1&d=1,Državni zbor (24. Redna)
slovenia_24_Redna_2_08072021,https://365.rtvslo.si/embed/174789665?a=1&d=1,Državni zbor (24. Redna)
slovenia_24_Redna_3_08072021,https://365.rtvslo.si/embed/174789704?a=1&d=1,Državni zbor (24. Redna)
slovenia_24_Redna_4_08072021,https://365.rtvslo.si/embed/174789714?a=1&d=1,Državni zbor (24. Redna)
slovenia_24_Redna_0_09072021,https://365.rtvslo.si/embed/174789851?a=1&d=1,Državni zbor (24. Redna)
slovenia_24_Redna_1_09072021,https://365.rtvslo.si/embed/174789912?a=1&d=1,Državni zbor (24. Redna)
slovenia_24_Redna_0_12072021,https://365.rtvslo.si/embed/174790473?a=1&d=1,Državni zbor (24. Redna)
slovenia_24_Redna_1_12072021,https://365.rtvslo.si/embed/174790536?a=1&d=1,Državni zbor (24. Redna)
slovenia_24_Redna_2_12072021,https://365.rtvslo.si/embed/174790584?a=1&d=1,Državni zbor (24. Redna)
slovenia_24_Redna_3_12072021,https://365.rtvslo.si/embed/174790607?a=1&d=1,Državni zbor (24. Redna)
slovenia_24_Redna_0_13072021,https://365.rtvslo.si/embed/174790705?a=1&d=1,Državni zbor (24. Redna)
slovenia_24_Redna_1_13072021,https://365.rtvslo.si/embed/174790745?a=1&d=1,Državni zbor (24. Redna)
slovenia_24_Redna_2_13072021,https://365.rtvslo.si/embed/174790765?a=1&d=1,Državni zbor (24. Redna)
slovenia_78_Izredna_0_13072021,https://365.rtvslo.si/embed/174790824?a=1&d=1,Državni zbor (78. Izredna)
slovenia_24_Redna_0_14072021,https://365.rtvslo.si/embed/174790977?a=1&d=1,Državni zbor (24. Redna)
slovenia_24_Redna_1_14072021,https://365.rtvslo.si/embed/174791056?a=1&d=1,Državni zbor (24. Redna)
slovenia_24_Redna_2_14072021,https://365.rtvslo.si/embed/174791102?a=1&d=1,Državni zbor (24. Redna)
slovenia_24_Redna_0_15072021,https://365.rtvslo.si/embed/174791238?a=1&d=1,Državni zbor (24. Redna)
slovenia_24_Redna_1_15072021,https://365.rtvslo.si/embed/174791274?a=1&d=1,Državni zbor (24. Redna)
slovenia_24_Redna_2_15072021,https://365.rtvslo.si/embed/174791312?a=1&d=1,Državni zbor (24. Redna)
slovenia_24_Redna_3_15072021,https://365.rtvslo.si/embed/174791354?a=1&d=1,Državni zbor (24. Redna)
slovenia_79_Izredna_0_15072021,https://365.rtvslo.si/embed/174791364?a=1&d=1,Državni zbor (79. Izredna)
slovenia_80_Izredna_0_16072021,https://365.rtvslo.si/embed/174791539?a=1&d=1,Državni zbor (80. Izredna)
slovenia_80_Izredna_1_16072021,https://365.rtvslo.si/embed/174791566?a=1&d=1,Državni zbor (80. Izredna)
slovenia_75_Izredna_0_01062021,https://365.rtvslo.si/embed/174779962?a=1&d=1,Državni zbor (75. Izredna)
slovenia_75_Izredna_1_01062021,https://365.rtvslo.si/embed/174780003?a=1&d=1,Državni zbor (75. Izredna)
slovenia_75_Izredna_2_01062021,https://365.rtvslo.si/embed/174780054?a=1&d=1,Državni zbor (75. Izredna)
slovenia_76_Izredna_0_04062021,https://365.rtvslo.si/embed/174780831?a=1&d=1,Državni zbor (76. Izredna)
slovenia_76_Izredna_1_04062021,https://365.rtvslo.si/embed/174780833?a=1&d=1,Državni zbor (76. Izredna)
slovenia_18_Redna_0_07062021,https://365.rtvslo.si/embed/174781474?a=1&d=1,Državni zbor (18. Redna)
slovenia_77_Izredna_0_15062021,https://365.rtvslo.si/embed/174783802?a=1&d=1,Državni zbor (77. Izredna)
slovenia_77_Izredna_1_15062021,https://365.rtvslo.si/embed/174783838?a=1&d=1,Državni zbor (77. Izredna)
slovenia_77_Izredna_2_15062021,https://365.rtvslo.si/embed/174783868?a=1&d=1,Državni zbor (77. Izredna)
slovenia_73_Izredna_0_14052021,https://365.rtvslo.si/embed/174775639?a=1&d=1,Državni zbor (73. Izredna)
slovenia_73_Izredna_1_14052021,https://365.rtvslo.si/embed/174775685?a=1&d=1,Državni zbor (73. Izredna)
slovenia_23_Redna_0_17052021,https://365.rtvslo.si/embed/174776183?a=1&d=1,Državni zbor (23. Redna)
slovenia_74_Izredna_0_25052021,https://365.rtvslo.si/embed/174778366?a=1&d=1,Državni zbor (74. Izredna)
slovenia_74_Izredna_1_25052021,https://365.rtvslo.si/embed/174778388?a=1&d=1,Državni zbor (74. Izredna)
slovenia_75_Izredna_0_26052021,https://365.rtvslo.si/embed/174778561?a=1&d=1,Državni zbor (75. Izredna)
slovenia_75_Izredna_1_26052021,https://365.rtvslo.si/embed/174778618?a=1&d=1,Državni zbor (75. Izredna)
slovenia_75_Izredna_2_26052021,https://365.rtvslo.si/embed/174778687?a=1&d=1,Državni zbor (75. Izredna)
slovenia_75_Izredna_3_26052021,https://365.rtvslo.si/embed/174778694?a=1&d=1,Državni zbor (75. Izredna)
slovenia_75_Izredna_0_27052021,https://365.rtvslo.si/embed/174778826?a=1&d=1,Državni zbor (75. Izredna)
slovenia_75_Izredna_1_27052021,https://365.rtvslo.si/embed/174778856?a=1&d=1,Državni zbor (75. Izredna)
slovenia_75_Izredna_0_28052021,https://365.rtvslo.si/embed/174779114?a=1&d=1,Državni zbor (75. Izredna)
slovenia_75_Izredna_1_28052021,https://365.rtvslo.si/embed/174779182?a=1&d=1,Državni zbor (75. Izredna)
slovenia_75_Izredna_2_28052021,https://365.rtvslo.si/embed/174779186?a=1&d=1,Državni zbor (75. Izredna)
slovenia_69_Izredna_0_13042021,https://365.rtvslo.si/embed/174768236?a=1&d=1,Državni zbor (69. Izredna)
slovenia_69_Izredna_1_13042021,https://365.rtvslo.si/embed/174768309?a=1&d=1,Državni zbor (69. Izredna)
slovenia_69_Izredna_2_13042021,https://365.rtvslo.si/embed/174768313?a=1&d=1,Državni zbor (69. Izredna)
slovenia_70_Izredna_0_13042021,https://365.rtvslo.si/embed/174768343?a=1&d=1,Državni zbor (70. Izredna)
slovenia_71_Izredna_0_23042021,https://365.rtvslo.si/embed/174770780?a=1&d=1,Državni zbor (71. Izredna)
slovenia_71_Izredna_1_23042021,https://365.rtvslo.si/embed/174770837?a=1&d=1,Državni zbor (71. Izredna)
slovenia_71_Izredna_2_23042021,https://365.rtvslo.si/embed/174770904?a=1&d=1,Državni zbor (71. Izredna)
slovenia_67_Izredna_0_22032021,https://365.rtvslo.si/embed/174762796?a=1&d=1,Državni zbor (67. Izredna)
slovenia_67_Izredna_1_22032021,https://365.rtvslo.si/embed/174762838?a=1&d=1,Državni zbor (67. Izredna)
slovenia_67_Izredna_2_22032021,https://365.rtvslo.si/embed/174762899?a=1&d=1,Državni zbor (67. Izredna)
slovenia_67_Izredna_0_23032021,https://365.rtvslo.si/embed/174763043?a=1&d=1,Državni zbor (67. Izredna)
slovenia_67_Izredna_1_23032021,https://365.rtvslo.si/embed/174763079?a=1&d=1,Državni zbor (67. Izredna)
slovenia_67_Izredna_2_23032021,https://365.rtvslo.si/embed/174763161?a=1&d=1,Državni zbor (67. Izredna)
slovenia_67_Izredna_0_24032021,https://365.rtvslo.si/embed/174763317?a=1&d=1,Državni zbor (67. Izredna)
slovenia_67_Izredna_1_24032021,https://365.rtvslo.si/embed/174763382?a=1&d=1,Državni zbor (67. Izredna)
slovenia_67_Izredna_2_24032021,https://365.rtvslo.si/embed/174763437?a=1&d=1,Državni zbor (67. Izredna)
slovenia_67_Izredna_3_24032021,https://365.rtvslo.si/embed/174763486?a=1&d=1,Državni zbor (67. Izredna)
slovenia_67_Izredna_0_25032021,https://365.rtvslo.si/embed/174763591?a=1&d=1,Državni zbor (67. Izredna)
slovenia_67_Izredna_1_25032021,https://365.rtvslo.si/embed/174763645?a=1&d=1,Državni zbor (67. Izredna)
slovenia_67_Izredna_2_25032021,https://365.rtvslo.si/embed/174763703?a=1&d=1,Državni zbor (67. Izredna)
slovenia_67_Izredna_3_25032021,https://365.rtvslo.si/embed/174763756?a=1&d=1,Državni zbor (67. Izredna)
slovenia_67_Izredna_4_25032021,https://365.rtvslo.si/embed/174763757?a=1&d=1,Državni zbor (67. Izredna)
slovenia_67_Izredna_0_26032021,https://365.rtvslo.si/embed/174763924?a=1&d=1,Državni zbor (67. Izredna)
slovenia_67_Izredna_1_26032021,https://365.rtvslo.si/embed/174763965?a=1&d=1,Državni zbor (67. Izredna)
slovenia_67_Izredna_2_26032021,https://365.rtvslo.si/embed/174764040?a=1&d=1,Državni zbor (67. Izredna)
slovenia_67_Izredna_0_29032021,https://365.rtvslo.si/embed/174764486?a=1&d=1,Državni zbor (67. Izredna)
slovenia_67_Izredna_1_29032021,https://365.rtvslo.si/embed/174764541?a=1&d=1,Državni zbor (67. Izredna)
slovenia_67_Izredna_2_29032021,https://365.rtvslo.si/embed/174764565?a=1&d=1,Državni zbor (67. Izredna)
slovenia_67_Izredna_0_30032021,https://365.rtvslo.si/embed/174764770?a=1&d=1,Državni zbor (67. Izredna)
slovenia_67_Izredna_1_30032021,https://365.rtvslo.si/embed/174764837?a=1&d=1,Državni zbor (67. Izredna)
slovenia_68_Izredna_0_30032021,https://365.rtvslo.si/embed/174764893?a=1&d=1,Državni zbor (68. Izredna)
slovenia_10_Redna_0_10122020,https://365.rtvslo.si/embed/https://parlamentarni.rtvslo.si/?a=1&d=1,Državni zbor (10. Redna)
slovenia_53_Izredna_0_14122020,https://365.rtvslo.si/embed/https://parlamentarni.rtvslo.si/?a=1&d=1,Državni zbor (53. Izredna)
slovenia_53_Izredna_0_15122020,https://365.rtvslo.si/embed/https://parlamentarni.rtvslo.si/?a=1&d=1,Državni zbor (53. Izredna)
slovenia_53_Izredna_0_16122020,https://365.rtvslo.si/embed/https://parlamentarni.rtvslo.si/?a=1&d=1,Državni zbor (53. Izredna)
slovenia_53_Izredna_0_17122020,https://365.rtvslo.si/embed/https://parlamentarni.rtvslo.si/?a=1&d=1,Državni zbor (53. Izredna)
slovenia_14_Redna_0_14122015,https://365.rtvslo.si/embed/https://parlamentarni.rtvslo.si/?a=1&d=1,Državni zbor (14. Redna)
slovenia_14_Redna_0_15122015,https://365.rtvslo.si/embed/https://parlamentarni.rtvslo.si/?a=1&d=1,Državni zbor (14. Redna)
slovenia_14_Redna_0_16122015,https://365.rtvslo.si/embed/https://parlamentarni.rtvslo.si/?a=1&d=1,Državni zbor (14. Redna)
slovenia_14_Redna_0_17122015,https://365.rtvslo.si/embed/https://parlamentarni.rtvslo.si/?a=1&d=1,Državni zbor (14. Redna)
slovenia_14_Redna_0_18122015,https://365.rtvslo.si/embed/https://parlamentarni.rtvslo.si/?a=1&d=1,Državni zbor (14. Redna)
